{
    "success": true,
    "message": "Optimization terminated successfully.",
    "final_loss": 9.24464858603153,
    "iterations": 407,
    "initial_dt_grandchildren": [
        0.009749080237694727,
        0.010901428612819834,
        0.010463987883622811,
        0.010197316968394075,
        0.009312037280884875,
        0.009311989040672408,
        0.009116167224336402,
        0.010732352291549872
    ],
    "final_dt_grandchildren": [
        0.0010042643896142796,
        0.058669437254780264,
        0.10505344978421297,
        0.001,
        0.001,
        0.001,
        0.15113000075111047,
        0.0013464440840680269
    ],
    "history": [
        {
            "iteration": 0,
            "loss": 13.514706029820161
        },
        {
            "iteration": 1,
            "loss": 13.514706029820161
        },
        {
            "iteration": 2,
            "loss": 13.514706029820161
        },
        {
            "iteration": 3,
            "loss": 13.514706029820161
        },
        {
            "iteration": 4,
            "loss": 13.514706029820161
        },
        {
            "iteration": 5,
            "loss": 13.487461894187618
        },
        {
            "iteration": 6,
            "loss": 13.487461894187618
        },
        {
            "iteration": 7,
            "loss": 13.437074205902377
        },
        {
            "iteration": 8,
            "loss": 13.437074205902377
        },
        {
            "iteration": 9,
            "loss": 13.437074205902377
        },
        {
            "iteration": 10,
            "loss": 13.437074205902377
        },
        {
            "iteration": 11,
            "loss": 13.382306733945768
        },
        {
            "iteration": 12,
            "loss": 13.382306733945768
        },
        {
            "iteration": 13,
            "loss": 13.305012630663555
        },
        {
            "iteration": 14,
            "loss": 13.305012630663555
        },
        {
            "iteration": 15,
            "loss": 13.305012630663555
        },
        {
            "iteration": 16,
            "loss": 13.305012630663555
        },
        {
            "iteration": 17,
            "loss": 13.214425568579884
        },
        {
            "iteration": 18,
            "loss": 13.214425568579884
        },
        {
            "iteration": 19,
            "loss": 13.079689404067437
        },
        {
            "iteration": 20,
            "loss": 13.079689404067437
        },
        {
            "iteration": 21,
            "loss": 13.079689404067437
        },
        {
            "iteration": 22,
            "loss": 13.079689404067437
        },
        {
            "iteration": 23,
            "loss": 12.930279378431294
        },
        {
            "iteration": 24,
            "loss": 12.930279378431294
        },
        {
            "iteration": 25,
            "loss": 12.930279378431294
        },
        {
            "iteration": 26,
            "loss": 12.822820478945232
        },
        {
            "iteration": 27,
            "loss": 12.822820478945232
        },
        {
            "iteration": 28,
            "loss": 12.822820478945232
        },
        {
            "iteration": 29,
            "loss": 12.822820478945232
        },
        {
            "iteration": 30,
            "loss": 12.694492598142062
        },
        {
            "iteration": 31,
            "loss": 12.694492598142062
        },
        {
            "iteration": 32,
            "loss": 12.694492598142062
        },
        {
            "iteration": 33,
            "loss": 12.536090095974942
        },
        {
            "iteration": 34,
            "loss": 12.536090095974942
        },
        {
            "iteration": 35,
            "loss": 12.536090095974942
        },
        {
            "iteration": 36,
            "loss": 12.357562554457303
        },
        {
            "iteration": 37,
            "loss": 12.357562554457303
        },
        {
            "iteration": 38,
            "loss": 11.998063722341072
        },
        {
            "iteration": 39,
            "loss": 11.998063722341072
        },
        {
            "iteration": 40,
            "loss": 11.998063722341072
        },
        {
            "iteration": 41,
            "loss": 11.646677640905494
        },
        {
            "iteration": 42,
            "loss": 11.646677640905494
        },
        {
            "iteration": 43,
            "loss": 11.646677640905494
        },
        {
            "iteration": 44,
            "loss": 11.184643918487296
        },
        {
            "iteration": 45,
            "loss": 11.184643918487296
        },
        {
            "iteration": 46,
            "loss": 11.184643918487296
        },
        {
            "iteration": 47,
            "loss": 10.739844650113952
        },
        {
            "iteration": 48,
            "loss": 10.739844650113952
        },
        {
            "iteration": 49,
            "loss": 10.739844650113952
        },
        {
            "iteration": 50,
            "loss": 10.481981244568402
        },
        {
            "iteration": 51,
            "loss": 10.481981244568402
        },
        {
            "iteration": 52,
            "loss": 10.419262024665656
        },
        {
            "iteration": 53,
            "loss": 10.419262024665656
        },
        {
            "iteration": 54,
            "loss": 10.419262024665656
        },
        {
            "iteration": 55,
            "loss": 10.419262024665656
        },
        {
            "iteration": 56,
            "loss": 10.419262024665656
        },
        {
            "iteration": 57,
            "loss": 10.419262024665656
        },
        {
            "iteration": 58,
            "loss": 10.419262024665656
        },
        {
            "iteration": 59,
            "loss": 10.419262024665656
        },
        {
            "iteration": 60,
            "loss": 10.419262024665656
        },
        {
            "iteration": 61,
            "loss": 10.419262024665656
        },
        {
            "iteration": 62,
            "loss": 10.419262024665656
        },
        {
            "iteration": 63,
            "loss": 10.419262024665656
        },
        {
            "iteration": 64,
            "loss": 10.415258779319913
        },
        {
            "iteration": 65,
            "loss": 10.415258779319913
        },
        {
            "iteration": 66,
            "loss": 10.415258779319913
        },
        {
            "iteration": 67,
            "loss": 10.415258779319913
        },
        {
            "iteration": 68,
            "loss": 10.414450827353775
        },
        {
            "iteration": 69,
            "loss": 10.414450827353775
        },
        {
            "iteration": 70,
            "loss": 10.410329622588137
        },
        {
            "iteration": 71,
            "loss": 10.365107296001582
        },
        {
            "iteration": 72,
            "loss": 10.365107296001582
        },
        {
            "iteration": 73,
            "loss": 10.365107296001582
        },
        {
            "iteration": 74,
            "loss": 10.365107296001582
        },
        {
            "iteration": 75,
            "loss": 10.365107296001582
        },
        {
            "iteration": 76,
            "loss": 10.365107296001582
        },
        {
            "iteration": 77,
            "loss": 10.365107296001582
        },
        {
            "iteration": 78,
            "loss": 10.365107296001582
        },
        {
            "iteration": 79,
            "loss": 10.365107296001582
        },
        {
            "iteration": 80,
            "loss": 10.347773698844222
        },
        {
            "iteration": 81,
            "loss": 10.347773698844222
        },
        {
            "iteration": 82,
            "loss": 10.316631775858951
        },
        {
            "iteration": 83,
            "loss": 10.316631775858951
        },
        {
            "iteration": 84,
            "loss": 10.316631775858951
        },
        {
            "iteration": 85,
            "loss": 10.316631775858951
        },
        {
            "iteration": 86,
            "loss": 10.286137644990731
        },
        {
            "iteration": 87,
            "loss": 10.286137644990731
        },
        {
            "iteration": 88,
            "loss": 10.240863236644813
        },
        {
            "iteration": 89,
            "loss": 10.240863236644813
        },
        {
            "iteration": 90,
            "loss": 10.240863236644813
        },
        {
            "iteration": 91,
            "loss": 10.183977885409291
        },
        {
            "iteration": 92,
            "loss": 10.183977885409291
        },
        {
            "iteration": 93,
            "loss": 10.183977885409291
        },
        {
            "iteration": 94,
            "loss": 10.111454089152772
        },
        {
            "iteration": 95,
            "loss": 10.111454089152772
        },
        {
            "iteration": 96,
            "loss": 10.111454089152772
        },
        {
            "iteration": 97,
            "loss": 10.008381096168975
        },
        {
            "iteration": 98,
            "loss": 10.008381096168975
        },
        {
            "iteration": 99,
            "loss": 10.008381096168975
        },
        {
            "iteration": 100,
            "loss": 9.917531835243267
        },
        {
            "iteration": 101,
            "loss": 9.917531835243267
        },
        {
            "iteration": 102,
            "loss": 9.917531835243267
        },
        {
            "iteration": 103,
            "loss": 9.917531835243267
        },
        {
            "iteration": 104,
            "loss": 9.795025550480275
        },
        {
            "iteration": 105,
            "loss": 9.795025550480275
        },
        {
            "iteration": 106,
            "loss": 9.795025550480275
        },
        {
            "iteration": 107,
            "loss": 9.689974465988797
        },
        {
            "iteration": 108,
            "loss": 9.689974465988797
        },
        {
            "iteration": 109,
            "loss": 9.689974465988797
        },
        {
            "iteration": 110,
            "loss": 9.689974465988797
        },
        {
            "iteration": 111,
            "loss": 9.681748783420986
        },
        {
            "iteration": 112,
            "loss": 9.68127967014496
        },
        {
            "iteration": 113,
            "loss": 9.68127967014496
        },
        {
            "iteration": 114,
            "loss": 9.6736722944447
        },
        {
            "iteration": 115,
            "loss": 9.67128901967557
        },
        {
            "iteration": 116,
            "loss": 9.667872850312264
        },
        {
            "iteration": 117,
            "loss": 9.667872850312264
        },
        {
            "iteration": 118,
            "loss": 9.667872850312264
        },
        {
            "iteration": 119,
            "loss": 9.667872850312264
        },
        {
            "iteration": 120,
            "loss": 9.667872850312264
        },
        {
            "iteration": 121,
            "loss": 9.666489622147182
        },
        {
            "iteration": 122,
            "loss": 9.666489622147182
        },
        {
            "iteration": 123,
            "loss": 9.651690658250985
        },
        {
            "iteration": 124,
            "loss": 9.650385225816635
        },
        {
            "iteration": 125,
            "loss": 9.646454424098806
        },
        {
            "iteration": 126,
            "loss": 9.646454424098806
        },
        {
            "iteration": 127,
            "loss": 9.646311438065652
        },
        {
            "iteration": 128,
            "loss": 9.646311438065652
        },
        {
            "iteration": 129,
            "loss": 9.640275789591072
        },
        {
            "iteration": 130,
            "loss": 9.629116420813773
        },
        {
            "iteration": 131,
            "loss": 9.629116420813773
        },
        {
            "iteration": 132,
            "loss": 9.629116420813773
        },
        {
            "iteration": 133,
            "loss": 9.596289711700678
        },
        {
            "iteration": 134,
            "loss": 9.596289711700678
        },
        {
            "iteration": 135,
            "loss": 9.596289711700678
        },
        {
            "iteration": 136,
            "loss": 9.596289711700678
        },
        {
            "iteration": 137,
            "loss": 9.581718957416811
        },
        {
            "iteration": 138,
            "loss": 9.581718957416811
        },
        {
            "iteration": 139,
            "loss": 9.537888593922546
        },
        {
            "iteration": 140,
            "loss": 9.537888593922546
        },
        {
            "iteration": 141,
            "loss": 9.537888593922546
        },
        {
            "iteration": 142,
            "loss": 9.537888593922546
        },
        {
            "iteration": 143,
            "loss": 9.502841706784224
        },
        {
            "iteration": 144,
            "loss": 9.502841706784224
        },
        {
            "iteration": 145,
            "loss": 9.465087204270674
        },
        {
            "iteration": 146,
            "loss": 9.465087204270674
        },
        {
            "iteration": 147,
            "loss": 9.465087204270674
        },
        {
            "iteration": 148,
            "loss": 9.465087204270674
        },
        {
            "iteration": 149,
            "loss": 9.45991041109113
        },
        {
            "iteration": 150,
            "loss": 9.45991041109113
        },
        {
            "iteration": 151,
            "loss": 9.45991041109113
        },
        {
            "iteration": 152,
            "loss": 9.45991041109113
        },
        {
            "iteration": 153,
            "loss": 9.45991041109113
        },
        {
            "iteration": 154,
            "loss": 9.45991041109113
        },
        {
            "iteration": 155,
            "loss": 9.45991041109113
        },
        {
            "iteration": 156,
            "loss": 9.45991041109113
        },
        {
            "iteration": 157,
            "loss": 9.45991041109113
        },
        {
            "iteration": 158,
            "loss": 9.459590352227167
        },
        {
            "iteration": 159,
            "loss": 9.452802837415646
        },
        {
            "iteration": 160,
            "loss": 9.452802837415646
        },
        {
            "iteration": 161,
            "loss": 9.452802837415646
        },
        {
            "iteration": 162,
            "loss": 9.452802837415646
        },
        {
            "iteration": 163,
            "loss": 9.452802837415646
        },
        {
            "iteration": 164,
            "loss": 9.452802837415646
        },
        {
            "iteration": 165,
            "loss": 9.452802837415646
        },
        {
            "iteration": 166,
            "loss": 9.452802837415646
        },
        {
            "iteration": 167,
            "loss": 9.452802837415646
        },
        {
            "iteration": 168,
            "loss": 9.452802837415646
        },
        {
            "iteration": 169,
            "loss": 9.450335395258463
        },
        {
            "iteration": 170,
            "loss": 9.450335395258463
        },
        {
            "iteration": 171,
            "loss": 9.450335395258463
        },
        {
            "iteration": 172,
            "loss": 9.450335395258463
        },
        {
            "iteration": 173,
            "loss": 9.449833231349231
        },
        {
            "iteration": 174,
            "loss": 9.449833231349231
        },
        {
            "iteration": 175,
            "loss": 9.449833231349231
        },
        {
            "iteration": 176,
            "loss": 9.449833231349231
        },
        {
            "iteration": 177,
            "loss": 9.449833231349231
        },
        {
            "iteration": 178,
            "loss": 9.447869690656688
        },
        {
            "iteration": 179,
            "loss": 9.447869690656688
        },
        {
            "iteration": 180,
            "loss": 9.446523180952141
        },
        {
            "iteration": 181,
            "loss": 9.446523180952141
        },
        {
            "iteration": 182,
            "loss": 9.446523180952141
        },
        {
            "iteration": 183,
            "loss": 9.446523180952141
        },
        {
            "iteration": 184,
            "loss": 9.446523180952141
        },
        {
            "iteration": 185,
            "loss": 9.446523180952141
        },
        {
            "iteration": 186,
            "loss": 9.446523180952141
        },
        {
            "iteration": 187,
            "loss": 9.446523180952141
        },
        {
            "iteration": 188,
            "loss": 9.44536963831743
        },
        {
            "iteration": 189,
            "loss": 9.44536963831743
        },
        {
            "iteration": 190,
            "loss": 9.44536963831743
        },
        {
            "iteration": 191,
            "loss": 9.443773706083192
        },
        {
            "iteration": 192,
            "loss": 9.443773706083192
        },
        {
            "iteration": 193,
            "loss": 9.442301291544624
        },
        {
            "iteration": 194,
            "loss": 9.442301291544624
        },
        {
            "iteration": 195,
            "loss": 9.442301291544624
        },
        {
            "iteration": 196,
            "loss": 9.440680970540456
        },
        {
            "iteration": 197,
            "loss": 9.440680970540456
        },
        {
            "iteration": 198,
            "loss": 9.440680970540456
        },
        {
            "iteration": 199,
            "loss": 9.440680970540456
        },
        {
            "iteration": 200,
            "loss": 9.440680970540456
        },
        {
            "iteration": 201,
            "loss": 9.440680970540456
        },
        {
            "iteration": 202,
            "loss": 9.440680970540456
        },
        {
            "iteration": 203,
            "loss": 9.440680970540456
        },
        {
            "iteration": 204,
            "loss": 9.440538508652025
        },
        {
            "iteration": 205,
            "loss": 9.440538508652025
        },
        {
            "iteration": 206,
            "loss": 9.440538508652025
        },
        {
            "iteration": 207,
            "loss": 9.439743375775265
        },
        {
            "iteration": 208,
            "loss": 9.439743375775265
        },
        {
            "iteration": 209,
            "loss": 9.439543133420358
        },
        {
            "iteration": 210,
            "loss": 9.439543133420358
        },
        {
            "iteration": 211,
            "loss": 9.439543133420358
        },
        {
            "iteration": 212,
            "loss": 9.439543133420358
        },
        {
            "iteration": 213,
            "loss": 9.439468599445291
        },
        {
            "iteration": 214,
            "loss": 9.439468599445291
        },
        {
            "iteration": 215,
            "loss": 9.438185991440918
        },
        {
            "iteration": 216,
            "loss": 9.438185991440918
        },
        {
            "iteration": 217,
            "loss": 9.438185991440918
        },
        {
            "iteration": 218,
            "loss": 9.438185991440918
        },
        {
            "iteration": 219,
            "loss": 9.438162323275975
        },
        {
            "iteration": 220,
            "loss": 9.438058743737116
        },
        {
            "iteration": 221,
            "loss": 9.436773512886191
        },
        {
            "iteration": 222,
            "loss": 9.436773512886191
        },
        {
            "iteration": 223,
            "loss": 9.43627689513886
        },
        {
            "iteration": 224,
            "loss": 9.43592113787281
        },
        {
            "iteration": 225,
            "loss": 9.43592113787281
        },
        {
            "iteration": 226,
            "loss": 9.435446010197865
        },
        {
            "iteration": 227,
            "loss": 9.433792367844717
        },
        {
            "iteration": 228,
            "loss": 9.433792367844717
        },
        {
            "iteration": 229,
            "loss": 9.433792367844717
        },
        {
            "iteration": 230,
            "loss": 9.433792367844717
        },
        {
            "iteration": 231,
            "loss": 9.433792367844717
        },
        {
            "iteration": 232,
            "loss": 9.433792367844717
        },
        {
            "iteration": 233,
            "loss": 9.431090972635417
        },
        {
            "iteration": 234,
            "loss": 9.431090972635417
        },
        {
            "iteration": 235,
            "loss": 9.428671687883934
        },
        {
            "iteration": 236,
            "loss": 9.428671687883934
        },
        {
            "iteration": 237,
            "loss": 9.428671687883934
        },
        {
            "iteration": 238,
            "loss": 9.428671687883934
        },
        {
            "iteration": 239,
            "loss": 9.428671687883934
        },
        {
            "iteration": 240,
            "loss": 9.426993391916568
        },
        {
            "iteration": 241,
            "loss": 9.426993391916568
        },
        {
            "iteration": 242,
            "loss": 9.422032463406964
        },
        {
            "iteration": 243,
            "loss": 9.422032463406964
        },
        {
            "iteration": 244,
            "loss": 9.422032463406964
        },
        {
            "iteration": 245,
            "loss": 9.41504656130661
        },
        {
            "iteration": 246,
            "loss": 9.41504656130661
        },
        {
            "iteration": 247,
            "loss": 9.41504656130661
        },
        {
            "iteration": 248,
            "loss": 9.41504656130661
        },
        {
            "iteration": 249,
            "loss": 9.41504656130661
        },
        {
            "iteration": 250,
            "loss": 9.405153874309804
        },
        {
            "iteration": 251,
            "loss": 9.405153874309804
        },
        {
            "iteration": 252,
            "loss": 9.405153874309804
        },
        {
            "iteration": 253,
            "loss": 9.399186651195691
        },
        {
            "iteration": 254,
            "loss": 9.399186651195691
        },
        {
            "iteration": 255,
            "loss": 9.399186651195691
        },
        {
            "iteration": 256,
            "loss": 9.399186651195691
        },
        {
            "iteration": 257,
            "loss": 9.380736063712021
        },
        {
            "iteration": 258,
            "loss": 9.380736063712021
        },
        {
            "iteration": 259,
            "loss": 9.380736063712021
        },
        {
            "iteration": 260,
            "loss": 9.380736063712021
        },
        {
            "iteration": 261,
            "loss": 9.371231167933345
        },
        {
            "iteration": 262,
            "loss": 9.371231167933345
        },
        {
            "iteration": 263,
            "loss": 9.371231167933345
        },
        {
            "iteration": 264,
            "loss": 9.348582039623949
        },
        {
            "iteration": 265,
            "loss": 9.348582039623949
        },
        {
            "iteration": 266,
            "loss": 9.348582039623949
        },
        {
            "iteration": 267,
            "loss": 9.348582039623949
        },
        {
            "iteration": 268,
            "loss": 9.348582039623949
        },
        {
            "iteration": 269,
            "loss": 9.34823397822619
        },
        {
            "iteration": 270,
            "loss": 9.331586010746307
        },
        {
            "iteration": 271,
            "loss": 9.331586010746307
        },
        {
            "iteration": 272,
            "loss": 9.331586010746307
        },
        {
            "iteration": 273,
            "loss": 9.331586010746307
        },
        {
            "iteration": 274,
            "loss": 9.331586010746307
        },
        {
            "iteration": 275,
            "loss": 9.331586010746307
        },
        {
            "iteration": 276,
            "loss": 9.331586010746307
        },
        {
            "iteration": 277,
            "loss": 9.331586010746307
        },
        {
            "iteration": 278,
            "loss": 9.331586010746307
        },
        {
            "iteration": 279,
            "loss": 9.331586010746307
        },
        {
            "iteration": 280,
            "loss": 9.331586010746307
        },
        {
            "iteration": 281,
            "loss": 9.331586010746307
        },
        {
            "iteration": 282,
            "loss": 9.331586010746307
        },
        {
            "iteration": 283,
            "loss": 9.326028394040108
        },
        {
            "iteration": 284,
            "loss": 9.326028394040108
        },
        {
            "iteration": 285,
            "loss": 9.316016056069358
        },
        {
            "iteration": 286,
            "loss": 9.316016056069358
        },
        {
            "iteration": 287,
            "loss": 9.316016056069358
        },
        {
            "iteration": 288,
            "loss": 9.316016056069358
        },
        {
            "iteration": 289,
            "loss": 9.316016056069358
        },
        {
            "iteration": 290,
            "loss": 9.316016056069358
        },
        {
            "iteration": 291,
            "loss": 9.30650361519534
        },
        {
            "iteration": 292,
            "loss": 9.30650361519534
        },
        {
            "iteration": 293,
            "loss": 9.30650361519534
        },
        {
            "iteration": 294,
            "loss": 9.30650361519534
        },
        {
            "iteration": 295,
            "loss": 9.30650361519534
        },
        {
            "iteration": 296,
            "loss": 9.293574471102033
        },
        {
            "iteration": 297,
            "loss": 9.293574471102033
        },
        {
            "iteration": 298,
            "loss": 9.293574471102033
        },
        {
            "iteration": 299,
            "loss": 9.293243022662068
        },
        {
            "iteration": 300,
            "loss": 9.293153462840024
        },
        {
            "iteration": 301,
            "loss": 9.29007546011971
        },
        {
            "iteration": 302,
            "loss": 9.27697727297587
        },
        {
            "iteration": 303,
            "loss": 9.27697727297587
        },
        {
            "iteration": 304,
            "loss": 9.27697727297587
        },
        {
            "iteration": 305,
            "loss": 9.27697727297587
        },
        {
            "iteration": 306,
            "loss": 9.27697727297587
        },
        {
            "iteration": 307,
            "loss": 9.27697727297587
        },
        {
            "iteration": 308,
            "loss": 9.27697727297587
        },
        {
            "iteration": 309,
            "loss": 9.27697727297587
        },
        {
            "iteration": 310,
            "loss": 9.258026440869713
        },
        {
            "iteration": 311,
            "loss": 9.258026440869713
        },
        {
            "iteration": 312,
            "loss": 9.258026440869713
        },
        {
            "iteration": 313,
            "loss": 9.258026440869713
        },
        {
            "iteration": 314,
            "loss": 9.258026440869713
        },
        {
            "iteration": 315,
            "loss": 9.258026440869713
        },
        {
            "iteration": 316,
            "loss": 9.258026440869713
        },
        {
            "iteration": 317,
            "loss": 9.258026440869713
        },
        {
            "iteration": 318,
            "loss": 9.258026440869713
        },
        {
            "iteration": 319,
            "loss": 9.258026440869713
        },
        {
            "iteration": 320,
            "loss": 9.258026440869713
        },
        {
            "iteration": 321,
            "loss": 9.258026440869713
        },
        {
            "iteration": 322,
            "loss": 9.258026440869713
        },
        {
            "iteration": 323,
            "loss": 9.258026440869713
        },
        {
            "iteration": 324,
            "loss": 9.258026440869713
        },
        {
            "iteration": 325,
            "loss": 9.258026440869713
        },
        {
            "iteration": 326,
            "loss": 9.258026440869713
        },
        {
            "iteration": 327,
            "loss": 9.258026440869713
        },
        {
            "iteration": 328,
            "loss": 9.257318426670253
        },
        {
            "iteration": 329,
            "loss": 9.257318426670253
        },
        {
            "iteration": 330,
            "loss": 9.25687447061236
        },
        {
            "iteration": 331,
            "loss": 9.25687447061236
        },
        {
            "iteration": 332,
            "loss": 9.25687447061236
        },
        {
            "iteration": 333,
            "loss": 9.25451623164625
        },
        {
            "iteration": 334,
            "loss": 9.25451623164625
        },
        {
            "iteration": 335,
            "loss": 9.252744261312358
        },
        {
            "iteration": 336,
            "loss": 9.252744261312358
        },
        {
            "iteration": 337,
            "loss": 9.252744261312358
        },
        {
            "iteration": 338,
            "loss": 9.252744261312358
        },
        {
            "iteration": 339,
            "loss": 9.252744261312358
        },
        {
            "iteration": 340,
            "loss": 9.252264661463471
        },
        {
            "iteration": 341,
            "loss": 9.252264661463471
        },
        {
            "iteration": 342,
            "loss": 9.251493316673873
        },
        {
            "iteration": 343,
            "loss": 9.251493316673873
        },
        {
            "iteration": 344,
            "loss": 9.251493316673873
        },
        {
            "iteration": 345,
            "loss": 9.251493316673873
        },
        {
            "iteration": 346,
            "loss": 9.251167570154308
        },
        {
            "iteration": 347,
            "loss": 9.251167570154308
        },
        {
            "iteration": 348,
            "loss": 9.251167570154308
        },
        {
            "iteration": 349,
            "loss": 9.251167570154308
        },
        {
            "iteration": 350,
            "loss": 9.251167570154308
        },
        {
            "iteration": 351,
            "loss": 9.249983976412835
        },
        {
            "iteration": 352,
            "loss": 9.249652417338808
        },
        {
            "iteration": 353,
            "loss": 9.249652417338808
        },
        {
            "iteration": 354,
            "loss": 9.249652417338808
        },
        {
            "iteration": 355,
            "loss": 9.249652417338808
        },
        {
            "iteration": 356,
            "loss": 9.247903081670131
        },
        {
            "iteration": 357,
            "loss": 9.247903081670131
        },
        {
            "iteration": 358,
            "loss": 9.247903081670131
        },
        {
            "iteration": 359,
            "loss": 9.247903081670131
        },
        {
            "iteration": 360,
            "loss": 9.247903081670131
        },
        {
            "iteration": 361,
            "loss": 9.247504673159114
        },
        {
            "iteration": 362,
            "loss": 9.247063774813881
        },
        {
            "iteration": 363,
            "loss": 9.247063774813881
        },
        {
            "iteration": 364,
            "loss": 9.247063774813881
        },
        {
            "iteration": 365,
            "loss": 9.247063774813881
        },
        {
            "iteration": 366,
            "loss": 9.247063774813881
        },
        {
            "iteration": 367,
            "loss": 9.247063774813881
        },
        {
            "iteration": 368,
            "loss": 9.24577864153963
        },
        {
            "iteration": 369,
            "loss": 9.24577864153963
        },
        {
            "iteration": 370,
            "loss": 9.24577864153963
        },
        {
            "iteration": 371,
            "loss": 9.24577864153963
        },
        {
            "iteration": 372,
            "loss": 9.24577864153963
        },
        {
            "iteration": 373,
            "loss": 9.24573154680354
        },
        {
            "iteration": 374,
            "loss": 9.24573154680354
        },
        {
            "iteration": 375,
            "loss": 9.245642538927314
        },
        {
            "iteration": 376,
            "loss": 9.245448464780736
        },
        {
            "iteration": 377,
            "loss": 9.245448464780736
        },
        {
            "iteration": 378,
            "loss": 9.245118455917947
        },
        {
            "iteration": 379,
            "loss": 9.245118455917947
        },
        {
            "iteration": 380,
            "loss": 9.245118455917947
        },
        {
            "iteration": 381,
            "loss": 9.245118455917947
        },
        {
            "iteration": 382,
            "loss": 9.245118455917947
        },
        {
            "iteration": 383,
            "loss": 9.245118455917947
        },
        {
            "iteration": 384,
            "loss": 9.245118455917947
        },
        {
            "iteration": 385,
            "loss": 9.245118455917947
        },
        {
            "iteration": 386,
            "loss": 9.245118455917947
        },
        {
            "iteration": 387,
            "loss": 9.244925588176159
        },
        {
            "iteration": 388,
            "loss": 9.244849426544619
        },
        {
            "iteration": 389,
            "loss": 9.244849426544619
        },
        {
            "iteration": 390,
            "loss": 9.244849426544619
        },
        {
            "iteration": 391,
            "loss": 9.244849426544619
        },
        {
            "iteration": 392,
            "loss": 9.244849426544619
        },
        {
            "iteration": 393,
            "loss": 9.244682766333739
        },
        {
            "iteration": 394,
            "loss": 9.244682766333739
        },
        {
            "iteration": 395,
            "loss": 9.244682766333739
        },
        {
            "iteration": 396,
            "loss": 9.244682766333739
        },
        {
            "iteration": 397,
            "loss": 9.244682766333739
        },
        {
            "iteration": 398,
            "loss": 9.24464858603153
        },
        {
            "iteration": 399,
            "loss": 9.24464858603153
        },
        {
            "iteration": 400,
            "loss": 9.24464858603153
        },
        {
            "iteration": 401,
            "loss": 9.24464858603153
        },
        {
            "iteration": 402,
            "loss": 9.24464858603153
        },
        {
            "iteration": 403,
            "loss": 9.24464858603153
        },
        {
            "iteration": 404,
            "loss": 9.24464858603153
        },
        {
            "iteration": 405,
            "loss": 9.24464858603153
        },
        {
            "iteration": 406,
            "loss": 9.24464858603153
        }
    ]
}