{
    "success": true,
    "message": "Optimization terminated successfully.",
    "final_loss": 10.24611293257476,
    "iterations": 346,
    "initial_dt_grandchildren": [
        0.009749080237694727,
        0.010901428612819834,
        0.010463987883622811,
        0.010197316968394075,
        0.009312037280884875,
        0.009311989040672408,
        0.009116167224336402,
        0.010732352291549872
    ],
    "final_dt_grandchildren": [
        0.001,
        0.19998157547044992,
        0.10835007605186872,
        0.11537325462474962,
        0.001,
        0.0010350763153518798,
        0.0010232313250443416,
        0.07212122946350703
    ],
    "history": [
        {
            "iteration": 0,
            "loss": 24.40519795671571
        },
        {
            "iteration": 1,
            "loss": 24.40519795671571
        },
        {
            "iteration": 2,
            "loss": 24.334631163161248
        },
        {
            "iteration": 3,
            "loss": 24.334631163161248
        },
        {
            "iteration": 4,
            "loss": 24.208940020529553
        },
        {
            "iteration": 5,
            "loss": 24.208940020529553
        },
        {
            "iteration": 6,
            "loss": 24.208940020529553
        },
        {
            "iteration": 7,
            "loss": 24.208940020529553
        },
        {
            "iteration": 8,
            "loss": 24.02346212125849
        },
        {
            "iteration": 9,
            "loss": 24.02346212125849
        },
        {
            "iteration": 10,
            "loss": 24.02346212125849
        },
        {
            "iteration": 11,
            "loss": 24.02346212125849
        },
        {
            "iteration": 12,
            "loss": 23.808368425874505
        },
        {
            "iteration": 13,
            "loss": 23.808368425874505
        },
        {
            "iteration": 14,
            "loss": 23.808368425874505
        },
        {
            "iteration": 15,
            "loss": 23.535747075395193
        },
        {
            "iteration": 16,
            "loss": 23.535747075395193
        },
        {
            "iteration": 17,
            "loss": 23.535747075395193
        },
        {
            "iteration": 18,
            "loss": 23.253780820814427
        },
        {
            "iteration": 19,
            "loss": 23.253780820814427
        },
        {
            "iteration": 20,
            "loss": 22.809692888287827
        },
        {
            "iteration": 21,
            "loss": 22.809692888287827
        },
        {
            "iteration": 22,
            "loss": 22.809692888287827
        },
        {
            "iteration": 23,
            "loss": 22.26951485022437
        },
        {
            "iteration": 24,
            "loss": 22.26951485022437
        },
        {
            "iteration": 25,
            "loss": 22.26951485022437
        },
        {
            "iteration": 26,
            "loss": 21.677635876927525
        },
        {
            "iteration": 27,
            "loss": 21.677635876927525
        },
        {
            "iteration": 28,
            "loss": 21.677635876927525
        },
        {
            "iteration": 29,
            "loss": 20.96022200078005
        },
        {
            "iteration": 30,
            "loss": 20.96022200078005
        },
        {
            "iteration": 31,
            "loss": 20.96022200078005
        },
        {
            "iteration": 32,
            "loss": 20.029036498744972
        },
        {
            "iteration": 33,
            "loss": 20.029036498744972
        },
        {
            "iteration": 34,
            "loss": 20.029036498744972
        },
        {
            "iteration": 35,
            "loss": 19.007553488074336
        },
        {
            "iteration": 36,
            "loss": 19.007553488074336
        },
        {
            "iteration": 37,
            "loss": 17.931950075144414
        },
        {
            "iteration": 38,
            "loss": 17.931950075144414
        },
        {
            "iteration": 39,
            "loss": 17.931950075144414
        },
        {
            "iteration": 40,
            "loss": 16.56731802743161
        },
        {
            "iteration": 41,
            "loss": 16.56731802743161
        },
        {
            "iteration": 42,
            "loss": 16.56731802743161
        },
        {
            "iteration": 43,
            "loss": 15.259057199582458
        },
        {
            "iteration": 44,
            "loss": 15.259057199582458
        },
        {
            "iteration": 45,
            "loss": 15.259057199582458
        },
        {
            "iteration": 46,
            "loss": 14.433373270148877
        },
        {
            "iteration": 47,
            "loss": 14.433373270148877
        },
        {
            "iteration": 48,
            "loss": 14.03868006443372
        },
        {
            "iteration": 49,
            "loss": 14.03868006443372
        },
        {
            "iteration": 50,
            "loss": 14.03868006443372
        },
        {
            "iteration": 51,
            "loss": 14.03868006443372
        },
        {
            "iteration": 52,
            "loss": 14.03868006443372
        },
        {
            "iteration": 53,
            "loss": 12.104565872301464
        },
        {
            "iteration": 54,
            "loss": 12.104565872301464
        },
        {
            "iteration": 55,
            "loss": 12.104565872301464
        },
        {
            "iteration": 56,
            "loss": 11.343984456936596
        },
        {
            "iteration": 57,
            "loss": 11.343984456936596
        },
        {
            "iteration": 58,
            "loss": 11.343984456936596
        },
        {
            "iteration": 59,
            "loss": 11.343984456936596
        },
        {
            "iteration": 60,
            "loss": 11.269935196367442
        },
        {
            "iteration": 61,
            "loss": 11.263642533303937
        },
        {
            "iteration": 62,
            "loss": 11.263642533303937
        },
        {
            "iteration": 63,
            "loss": 11.263642533303937
        },
        {
            "iteration": 64,
            "loss": 11.263642533303937
        },
        {
            "iteration": 65,
            "loss": 11.263642533303937
        },
        {
            "iteration": 66,
            "loss": 11.263642533303937
        },
        {
            "iteration": 67,
            "loss": 11.263642533303937
        },
        {
            "iteration": 68,
            "loss": 11.263642533303937
        },
        {
            "iteration": 69,
            "loss": 11.254689382985816
        },
        {
            "iteration": 70,
            "loss": 11.254689382985816
        },
        {
            "iteration": 71,
            "loss": 11.254689382985816
        },
        {
            "iteration": 72,
            "loss": 11.09359931338986
        },
        {
            "iteration": 73,
            "loss": 11.09359931338986
        },
        {
            "iteration": 74,
            "loss": 11.09359931338986
        },
        {
            "iteration": 75,
            "loss": 11.09359931338986
        },
        {
            "iteration": 76,
            "loss": 11.09359931338986
        },
        {
            "iteration": 77,
            "loss": 11.09359931338986
        },
        {
            "iteration": 78,
            "loss": 11.09359931338986
        },
        {
            "iteration": 79,
            "loss": 11.09359931338986
        },
        {
            "iteration": 80,
            "loss": 10.982356858927233
        },
        {
            "iteration": 81,
            "loss": 10.982356858927233
        },
        {
            "iteration": 82,
            "loss": 10.982356858927233
        },
        {
            "iteration": 83,
            "loss": 10.982356858927233
        },
        {
            "iteration": 84,
            "loss": 10.874504209612496
        },
        {
            "iteration": 85,
            "loss": 10.874504209612496
        },
        {
            "iteration": 86,
            "loss": 10.874504209612496
        },
        {
            "iteration": 87,
            "loss": 10.874504209612496
        },
        {
            "iteration": 88,
            "loss": 10.771913554715866
        },
        {
            "iteration": 89,
            "loss": 10.771913554715866
        },
        {
            "iteration": 90,
            "loss": 10.771913554715866
        },
        {
            "iteration": 91,
            "loss": 10.771913554715866
        },
        {
            "iteration": 92,
            "loss": 10.721491220545431
        },
        {
            "iteration": 93,
            "loss": 10.647374259337084
        },
        {
            "iteration": 94,
            "loss": 10.647374259337084
        },
        {
            "iteration": 95,
            "loss": 10.647374259337084
        },
        {
            "iteration": 96,
            "loss": 10.647374259337084
        },
        {
            "iteration": 97,
            "loss": 10.647374259337084
        },
        {
            "iteration": 98,
            "loss": 10.613107605444384
        },
        {
            "iteration": 99,
            "loss": 10.613107605444384
        },
        {
            "iteration": 100,
            "loss": 10.613107605444384
        },
        {
            "iteration": 101,
            "loss": 10.580358240062196
        },
        {
            "iteration": 102,
            "loss": 10.558759048471984
        },
        {
            "iteration": 103,
            "loss": 10.558759048471984
        },
        {
            "iteration": 104,
            "loss": 10.558759048471984
        },
        {
            "iteration": 105,
            "loss": 10.558759048471984
        },
        {
            "iteration": 106,
            "loss": 10.558759048471984
        },
        {
            "iteration": 107,
            "loss": 10.558759048471984
        },
        {
            "iteration": 108,
            "loss": 10.55453699555801
        },
        {
            "iteration": 109,
            "loss": 10.55453699555801
        },
        {
            "iteration": 110,
            "loss": 10.55453699555801
        },
        {
            "iteration": 111,
            "loss": 10.55453699555801
        },
        {
            "iteration": 112,
            "loss": 10.532195327512454
        },
        {
            "iteration": 113,
            "loss": 10.532195327512454
        },
        {
            "iteration": 114,
            "loss": 10.532195327512454
        },
        {
            "iteration": 115,
            "loss": 10.532195327512454
        },
        {
            "iteration": 116,
            "loss": 10.532195327512454
        },
        {
            "iteration": 117,
            "loss": 10.532195327512454
        },
        {
            "iteration": 118,
            "loss": 10.532195327512454
        },
        {
            "iteration": 119,
            "loss": 10.532195327512454
        },
        {
            "iteration": 120,
            "loss": 10.500400364384404
        },
        {
            "iteration": 121,
            "loss": 10.500400364384404
        },
        {
            "iteration": 122,
            "loss": 10.500400364384404
        },
        {
            "iteration": 123,
            "loss": 10.500400364384404
        },
        {
            "iteration": 124,
            "loss": 10.500400364384404
        },
        {
            "iteration": 125,
            "loss": 10.463047274715791
        },
        {
            "iteration": 126,
            "loss": 10.463047274715791
        },
        {
            "iteration": 127,
            "loss": 10.463047274715791
        },
        {
            "iteration": 128,
            "loss": 10.463047274715791
        },
        {
            "iteration": 129,
            "loss": 10.463047274715791
        },
        {
            "iteration": 130,
            "loss": 10.431476076955732
        },
        {
            "iteration": 131,
            "loss": 10.431476076955732
        },
        {
            "iteration": 132,
            "loss": 10.431476076955732
        },
        {
            "iteration": 133,
            "loss": 10.397410959092667
        },
        {
            "iteration": 134,
            "loss": 10.397410959092667
        },
        {
            "iteration": 135,
            "loss": 10.397410959092667
        },
        {
            "iteration": 136,
            "loss": 10.335596578908735
        },
        {
            "iteration": 137,
            "loss": 10.335596578908735
        },
        {
            "iteration": 138,
            "loss": 10.335596578908735
        },
        {
            "iteration": 139,
            "loss": 10.335596578908735
        },
        {
            "iteration": 140,
            "loss": 10.335596578908735
        },
        {
            "iteration": 141,
            "loss": 10.327444484559237
        },
        {
            "iteration": 142,
            "loss": 10.327444484559237
        },
        {
            "iteration": 143,
            "loss": 10.322599395432917
        },
        {
            "iteration": 144,
            "loss": 10.322599395432917
        },
        {
            "iteration": 145,
            "loss": 10.322599395432917
        },
        {
            "iteration": 146,
            "loss": 10.322599395432917
        },
        {
            "iteration": 147,
            "loss": 10.322599395432917
        },
        {
            "iteration": 148,
            "loss": 10.322599395432917
        },
        {
            "iteration": 149,
            "loss": 10.322599395432917
        },
        {
            "iteration": 150,
            "loss": 10.317579945956822
        },
        {
            "iteration": 151,
            "loss": 10.317579945956822
        },
        {
            "iteration": 152,
            "loss": 10.317579945956822
        },
        {
            "iteration": 153,
            "loss": 10.317579945956822
        },
        {
            "iteration": 154,
            "loss": 10.317579945956822
        },
        {
            "iteration": 155,
            "loss": 10.317579945956822
        },
        {
            "iteration": 156,
            "loss": 10.317579945956822
        },
        {
            "iteration": 157,
            "loss": 10.317579945956822
        },
        {
            "iteration": 158,
            "loss": 10.314669867882913
        },
        {
            "iteration": 159,
            "loss": 10.314669867882913
        },
        {
            "iteration": 160,
            "loss": 10.312299384735525
        },
        {
            "iteration": 161,
            "loss": 10.310625477635767
        },
        {
            "iteration": 162,
            "loss": 10.310625477635767
        },
        {
            "iteration": 163,
            "loss": 10.310625477635767
        },
        {
            "iteration": 164,
            "loss": 10.310625477635767
        },
        {
            "iteration": 165,
            "loss": 10.310625477635767
        },
        {
            "iteration": 166,
            "loss": 10.310625477635767
        },
        {
            "iteration": 167,
            "loss": 10.304927372024395
        },
        {
            "iteration": 168,
            "loss": 10.304927372024395
        },
        {
            "iteration": 169,
            "loss": 10.304927372024395
        },
        {
            "iteration": 170,
            "loss": 10.304927372024395
        },
        {
            "iteration": 171,
            "loss": 10.304927372024395
        },
        {
            "iteration": 172,
            "loss": 10.304927372024395
        },
        {
            "iteration": 173,
            "loss": 10.304474712815136
        },
        {
            "iteration": 174,
            "loss": 10.300961287197424
        },
        {
            "iteration": 175,
            "loss": 10.296967107686214
        },
        {
            "iteration": 176,
            "loss": 10.296967107686214
        },
        {
            "iteration": 177,
            "loss": 10.296967107686214
        },
        {
            "iteration": 178,
            "loss": 10.29527904051065
        },
        {
            "iteration": 179,
            "loss": 10.29527904051065
        },
        {
            "iteration": 180,
            "loss": 10.29527904051065
        },
        {
            "iteration": 181,
            "loss": 10.293852315116965
        },
        {
            "iteration": 182,
            "loss": 10.292064697874594
        },
        {
            "iteration": 183,
            "loss": 10.292064697874594
        },
        {
            "iteration": 184,
            "loss": 10.285370642668568
        },
        {
            "iteration": 185,
            "loss": 10.285370642668568
        },
        {
            "iteration": 186,
            "loss": 10.285370642668568
        },
        {
            "iteration": 187,
            "loss": 10.285370642668568
        },
        {
            "iteration": 188,
            "loss": 10.285370642668568
        },
        {
            "iteration": 189,
            "loss": 10.285370642668568
        },
        {
            "iteration": 190,
            "loss": 10.285370642668568
        },
        {
            "iteration": 191,
            "loss": 10.285370642668568
        },
        {
            "iteration": 192,
            "loss": 10.285121194872772
        },
        {
            "iteration": 193,
            "loss": 10.285121194872772
        },
        {
            "iteration": 194,
            "loss": 10.28289849160501
        },
        {
            "iteration": 195,
            "loss": 10.28289849160501
        },
        {
            "iteration": 196,
            "loss": 10.28289849160501
        },
        {
            "iteration": 197,
            "loss": 10.282029744950705
        },
        {
            "iteration": 198,
            "loss": 10.282029744950705
        },
        {
            "iteration": 199,
            "loss": 10.282029744950705
        },
        {
            "iteration": 200,
            "loss": 10.282029744950705
        },
        {
            "iteration": 201,
            "loss": 10.282029744950705
        },
        {
            "iteration": 202,
            "loss": 10.282029744950705
        },
        {
            "iteration": 203,
            "loss": 10.282029744950705
        },
        {
            "iteration": 204,
            "loss": 10.280459229899861
        },
        {
            "iteration": 205,
            "loss": 10.280459229899861
        },
        {
            "iteration": 206,
            "loss": 10.280459229899861
        },
        {
            "iteration": 207,
            "loss": 10.280459229899861
        },
        {
            "iteration": 208,
            "loss": 10.280459229899861
        },
        {
            "iteration": 209,
            "loss": 10.280459229899861
        },
        {
            "iteration": 210,
            "loss": 10.278850552916992
        },
        {
            "iteration": 211,
            "loss": 10.278850552916992
        },
        {
            "iteration": 212,
            "loss": 10.278850552916992
        },
        {
            "iteration": 213,
            "loss": 10.278850552916992
        },
        {
            "iteration": 214,
            "loss": 10.278753874605172
        },
        {
            "iteration": 215,
            "loss": 10.277470409404486
        },
        {
            "iteration": 216,
            "loss": 10.276528439710091
        },
        {
            "iteration": 217,
            "loss": 10.276528439710091
        },
        {
            "iteration": 218,
            "loss": 10.276528439710091
        },
        {
            "iteration": 219,
            "loss": 10.276528439710091
        },
        {
            "iteration": 220,
            "loss": 10.276484802619962
        },
        {
            "iteration": 221,
            "loss": 10.276484802619962
        },
        {
            "iteration": 222,
            "loss": 10.274287788852234
        },
        {
            "iteration": 223,
            "loss": 10.27123993699206
        },
        {
            "iteration": 224,
            "loss": 10.27123993699206
        },
        {
            "iteration": 225,
            "loss": 10.27123993699206
        },
        {
            "iteration": 226,
            "loss": 10.27123993699206
        },
        {
            "iteration": 227,
            "loss": 10.269640824437374
        },
        {
            "iteration": 228,
            "loss": 10.269640824437374
        },
        {
            "iteration": 229,
            "loss": 10.269408254105656
        },
        {
            "iteration": 230,
            "loss": 10.269408254105656
        },
        {
            "iteration": 231,
            "loss": 10.26817819869757
        },
        {
            "iteration": 232,
            "loss": 10.26817819869757
        },
        {
            "iteration": 233,
            "loss": 10.259745844916324
        },
        {
            "iteration": 234,
            "loss": 10.259745844916324
        },
        {
            "iteration": 235,
            "loss": 10.259745844916324
        },
        {
            "iteration": 236,
            "loss": 10.259745844916324
        },
        {
            "iteration": 237,
            "loss": 10.259745844916324
        },
        {
            "iteration": 238,
            "loss": 10.259745844916324
        },
        {
            "iteration": 239,
            "loss": 10.255321755343175
        },
        {
            "iteration": 240,
            "loss": 10.255321755343175
        },
        {
            "iteration": 241,
            "loss": 10.255321755343175
        },
        {
            "iteration": 242,
            "loss": 10.255321755343175
        },
        {
            "iteration": 243,
            "loss": 10.255321755343175
        },
        {
            "iteration": 244,
            "loss": 10.255321755343175
        },
        {
            "iteration": 245,
            "loss": 10.255321755343175
        },
        {
            "iteration": 246,
            "loss": 10.255321755343175
        },
        {
            "iteration": 247,
            "loss": 10.250891671101272
        },
        {
            "iteration": 248,
            "loss": 10.250891671101272
        },
        {
            "iteration": 249,
            "loss": 10.250891671101272
        },
        {
            "iteration": 250,
            "loss": 10.250891671101272
        },
        {
            "iteration": 251,
            "loss": 10.250891671101272
        },
        {
            "iteration": 252,
            "loss": 10.248731077386765
        },
        {
            "iteration": 253,
            "loss": 10.248731077386765
        },
        {
            "iteration": 254,
            "loss": 10.248731077386765
        },
        {
            "iteration": 255,
            "loss": 10.248731077386765
        },
        {
            "iteration": 256,
            "loss": 10.248731077386765
        },
        {
            "iteration": 257,
            "loss": 10.248731077386765
        },
        {
            "iteration": 258,
            "loss": 10.248731077386765
        },
        {
            "iteration": 259,
            "loss": 10.248696129347081
        },
        {
            "iteration": 260,
            "loss": 10.248696129347081
        },
        {
            "iteration": 261,
            "loss": 10.248696129347081
        },
        {
            "iteration": 262,
            "loss": 10.248664955004642
        },
        {
            "iteration": 263,
            "loss": 10.248664955004642
        },
        {
            "iteration": 264,
            "loss": 10.248664955004642
        },
        {
            "iteration": 265,
            "loss": 10.248664955004642
        },
        {
            "iteration": 266,
            "loss": 10.248438067064853
        },
        {
            "iteration": 267,
            "loss": 10.248438067064853
        },
        {
            "iteration": 268,
            "loss": 10.248438067064853
        },
        {
            "iteration": 269,
            "loss": 10.248438067064853
        },
        {
            "iteration": 270,
            "loss": 10.248325374050182
        },
        {
            "iteration": 271,
            "loss": 10.248315984965302
        },
        {
            "iteration": 272,
            "loss": 10.248315984965302
        },
        {
            "iteration": 273,
            "loss": 10.24828288077697
        },
        {
            "iteration": 274,
            "loss": 10.248248608644644
        },
        {
            "iteration": 275,
            "loss": 10.247612426232081
        },
        {
            "iteration": 276,
            "loss": 10.247612426232081
        },
        {
            "iteration": 277,
            "loss": 10.247612426232081
        },
        {
            "iteration": 278,
            "loss": 10.247612426232081
        },
        {
            "iteration": 279,
            "loss": 10.247612426232081
        },
        {
            "iteration": 280,
            "loss": 10.247612426232081
        },
        {
            "iteration": 281,
            "loss": 10.247612426232081
        },
        {
            "iteration": 282,
            "loss": 10.2473354823087
        },
        {
            "iteration": 283,
            "loss": 10.2473354823087
        },
        {
            "iteration": 284,
            "loss": 10.2473354823087
        },
        {
            "iteration": 285,
            "loss": 10.2473354823087
        },
        {
            "iteration": 286,
            "loss": 10.2473354823087
        },
        {
            "iteration": 287,
            "loss": 10.2473354823087
        },
        {
            "iteration": 288,
            "loss": 10.2473354823087
        },
        {
            "iteration": 289,
            "loss": 10.2473354823087
        },
        {
            "iteration": 290,
            "loss": 10.2473354823087
        },
        {
            "iteration": 291,
            "loss": 10.2473354823087
        },
        {
            "iteration": 292,
            "loss": 10.2473354823087
        },
        {
            "iteration": 293,
            "loss": 10.2473354823087
        },
        {
            "iteration": 294,
            "loss": 10.2473354823087
        },
        {
            "iteration": 295,
            "loss": 10.247244846133981
        },
        {
            "iteration": 296,
            "loss": 10.247244846133981
        },
        {
            "iteration": 297,
            "loss": 10.247244846133981
        },
        {
            "iteration": 298,
            "loss": 10.247244846133981
        },
        {
            "iteration": 299,
            "loss": 10.247244846133981
        },
        {
            "iteration": 300,
            "loss": 10.247244846133981
        },
        {
            "iteration": 301,
            "loss": 10.247244846133981
        },
        {
            "iteration": 302,
            "loss": 10.24713825777144
        },
        {
            "iteration": 303,
            "loss": 10.24713825777144
        },
        {
            "iteration": 304,
            "loss": 10.247094938662485
        },
        {
            "iteration": 305,
            "loss": 10.247094938662485
        },
        {
            "iteration": 306,
            "loss": 10.247061097419646
        },
        {
            "iteration": 307,
            "loss": 10.246918774915684
        },
        {
            "iteration": 308,
            "loss": 10.246918774915684
        },
        {
            "iteration": 309,
            "loss": 10.246918774915684
        },
        {
            "iteration": 310,
            "loss": 10.246918774915684
        },
        {
            "iteration": 311,
            "loss": 10.246690470572503
        },
        {
            "iteration": 312,
            "loss": 10.246219227701658
        },
        {
            "iteration": 313,
            "loss": 10.246219227701658
        },
        {
            "iteration": 314,
            "loss": 10.246219227701658
        },
        {
            "iteration": 315,
            "loss": 10.246219227701658
        },
        {
            "iteration": 316,
            "loss": 10.246219227701658
        },
        {
            "iteration": 317,
            "loss": 10.246219227701658
        },
        {
            "iteration": 318,
            "loss": 10.246219227701658
        },
        {
            "iteration": 319,
            "loss": 10.246219227701658
        },
        {
            "iteration": 320,
            "loss": 10.246219227701658
        },
        {
            "iteration": 321,
            "loss": 10.246219227701658
        },
        {
            "iteration": 322,
            "loss": 10.246193640305137
        },
        {
            "iteration": 323,
            "loss": 10.246193640305137
        },
        {
            "iteration": 324,
            "loss": 10.246193640305137
        },
        {
            "iteration": 325,
            "loss": 10.246193640305137
        },
        {
            "iteration": 326,
            "loss": 10.246193640305137
        },
        {
            "iteration": 327,
            "loss": 10.246193640305137
        },
        {
            "iteration": 328,
            "loss": 10.246142193173
        },
        {
            "iteration": 329,
            "loss": 10.246137745227315
        },
        {
            "iteration": 330,
            "loss": 10.246137745227315
        },
        {
            "iteration": 331,
            "loss": 10.246137745227315
        },
        {
            "iteration": 332,
            "loss": 10.246137745227315
        },
        {
            "iteration": 333,
            "loss": 10.246137745227315
        },
        {
            "iteration": 334,
            "loss": 10.246137745227315
        },
        {
            "iteration": 335,
            "loss": 10.246122873599234
        },
        {
            "iteration": 336,
            "loss": 10.246122873599234
        },
        {
            "iteration": 337,
            "loss": 10.246122873599234
        },
        {
            "iteration": 338,
            "loss": 10.246122873599234
        },
        {
            "iteration": 339,
            "loss": 10.246122873599234
        },
        {
            "iteration": 340,
            "loss": 10.246122873599234
        },
        {
            "iteration": 341,
            "loss": 10.246122873599234
        },
        {
            "iteration": 342,
            "loss": 10.246122873599234
        },
        {
            "iteration": 343,
            "loss": 10.246122873599234
        },
        {
            "iteration": 344,
            "loss": 10.24611293257476
        },
        {
            "iteration": 345,
            "loss": 10.24611293257476
        }
    ]
}