{
    "success": false,
    "message": "Maximum number of iterations has been exceeded.",
    "final_loss": 9.575958320348775,
    "iterations": 200,
    "initial_dt_grandchildren": [
        0.009749080237694727,
        0.010901428612819834,
        0.010463987883622811,
        0.010197316968394075,
        0.009312037280884875,
        0.009311989040672408,
        0.009116167224336402,
        0.010732352291549872
    ],
    "final_dt_grandchildren": [
        0.0011305366872954108,
        0.035705922721206346,
        0.11986892130851978,
        0.001,
        0.001123716128015,
        0.016101856699744933,
        0.14911697422209225,
        0.001
    ],
    "history": [
        {
            "iteration": 0,
            "loss": 15.676604484804269
        },
        {
            "iteration": 1,
            "loss": 15.676604484804269
        },
        {
            "iteration": 2,
            "loss": 15.631346614018007
        },
        {
            "iteration": 3,
            "loss": 15.631346614018007
        },
        {
            "iteration": 4,
            "loss": 15.631346614018007
        },
        {
            "iteration": 5,
            "loss": 15.631346614018007
        },
        {
            "iteration": 6,
            "loss": 15.58346950696205
        },
        {
            "iteration": 7,
            "loss": 15.58346950696205
        },
        {
            "iteration": 8,
            "loss": 15.499300874195825
        },
        {
            "iteration": 9,
            "loss": 15.499300874195825
        },
        {
            "iteration": 10,
            "loss": 15.499300874195825
        },
        {
            "iteration": 11,
            "loss": 15.499300874195825
        },
        {
            "iteration": 12,
            "loss": 15.418556140427649
        },
        {
            "iteration": 13,
            "loss": 15.418556140427649
        },
        {
            "iteration": 14,
            "loss": 15.283771179618872
        },
        {
            "iteration": 15,
            "loss": 15.283771179618872
        },
        {
            "iteration": 16,
            "loss": 15.283771179618872
        },
        {
            "iteration": 17,
            "loss": 15.283771179618872
        },
        {
            "iteration": 18,
            "loss": 15.128449826369547
        },
        {
            "iteration": 19,
            "loss": 15.128449826369547
        },
        {
            "iteration": 20,
            "loss": 14.906478802674158
        },
        {
            "iteration": 21,
            "loss": 14.906478802674158
        },
        {
            "iteration": 22,
            "loss": 14.906478802674158
        },
        {
            "iteration": 23,
            "loss": 14.906478802674158
        },
        {
            "iteration": 24,
            "loss": 14.708952797708754
        },
        {
            "iteration": 25,
            "loss": 14.708952797708754
        },
        {
            "iteration": 26,
            "loss": 14.447474553576662
        },
        {
            "iteration": 27,
            "loss": 14.447474553576662
        },
        {
            "iteration": 28,
            "loss": 14.447474553576662
        },
        {
            "iteration": 29,
            "loss": 14.447474553576662
        },
        {
            "iteration": 30,
            "loss": 14.207431165372153
        },
        {
            "iteration": 31,
            "loss": 14.207431165372153
        },
        {
            "iteration": 32,
            "loss": 13.841193640534865
        },
        {
            "iteration": 33,
            "loss": 13.841193640534865
        },
        {
            "iteration": 34,
            "loss": 13.841193640534865
        },
        {
            "iteration": 35,
            "loss": 13.841193640534865
        },
        {
            "iteration": 36,
            "loss": 13.546954233332084
        },
        {
            "iteration": 37,
            "loss": 13.546954233332084
        },
        {
            "iteration": 38,
            "loss": 13.168301920403731
        },
        {
            "iteration": 39,
            "loss": 13.168301920403731
        },
        {
            "iteration": 40,
            "loss": 13.168301920403731
        },
        {
            "iteration": 41,
            "loss": 12.862307576904389
        },
        {
            "iteration": 42,
            "loss": 12.862307576904389
        },
        {
            "iteration": 43,
            "loss": 12.483872351262802
        },
        {
            "iteration": 44,
            "loss": 12.483872351262802
        },
        {
            "iteration": 45,
            "loss": 12.483872351262802
        },
        {
            "iteration": 46,
            "loss": 12.054293674550774
        },
        {
            "iteration": 47,
            "loss": 12.054293674550774
        },
        {
            "iteration": 48,
            "loss": 12.054293674550774
        },
        {
            "iteration": 49,
            "loss": 11.554280037249574
        },
        {
            "iteration": 50,
            "loss": 11.554280037249574
        },
        {
            "iteration": 51,
            "loss": 11.554280037249574
        },
        {
            "iteration": 52,
            "loss": 11.554280037249574
        },
        {
            "iteration": 53,
            "loss": 11.46959918831115
        },
        {
            "iteration": 54,
            "loss": 11.46959918831115
        },
        {
            "iteration": 55,
            "loss": 11.454973019621402
        },
        {
            "iteration": 56,
            "loss": 11.454973019621402
        },
        {
            "iteration": 57,
            "loss": 11.454973019621402
        },
        {
            "iteration": 58,
            "loss": 11.454973019621402
        },
        {
            "iteration": 59,
            "loss": 11.454973019621402
        },
        {
            "iteration": 60,
            "loss": 11.454973019621402
        },
        {
            "iteration": 61,
            "loss": 11.446103680051671
        },
        {
            "iteration": 62,
            "loss": 11.4207008310329
        },
        {
            "iteration": 63,
            "loss": 11.4207008310329
        },
        {
            "iteration": 64,
            "loss": 11.294712244970542
        },
        {
            "iteration": 65,
            "loss": 11.294712244970542
        },
        {
            "iteration": 66,
            "loss": 11.294712244970542
        },
        {
            "iteration": 67,
            "loss": 11.294712244970542
        },
        {
            "iteration": 68,
            "loss": 11.294712244970542
        },
        {
            "iteration": 69,
            "loss": 11.203503631303182
        },
        {
            "iteration": 70,
            "loss": 11.203503631303182
        },
        {
            "iteration": 71,
            "loss": 11.203503631303182
        },
        {
            "iteration": 72,
            "loss": 11.203503631303182
        },
        {
            "iteration": 73,
            "loss": 11.138120551795724
        },
        {
            "iteration": 74,
            "loss": 11.138120551795724
        },
        {
            "iteration": 75,
            "loss": 11.087353548496626
        },
        {
            "iteration": 76,
            "loss": 10.838668255531019
        },
        {
            "iteration": 77,
            "loss": 10.838668255531019
        },
        {
            "iteration": 78,
            "loss": 10.838668255531019
        },
        {
            "iteration": 79,
            "loss": 10.838668255531019
        },
        {
            "iteration": 80,
            "loss": 10.838668255531019
        },
        {
            "iteration": 81,
            "loss": 10.538431975259257
        },
        {
            "iteration": 82,
            "loss": 10.538431975259257
        },
        {
            "iteration": 83,
            "loss": 10.538431975259257
        },
        {
            "iteration": 84,
            "loss": 10.409721495796418
        },
        {
            "iteration": 85,
            "loss": 10.409721495796418
        },
        {
            "iteration": 86,
            "loss": 10.409721495796418
        },
        {
            "iteration": 87,
            "loss": 10.409721495796418
        },
        {
            "iteration": 88,
            "loss": 10.409721495796418
        },
        {
            "iteration": 89,
            "loss": 10.32776810864698
        },
        {
            "iteration": 90,
            "loss": 10.249398999972444
        },
        {
            "iteration": 91,
            "loss": 10.249398999972444
        },
        {
            "iteration": 92,
            "loss": 10.249398999972444
        },
        {
            "iteration": 93,
            "loss": 10.249398999972444
        },
        {
            "iteration": 94,
            "loss": 10.249398999972444
        },
        {
            "iteration": 95,
            "loss": 10.249398999972444
        },
        {
            "iteration": 96,
            "loss": 10.249398999972444
        },
        {
            "iteration": 97,
            "loss": 10.249398999972444
        },
        {
            "iteration": 98,
            "loss": 10.249398999972444
        },
        {
            "iteration": 99,
            "loss": 10.249398999972444
        },
        {
            "iteration": 100,
            "loss": 10.249398999972444
        },
        {
            "iteration": 101,
            "loss": 10.249398999972444
        },
        {
            "iteration": 102,
            "loss": 10.249398999972444
        },
        {
            "iteration": 103,
            "loss": 10.249398999972444
        },
        {
            "iteration": 104,
            "loss": 10.249398999972444
        },
        {
            "iteration": 105,
            "loss": 10.249398999972444
        },
        {
            "iteration": 106,
            "loss": 10.249398999972444
        },
        {
            "iteration": 107,
            "loss": 10.249398999972444
        },
        {
            "iteration": 108,
            "loss": 10.218156192301578
        },
        {
            "iteration": 109,
            "loss": 10.218156192301578
        },
        {
            "iteration": 110,
            "loss": 10.218156192301578
        },
        {
            "iteration": 111,
            "loss": 10.218156192301578
        },
        {
            "iteration": 112,
            "loss": 10.218156192301578
        },
        {
            "iteration": 113,
            "loss": 10.218156192301578
        },
        {
            "iteration": 114,
            "loss": 10.218156192301578
        },
        {
            "iteration": 115,
            "loss": 10.218156192301578
        },
        {
            "iteration": 116,
            "loss": 10.218156192301578
        },
        {
            "iteration": 117,
            "loss": 10.21602032799715
        },
        {
            "iteration": 118,
            "loss": 10.21602032799715
        },
        {
            "iteration": 119,
            "loss": 10.18304674817459
        },
        {
            "iteration": 120,
            "loss": 10.18304674817459
        },
        {
            "iteration": 121,
            "loss": 10.135180174957608
        },
        {
            "iteration": 122,
            "loss": 10.135180174957608
        },
        {
            "iteration": 123,
            "loss": 10.135180174957608
        },
        {
            "iteration": 124,
            "loss": 10.135180174957608
        },
        {
            "iteration": 125,
            "loss": 10.135180174957608
        },
        {
            "iteration": 126,
            "loss": 10.135180174957608
        },
        {
            "iteration": 127,
            "loss": 10.088457799191737
        },
        {
            "iteration": 128,
            "loss": 10.088457799191737
        },
        {
            "iteration": 129,
            "loss": 10.088457799191737
        },
        {
            "iteration": 130,
            "loss": 10.088457799191737
        },
        {
            "iteration": 131,
            "loss": 10.088457799191737
        },
        {
            "iteration": 132,
            "loss": 9.996537137234334
        },
        {
            "iteration": 133,
            "loss": 9.996537137234334
        },
        {
            "iteration": 134,
            "loss": 9.996537137234334
        },
        {
            "iteration": 135,
            "loss": 9.996537137234334
        },
        {
            "iteration": 136,
            "loss": 9.996537137234334
        },
        {
            "iteration": 137,
            "loss": 9.921400984606379
        },
        {
            "iteration": 138,
            "loss": 9.921400984606379
        },
        {
            "iteration": 139,
            "loss": 9.921400984606379
        },
        {
            "iteration": 140,
            "loss": 9.843046906547556
        },
        {
            "iteration": 141,
            "loss": 9.843046906547556
        },
        {
            "iteration": 142,
            "loss": 9.843046906547556
        },
        {
            "iteration": 143,
            "loss": 9.775720014099278
        },
        {
            "iteration": 144,
            "loss": 9.775720014099278
        },
        {
            "iteration": 145,
            "loss": 9.728915865842165
        },
        {
            "iteration": 146,
            "loss": 9.728915865842165
        },
        {
            "iteration": 147,
            "loss": 9.714594137302038
        },
        {
            "iteration": 148,
            "loss": 9.714594137302038
        },
        {
            "iteration": 149,
            "loss": 9.714594137302038
        },
        {
            "iteration": 150,
            "loss": 9.667393327801388
        },
        {
            "iteration": 151,
            "loss": 9.657991586355877
        },
        {
            "iteration": 152,
            "loss": 9.657991586355877
        },
        {
            "iteration": 153,
            "loss": 9.657991586355877
        },
        {
            "iteration": 154,
            "loss": 9.657991586355877
        },
        {
            "iteration": 155,
            "loss": 9.657991586355877
        },
        {
            "iteration": 156,
            "loss": 9.657991586355877
        },
        {
            "iteration": 157,
            "loss": 9.657991586355877
        },
        {
            "iteration": 158,
            "loss": 9.657991586355877
        },
        {
            "iteration": 159,
            "loss": 9.657991586355877
        },
        {
            "iteration": 160,
            "loss": 9.657991586355877
        },
        {
            "iteration": 161,
            "loss": 9.657991586355877
        },
        {
            "iteration": 162,
            "loss": 9.657991586355877
        },
        {
            "iteration": 163,
            "loss": 9.657991586355877
        },
        {
            "iteration": 164,
            "loss": 9.657991586355877
        },
        {
            "iteration": 165,
            "loss": 9.657991586355877
        },
        {
            "iteration": 166,
            "loss": 9.657991586355877
        },
        {
            "iteration": 167,
            "loss": 9.657991586355877
        },
        {
            "iteration": 168,
            "loss": 9.657991586355877
        },
        {
            "iteration": 169,
            "loss": 9.657991586355877
        },
        {
            "iteration": 170,
            "loss": 9.657991586355877
        },
        {
            "iteration": 171,
            "loss": 9.657991586355877
        },
        {
            "iteration": 172,
            "loss": 9.656991707092317
        },
        {
            "iteration": 173,
            "loss": 9.656991707092317
        },
        {
            "iteration": 174,
            "loss": 9.656991707092317
        },
        {
            "iteration": 175,
            "loss": 9.656991707092317
        },
        {
            "iteration": 176,
            "loss": 9.652941255476719
        },
        {
            "iteration": 177,
            "loss": 9.652941255476719
        },
        {
            "iteration": 178,
            "loss": 9.652941255476719
        },
        {
            "iteration": 179,
            "loss": 9.652941255476719
        },
        {
            "iteration": 180,
            "loss": 9.641319207586935
        },
        {
            "iteration": 181,
            "loss": 9.641319207586935
        },
        {
            "iteration": 182,
            "loss": 9.641319207586935
        },
        {
            "iteration": 183,
            "loss": 9.641319207586935
        },
        {
            "iteration": 184,
            "loss": 9.641319207586935
        },
        {
            "iteration": 185,
            "loss": 9.641319207586935
        },
        {
            "iteration": 186,
            "loss": 9.641319207586935
        },
        {
            "iteration": 187,
            "loss": 9.63297173701378
        },
        {
            "iteration": 188,
            "loss": 9.63297173701378
        },
        {
            "iteration": 189,
            "loss": 9.63297173701378
        },
        {
            "iteration": 190,
            "loss": 9.614982535771542
        },
        {
            "iteration": 191,
            "loss": 9.614982535771542
        },
        {
            "iteration": 192,
            "loss": 9.614982535771542
        },
        {
            "iteration": 193,
            "loss": 9.614982535771542
        },
        {
            "iteration": 194,
            "loss": 9.59762194825551
        },
        {
            "iteration": 195,
            "loss": 9.59762194825551
        },
        {
            "iteration": 196,
            "loss": 9.59762194825551
        },
        {
            "iteration": 197,
            "loss": 9.575958320348775
        },
        {
            "iteration": 198,
            "loss": 9.575958320348775
        }
    ]
}