{
    "success": true,
    "message": "Optimization terminated successfully.",
    "final_loss": 17.255900619949273,
    "iterations": 311,
    "initial_dt_grandchildren": [
        0.009749080237694727,
        0.010901428612819834,
        0.010463987883622811,
        0.010197316968394075,
        0.009312037280884875,
        0.009311989040672408,
        0.009116167224336402,
        0.010732352291549872
    ],
    "final_dt_grandchildren": [
        0.001,
        0.07307164113052703,
        0.0751047967077048,
        0.11435090761459989,
        0.001,
        0.001,
        0.0010023307366155048,
        0.11233569456786995
    ],
    "history": [
        {
            "iteration": 0,
            "loss": 24.44174816377478
        },
        {
            "iteration": 1,
            "loss": 24.44174816377478
        },
        {
            "iteration": 2,
            "loss": 24.44174816377478
        },
        {
            "iteration": 3,
            "loss": 24.389048621674
        },
        {
            "iteration": 4,
            "loss": 24.389048621674
        },
        {
            "iteration": 5,
            "loss": 24.389048621674
        },
        {
            "iteration": 6,
            "loss": 24.389048621674
        },
        {
            "iteration": 7,
            "loss": 24.32544998132594
        },
        {
            "iteration": 8,
            "loss": 24.32544998132594
        },
        {
            "iteration": 9,
            "loss": 24.32544998132594
        },
        {
            "iteration": 10,
            "loss": 24.251138279867824
        },
        {
            "iteration": 11,
            "loss": 24.251138279867824
        },
        {
            "iteration": 12,
            "loss": 24.251138279867824
        },
        {
            "iteration": 13,
            "loss": 24.168049100988522
        },
        {
            "iteration": 14,
            "loss": 24.168049100988522
        },
        {
            "iteration": 15,
            "loss": 24.03285065615959
        },
        {
            "iteration": 16,
            "loss": 24.03285065615959
        },
        {
            "iteration": 17,
            "loss": 24.03285065615959
        },
        {
            "iteration": 18,
            "loss": 23.872821502328165
        },
        {
            "iteration": 19,
            "loss": 23.872821502328165
        },
        {
            "iteration": 20,
            "loss": 23.872821502328165
        },
        {
            "iteration": 21,
            "loss": 23.637306273116263
        },
        {
            "iteration": 22,
            "loss": 23.637306273116263
        },
        {
            "iteration": 23,
            "loss": 23.637306273116263
        },
        {
            "iteration": 24,
            "loss": 23.438262729680048
        },
        {
            "iteration": 25,
            "loss": 23.438262729680048
        },
        {
            "iteration": 26,
            "loss": 23.438262729680048
        },
        {
            "iteration": 27,
            "loss": 23.130999789888367
        },
        {
            "iteration": 28,
            "loss": 23.130999789888367
        },
        {
            "iteration": 29,
            "loss": 23.130999789888367
        },
        {
            "iteration": 30,
            "loss": 22.788377882031078
        },
        {
            "iteration": 31,
            "loss": 22.788377882031078
        },
        {
            "iteration": 32,
            "loss": 22.788377882031078
        },
        {
            "iteration": 33,
            "loss": 22.359476546803364
        },
        {
            "iteration": 34,
            "loss": 22.359476546803364
        },
        {
            "iteration": 35,
            "loss": 21.868952910191066
        },
        {
            "iteration": 36,
            "loss": 21.868952910191066
        },
        {
            "iteration": 37,
            "loss": 21.868952910191066
        },
        {
            "iteration": 38,
            "loss": 21.22001726945411
        },
        {
            "iteration": 39,
            "loss": 21.22001726945411
        },
        {
            "iteration": 40,
            "loss": 21.22001726945411
        },
        {
            "iteration": 41,
            "loss": 20.431813899056113
        },
        {
            "iteration": 42,
            "loss": 20.431813899056113
        },
        {
            "iteration": 43,
            "loss": 20.431813899056113
        },
        {
            "iteration": 44,
            "loss": 19.71921004176445
        },
        {
            "iteration": 45,
            "loss": 19.71921004176445
        },
        {
            "iteration": 46,
            "loss": 19.71921004176445
        },
        {
            "iteration": 47,
            "loss": 19.010126835567753
        },
        {
            "iteration": 48,
            "loss": 19.010126835567753
        },
        {
            "iteration": 49,
            "loss": 18.593991493762772
        },
        {
            "iteration": 50,
            "loss": 18.593991493762772
        },
        {
            "iteration": 51,
            "loss": 18.593991493762772
        },
        {
            "iteration": 52,
            "loss": 18.547892873352424
        },
        {
            "iteration": 53,
            "loss": 18.511208379649624
        },
        {
            "iteration": 54,
            "loss": 18.490677745306026
        },
        {
            "iteration": 55,
            "loss": 18.490677745306026
        },
        {
            "iteration": 56,
            "loss": 18.490677745306026
        },
        {
            "iteration": 57,
            "loss": 18.490677745306026
        },
        {
            "iteration": 58,
            "loss": 18.490677745306026
        },
        {
            "iteration": 59,
            "loss": 18.490677745306026
        },
        {
            "iteration": 60,
            "loss": 18.490677745306026
        },
        {
            "iteration": 61,
            "loss": 18.490677745306026
        },
        {
            "iteration": 62,
            "loss": 18.490677745306026
        },
        {
            "iteration": 63,
            "loss": 18.490677745306026
        },
        {
            "iteration": 64,
            "loss": 18.490677745306026
        },
        {
            "iteration": 65,
            "loss": 18.490677745306026
        },
        {
            "iteration": 66,
            "loss": 18.490677745306026
        },
        {
            "iteration": 67,
            "loss": 18.490677745306026
        },
        {
            "iteration": 68,
            "loss": 18.48918546784879
        },
        {
            "iteration": 69,
            "loss": 18.48918546784879
        },
        {
            "iteration": 70,
            "loss": 18.48918546784879
        },
        {
            "iteration": 71,
            "loss": 18.48918546784879
        },
        {
            "iteration": 72,
            "loss": 18.453017219694622
        },
        {
            "iteration": 73,
            "loss": 18.453017219694622
        },
        {
            "iteration": 74,
            "loss": 18.453017219694622
        },
        {
            "iteration": 75,
            "loss": 18.453017219694622
        },
        {
            "iteration": 76,
            "loss": 18.453017219694622
        },
        {
            "iteration": 77,
            "loss": 18.453017219694622
        },
        {
            "iteration": 78,
            "loss": 18.43047818899084
        },
        {
            "iteration": 79,
            "loss": 18.43047818899084
        },
        {
            "iteration": 80,
            "loss": 18.43047818899084
        },
        {
            "iteration": 81,
            "loss": 18.43047818899084
        },
        {
            "iteration": 82,
            "loss": 18.402373765024
        },
        {
            "iteration": 83,
            "loss": 18.402373765024
        },
        {
            "iteration": 84,
            "loss": 18.402373765024
        },
        {
            "iteration": 85,
            "loss": 18.35000079327086
        },
        {
            "iteration": 86,
            "loss": 18.35000079327086
        },
        {
            "iteration": 87,
            "loss": 18.35000079327086
        },
        {
            "iteration": 88,
            "loss": 18.35000079327086
        },
        {
            "iteration": 89,
            "loss": 18.283335087425343
        },
        {
            "iteration": 90,
            "loss": 18.283335087425343
        },
        {
            "iteration": 91,
            "loss": 18.283335087425343
        },
        {
            "iteration": 92,
            "loss": 18.2124029601694
        },
        {
            "iteration": 93,
            "loss": 18.2124029601694
        },
        {
            "iteration": 94,
            "loss": 18.2124029601694
        },
        {
            "iteration": 95,
            "loss": 18.156915472654738
        },
        {
            "iteration": 96,
            "loss": 18.156915472654738
        },
        {
            "iteration": 97,
            "loss": 18.081255109264525
        },
        {
            "iteration": 98,
            "loss": 18.081255109264525
        },
        {
            "iteration": 99,
            "loss": 17.950196446177888
        },
        {
            "iteration": 100,
            "loss": 17.950196446177888
        },
        {
            "iteration": 101,
            "loss": 17.950196446177888
        },
        {
            "iteration": 102,
            "loss": 17.83923241814565
        },
        {
            "iteration": 103,
            "loss": 17.83923241814565
        },
        {
            "iteration": 104,
            "loss": 17.83923241814565
        },
        {
            "iteration": 105,
            "loss": 17.657866920698776
        },
        {
            "iteration": 106,
            "loss": 17.657866920698776
        },
        {
            "iteration": 107,
            "loss": 17.657866920698776
        },
        {
            "iteration": 108,
            "loss": 17.657866920698776
        },
        {
            "iteration": 109,
            "loss": 17.657866920698776
        },
        {
            "iteration": 110,
            "loss": 17.657866920698776
        },
        {
            "iteration": 111,
            "loss": 17.475528458298974
        },
        {
            "iteration": 112,
            "loss": 17.475528458298974
        },
        {
            "iteration": 113,
            "loss": 17.475528458298974
        },
        {
            "iteration": 114,
            "loss": 17.431089741957788
        },
        {
            "iteration": 115,
            "loss": 17.431089741957788
        },
        {
            "iteration": 116,
            "loss": 17.431089741957788
        },
        {
            "iteration": 117,
            "loss": 17.431089741957788
        },
        {
            "iteration": 118,
            "loss": 17.431089741957788
        },
        {
            "iteration": 119,
            "loss": 17.431089741957788
        },
        {
            "iteration": 120,
            "loss": 17.431089741957788
        },
        {
            "iteration": 121,
            "loss": 17.41574458979982
        },
        {
            "iteration": 122,
            "loss": 17.41574458979982
        },
        {
            "iteration": 123,
            "loss": 17.41574458979982
        },
        {
            "iteration": 124,
            "loss": 17.41574458979982
        },
        {
            "iteration": 125,
            "loss": 17.41574458979982
        },
        {
            "iteration": 126,
            "loss": 17.41574458979982
        },
        {
            "iteration": 127,
            "loss": 17.41574458979982
        },
        {
            "iteration": 128,
            "loss": 17.41574458979982
        },
        {
            "iteration": 129,
            "loss": 17.41574458979982
        },
        {
            "iteration": 130,
            "loss": 17.41574458979982
        },
        {
            "iteration": 131,
            "loss": 17.41574458979982
        },
        {
            "iteration": 132,
            "loss": 17.41574458979982
        },
        {
            "iteration": 133,
            "loss": 17.41574458979982
        },
        {
            "iteration": 134,
            "loss": 17.41574458979982
        },
        {
            "iteration": 135,
            "loss": 17.41574458979982
        },
        {
            "iteration": 136,
            "loss": 17.409550125463316
        },
        {
            "iteration": 137,
            "loss": 17.409550125463316
        },
        {
            "iteration": 138,
            "loss": 17.403057398846435
        },
        {
            "iteration": 139,
            "loss": 17.403057398846435
        },
        {
            "iteration": 140,
            "loss": 17.403057398846435
        },
        {
            "iteration": 141,
            "loss": 17.403057398846435
        },
        {
            "iteration": 142,
            "loss": 17.403057398846435
        },
        {
            "iteration": 143,
            "loss": 17.386920816135653
        },
        {
            "iteration": 144,
            "loss": 17.386920816135653
        },
        {
            "iteration": 145,
            "loss": 17.386920816135653
        },
        {
            "iteration": 146,
            "loss": 17.386920816135653
        },
        {
            "iteration": 147,
            "loss": 17.386920816135653
        },
        {
            "iteration": 148,
            "loss": 17.386920816135653
        },
        {
            "iteration": 149,
            "loss": 17.386920816135653
        },
        {
            "iteration": 150,
            "loss": 17.386920816135653
        },
        {
            "iteration": 151,
            "loss": 17.386920816135653
        },
        {
            "iteration": 152,
            "loss": 17.386920816135653
        },
        {
            "iteration": 153,
            "loss": 17.386920816135653
        },
        {
            "iteration": 154,
            "loss": 17.386920816135653
        },
        {
            "iteration": 155,
            "loss": 17.368648402037074
        },
        {
            "iteration": 156,
            "loss": 17.368648402037074
        },
        {
            "iteration": 157,
            "loss": 17.368648402037074
        },
        {
            "iteration": 158,
            "loss": 17.368648402037074
        },
        {
            "iteration": 159,
            "loss": 17.368648402037074
        },
        {
            "iteration": 160,
            "loss": 17.368648402037074
        },
        {
            "iteration": 161,
            "loss": 17.368648402037074
        },
        {
            "iteration": 162,
            "loss": 17.368648402037074
        },
        {
            "iteration": 163,
            "loss": 17.368648402037074
        },
        {
            "iteration": 164,
            "loss": 17.3645234223014
        },
        {
            "iteration": 165,
            "loss": 17.360643370778515
        },
        {
            "iteration": 166,
            "loss": 17.360643370778515
        },
        {
            "iteration": 167,
            "loss": 17.360643370778515
        },
        {
            "iteration": 168,
            "loss": 17.34916276887895
        },
        {
            "iteration": 169,
            "loss": 17.34916276887895
        },
        {
            "iteration": 170,
            "loss": 17.34916276887895
        },
        {
            "iteration": 171,
            "loss": 17.34916276887895
        },
        {
            "iteration": 172,
            "loss": 17.34916276887895
        },
        {
            "iteration": 173,
            "loss": 17.345877368711513
        },
        {
            "iteration": 174,
            "loss": 17.345877368711513
        },
        {
            "iteration": 175,
            "loss": 17.345877368711513
        },
        {
            "iteration": 176,
            "loss": 17.342508058888185
        },
        {
            "iteration": 177,
            "loss": 17.342508058888185
        },
        {
            "iteration": 178,
            "loss": 17.342508058888185
        },
        {
            "iteration": 179,
            "loss": 17.342508058888185
        },
        {
            "iteration": 180,
            "loss": 17.342508058888185
        },
        {
            "iteration": 181,
            "loss": 17.342508058888185
        },
        {
            "iteration": 182,
            "loss": 17.342508058888185
        },
        {
            "iteration": 183,
            "loss": 17.342508058888185
        },
        {
            "iteration": 184,
            "loss": 17.342508058888185
        },
        {
            "iteration": 185,
            "loss": 17.342416744226266
        },
        {
            "iteration": 186,
            "loss": 17.34073718023154
        },
        {
            "iteration": 187,
            "loss": 17.34073718023154
        },
        {
            "iteration": 188,
            "loss": 17.34073718023154
        },
        {
            "iteration": 189,
            "loss": 17.34073718023154
        },
        {
            "iteration": 190,
            "loss": 17.33892833831321
        },
        {
            "iteration": 191,
            "loss": 17.33892833831321
        },
        {
            "iteration": 192,
            "loss": 17.33892833831321
        },
        {
            "iteration": 193,
            "loss": 17.33681026334141
        },
        {
            "iteration": 194,
            "loss": 17.33681026334141
        },
        {
            "iteration": 195,
            "loss": 17.33681026334141
        },
        {
            "iteration": 196,
            "loss": 17.33681026334141
        },
        {
            "iteration": 197,
            "loss": 17.335013317768336
        },
        {
            "iteration": 198,
            "loss": 17.335013317768336
        },
        {
            "iteration": 199,
            "loss": 17.33273606133896
        },
        {
            "iteration": 200,
            "loss": 17.331335229453302
        },
        {
            "iteration": 201,
            "loss": 17.3283387201561
        },
        {
            "iteration": 202,
            "loss": 17.32359546149947
        },
        {
            "iteration": 203,
            "loss": 17.32359546149947
        },
        {
            "iteration": 204,
            "loss": 17.318505962905505
        },
        {
            "iteration": 205,
            "loss": 17.318505962905505
        },
        {
            "iteration": 206,
            "loss": 17.318505962905505
        },
        {
            "iteration": 207,
            "loss": 17.31143165965108
        },
        {
            "iteration": 208,
            "loss": 17.31143165965108
        },
        {
            "iteration": 209,
            "loss": 17.31143165965108
        },
        {
            "iteration": 210,
            "loss": 17.303891820567834
        },
        {
            "iteration": 211,
            "loss": 17.300970966827585
        },
        {
            "iteration": 212,
            "loss": 17.300970966827585
        },
        {
            "iteration": 213,
            "loss": 17.300970966827585
        },
        {
            "iteration": 214,
            "loss": 17.300970966827585
        },
        {
            "iteration": 215,
            "loss": 17.300970966827585
        },
        {
            "iteration": 216,
            "loss": 17.300970966827585
        },
        {
            "iteration": 217,
            "loss": 17.300970966827585
        },
        {
            "iteration": 218,
            "loss": 17.300970966827585
        },
        {
            "iteration": 219,
            "loss": 17.300970966827585
        },
        {
            "iteration": 220,
            "loss": 17.300970966827585
        },
        {
            "iteration": 221,
            "loss": 17.300970966827585
        },
        {
            "iteration": 222,
            "loss": 17.297910414436046
        },
        {
            "iteration": 223,
            "loss": 17.297910414436046
        },
        {
            "iteration": 224,
            "loss": 17.297910414436046
        },
        {
            "iteration": 225,
            "loss": 17.297910414436046
        },
        {
            "iteration": 226,
            "loss": 17.296365451845972
        },
        {
            "iteration": 227,
            "loss": 17.28941142320803
        },
        {
            "iteration": 228,
            "loss": 17.28941142320803
        },
        {
            "iteration": 229,
            "loss": 17.28941142320803
        },
        {
            "iteration": 230,
            "loss": 17.28941142320803
        },
        {
            "iteration": 231,
            "loss": 17.28941142320803
        },
        {
            "iteration": 232,
            "loss": 17.28941142320803
        },
        {
            "iteration": 233,
            "loss": 17.289377702272727
        },
        {
            "iteration": 234,
            "loss": 17.281142087714905
        },
        {
            "iteration": 235,
            "loss": 17.281142087714905
        },
        {
            "iteration": 236,
            "loss": 17.281142087714905
        },
        {
            "iteration": 237,
            "loss": 17.281142087714905
        },
        {
            "iteration": 238,
            "loss": 17.281142087714905
        },
        {
            "iteration": 239,
            "loss": 17.281142087714905
        },
        {
            "iteration": 240,
            "loss": 17.274850010429
        },
        {
            "iteration": 241,
            "loss": 17.274850010429
        },
        {
            "iteration": 242,
            "loss": 17.27009109405992
        },
        {
            "iteration": 243,
            "loss": 17.27009109405992
        },
        {
            "iteration": 244,
            "loss": 17.27009109405992
        },
        {
            "iteration": 245,
            "loss": 17.269255476531928
        },
        {
            "iteration": 246,
            "loss": 17.269255476531928
        },
        {
            "iteration": 247,
            "loss": 17.269255476531928
        },
        {
            "iteration": 248,
            "loss": 17.267871150270167
        },
        {
            "iteration": 249,
            "loss": 17.26632851446429
        },
        {
            "iteration": 250,
            "loss": 17.262642693313175
        },
        {
            "iteration": 251,
            "loss": 17.262642693313175
        },
        {
            "iteration": 252,
            "loss": 17.262642693313175
        },
        {
            "iteration": 253,
            "loss": 17.262642693313175
        },
        {
            "iteration": 254,
            "loss": 17.262642693313175
        },
        {
            "iteration": 255,
            "loss": 17.261507899120843
        },
        {
            "iteration": 256,
            "loss": 17.261507899120843
        },
        {
            "iteration": 257,
            "loss": 17.261257953508053
        },
        {
            "iteration": 258,
            "loss": 17.2594972600604
        },
        {
            "iteration": 259,
            "loss": 17.258361800441428
        },
        {
            "iteration": 260,
            "loss": 17.258361800441428
        },
        {
            "iteration": 261,
            "loss": 17.258361800441428
        },
        {
            "iteration": 262,
            "loss": 17.258361800441428
        },
        {
            "iteration": 263,
            "loss": 17.258361800441428
        },
        {
            "iteration": 264,
            "loss": 17.258361800441428
        },
        {
            "iteration": 265,
            "loss": 17.258361800441428
        },
        {
            "iteration": 266,
            "loss": 17.258361800441428
        },
        {
            "iteration": 267,
            "loss": 17.258361800441428
        },
        {
            "iteration": 268,
            "loss": 17.258361800441428
        },
        {
            "iteration": 269,
            "loss": 17.258361800441428
        },
        {
            "iteration": 270,
            "loss": 17.256247859958563
        },
        {
            "iteration": 271,
            "loss": 17.256247859958563
        },
        {
            "iteration": 272,
            "loss": 17.256247859958563
        },
        {
            "iteration": 273,
            "loss": 17.256247859958563
        },
        {
            "iteration": 274,
            "loss": 17.256247859958563
        },
        {
            "iteration": 275,
            "loss": 17.256247859958563
        },
        {
            "iteration": 276,
            "loss": 17.256247859958563
        },
        {
            "iteration": 277,
            "loss": 17.256247859958563
        },
        {
            "iteration": 278,
            "loss": 17.256247859958563
        },
        {
            "iteration": 279,
            "loss": 17.256247859958563
        },
        {
            "iteration": 280,
            "loss": 17.256247859958563
        },
        {
            "iteration": 281,
            "loss": 17.256247859958563
        },
        {
            "iteration": 282,
            "loss": 17.256247859958563
        },
        {
            "iteration": 283,
            "loss": 17.25614319702254
        },
        {
            "iteration": 284,
            "loss": 17.25614319702254
        },
        {
            "iteration": 285,
            "loss": 17.25614319702254
        },
        {
            "iteration": 286,
            "loss": 17.25614319702254
        },
        {
            "iteration": 287,
            "loss": 17.255959606710856
        },
        {
            "iteration": 288,
            "loss": 17.255959606710856
        },
        {
            "iteration": 289,
            "loss": 17.255959606710856
        },
        {
            "iteration": 290,
            "loss": 17.255959606710856
        },
        {
            "iteration": 291,
            "loss": 17.255959606710856
        },
        {
            "iteration": 292,
            "loss": 17.255959606710856
        },
        {
            "iteration": 293,
            "loss": 17.255959606710856
        },
        {
            "iteration": 294,
            "loss": 17.255959606710856
        },
        {
            "iteration": 295,
            "loss": 17.255959606710856
        },
        {
            "iteration": 296,
            "loss": 17.255959606710856
        },
        {
            "iteration": 297,
            "loss": 17.255959606710856
        },
        {
            "iteration": 298,
            "loss": 17.255953952702903
        },
        {
            "iteration": 299,
            "loss": 17.25594777675238
        },
        {
            "iteration": 300,
            "loss": 17.255928025096537
        },
        {
            "iteration": 301,
            "loss": 17.255921561699232
        },
        {
            "iteration": 302,
            "loss": 17.25591701665181
        },
        {
            "iteration": 303,
            "loss": 17.25591701665181
        },
        {
            "iteration": 304,
            "loss": 17.25591701665181
        },
        {
            "iteration": 305,
            "loss": 17.255904278703866
        },
        {
            "iteration": 306,
            "loss": 17.255904278703866
        },
        {
            "iteration": 307,
            "loss": 17.255900619949273
        },
        {
            "iteration": 308,
            "loss": 17.255900619949273
        },
        {
            "iteration": 309,
            "loss": 17.255900619949273
        },
        {
            "iteration": 310,
            "loss": 17.255900619949273
        }
    ]
}