{
    "success": true,
    "message": "Optimization terminated successfully.",
    "final_loss": 0.09954063576356376,
    "iterations": 271,
    "initial_dt_grandchildren": [
        0.009749080237694727,
        0.010901428612819834,
        0.010463987883622811,
        0.010197316968394075,
        0.009312037280884875,
        0.009311989040672408,
        0.009116167224336402,
        0.010732352291549872
    ],
    "final_dt_grandchildren": [
        0.001,
        0.001,
        0.001,
        0.12763344040063523,
        0.12542025756229508,
        0.001,
        0.001,
        0.08503259569930398
    ],
    "history": [
        {
            "iteration": 0,
            "loss": 0.16406765578599902
        },
        {
            "iteration": 1,
            "loss": 0.16406765578599902
        },
        {
            "iteration": 2,
            "loss": 0.16363251295503645
        },
        {
            "iteration": 3,
            "loss": 0.16363251295503645
        },
        {
            "iteration": 4,
            "loss": 0.16363251295503645
        },
        {
            "iteration": 5,
            "loss": 0.16363251295503645
        },
        {
            "iteration": 6,
            "loss": 0.16312363300601973
        },
        {
            "iteration": 7,
            "loss": 0.16312363300601973
        },
        {
            "iteration": 8,
            "loss": 0.16224646481665772
        },
        {
            "iteration": 9,
            "loss": 0.16224646481665772
        },
        {
            "iteration": 10,
            "loss": 0.16224646481665772
        },
        {
            "iteration": 11,
            "loss": 0.16224646481665772
        },
        {
            "iteration": 12,
            "loss": 0.1614267525427202
        },
        {
            "iteration": 13,
            "loss": 0.1614267525427202
        },
        {
            "iteration": 14,
            "loss": 0.16001017081830682
        },
        {
            "iteration": 15,
            "loss": 0.16001017081830682
        },
        {
            "iteration": 16,
            "loss": 0.16001017081830682
        },
        {
            "iteration": 17,
            "loss": 0.16001017081830682
        },
        {
            "iteration": 18,
            "loss": 0.15843520245984166
        },
        {
            "iteration": 19,
            "loss": 0.15843520245984166
        },
        {
            "iteration": 20,
            "loss": 0.156159356044288
        },
        {
            "iteration": 21,
            "loss": 0.156159356044288
        },
        {
            "iteration": 22,
            "loss": 0.156159356044288
        },
        {
            "iteration": 23,
            "loss": 0.156159356044288
        },
        {
            "iteration": 24,
            "loss": 0.15412358798070258
        },
        {
            "iteration": 25,
            "loss": 0.15412358798070258
        },
        {
            "iteration": 26,
            "loss": 0.15145797643524972
        },
        {
            "iteration": 27,
            "loss": 0.15145797643524972
        },
        {
            "iteration": 28,
            "loss": 0.15145797643524972
        },
        {
            "iteration": 29,
            "loss": 0.15145797643524972
        },
        {
            "iteration": 30,
            "loss": 0.14895770246667794
        },
        {
            "iteration": 31,
            "loss": 0.14895770246667794
        },
        {
            "iteration": 32,
            "loss": 0.14514468277666026
        },
        {
            "iteration": 33,
            "loss": 0.14514468277666026
        },
        {
            "iteration": 34,
            "loss": 0.14514468277666026
        },
        {
            "iteration": 35,
            "loss": 0.14514468277666026
        },
        {
            "iteration": 36,
            "loss": 0.14203446711616152
        },
        {
            "iteration": 37,
            "loss": 0.14203446711616152
        },
        {
            "iteration": 38,
            "loss": 0.13783736133547464
        },
        {
            "iteration": 39,
            "loss": 0.13783736133547464
        },
        {
            "iteration": 40,
            "loss": 0.13783736133547464
        },
        {
            "iteration": 41,
            "loss": 0.13783736133547464
        },
        {
            "iteration": 42,
            "loss": 0.13379411155088405
        },
        {
            "iteration": 43,
            "loss": 0.13379411155088405
        },
        {
            "iteration": 44,
            "loss": 0.12896546096161288
        },
        {
            "iteration": 45,
            "loss": 0.12896546096161288
        },
        {
            "iteration": 46,
            "loss": 0.12896546096161288
        },
        {
            "iteration": 47,
            "loss": 0.12445512493708932
        },
        {
            "iteration": 48,
            "loss": 0.12445512493708932
        },
        {
            "iteration": 49,
            "loss": 0.12445512493708932
        },
        {
            "iteration": 50,
            "loss": 0.11645525429218395
        },
        {
            "iteration": 51,
            "loss": 0.11645525429218395
        },
        {
            "iteration": 52,
            "loss": 0.11645525429218395
        },
        {
            "iteration": 53,
            "loss": 0.11645525429218395
        },
        {
            "iteration": 54,
            "loss": 0.11132281777932818
        },
        {
            "iteration": 55,
            "loss": 0.11132281777932818
        },
        {
            "iteration": 56,
            "loss": 0.11132281777932818
        },
        {
            "iteration": 57,
            "loss": 0.11091974732867982
        },
        {
            "iteration": 58,
            "loss": 0.11073673225242331
        },
        {
            "iteration": 59,
            "loss": 0.11040597000053509
        },
        {
            "iteration": 60,
            "loss": 0.11040597000053509
        },
        {
            "iteration": 61,
            "loss": 0.11040597000053509
        },
        {
            "iteration": 62,
            "loss": 0.11040597000053509
        },
        {
            "iteration": 63,
            "loss": 0.11040597000053509
        },
        {
            "iteration": 64,
            "loss": 0.11040597000053509
        },
        {
            "iteration": 65,
            "loss": 0.11040597000053509
        },
        {
            "iteration": 66,
            "loss": 0.1103809016427384
        },
        {
            "iteration": 67,
            "loss": 0.1103809016427384
        },
        {
            "iteration": 68,
            "loss": 0.1103809016427384
        },
        {
            "iteration": 69,
            "loss": 0.1103809016427384
        },
        {
            "iteration": 70,
            "loss": 0.1103809016427384
        },
        {
            "iteration": 71,
            "loss": 0.11037314424519451
        },
        {
            "iteration": 72,
            "loss": 0.11033450316487148
        },
        {
            "iteration": 73,
            "loss": 0.11001673686704194
        },
        {
            "iteration": 74,
            "loss": 0.11001673686704194
        },
        {
            "iteration": 75,
            "loss": 0.11001673686704194
        },
        {
            "iteration": 76,
            "loss": 0.11001673686704194
        },
        {
            "iteration": 77,
            "loss": 0.11001673686704194
        },
        {
            "iteration": 78,
            "loss": 0.11001673686704194
        },
        {
            "iteration": 79,
            "loss": 0.10999065469921376
        },
        {
            "iteration": 80,
            "loss": 0.10991846343990375
        },
        {
            "iteration": 81,
            "loss": 0.10991846343990375
        },
        {
            "iteration": 82,
            "loss": 0.10991846343990375
        },
        {
            "iteration": 83,
            "loss": 0.109398116144245
        },
        {
            "iteration": 84,
            "loss": 0.109398116144245
        },
        {
            "iteration": 85,
            "loss": 0.109398116144245
        },
        {
            "iteration": 86,
            "loss": 0.109398116144245
        },
        {
            "iteration": 87,
            "loss": 0.109398116144245
        },
        {
            "iteration": 88,
            "loss": 0.10911470841400117
        },
        {
            "iteration": 89,
            "loss": 0.10911470841400117
        },
        {
            "iteration": 90,
            "loss": 0.10911470841400117
        },
        {
            "iteration": 91,
            "loss": 0.10848103289165678
        },
        {
            "iteration": 92,
            "loss": 0.10848103289165678
        },
        {
            "iteration": 93,
            "loss": 0.10848103289165678
        },
        {
            "iteration": 94,
            "loss": 0.10848103289165678
        },
        {
            "iteration": 95,
            "loss": 0.10848103289165678
        },
        {
            "iteration": 96,
            "loss": 0.10783594344747982
        },
        {
            "iteration": 97,
            "loss": 0.10783594344747982
        },
        {
            "iteration": 98,
            "loss": 0.10686665999048017
        },
        {
            "iteration": 99,
            "loss": 0.10686665999048017
        },
        {
            "iteration": 100,
            "loss": 0.10686665999048017
        },
        {
            "iteration": 101,
            "loss": 0.10686665999048017
        },
        {
            "iteration": 102,
            "loss": 0.10580614705283864
        },
        {
            "iteration": 103,
            "loss": 0.10580614705283864
        },
        {
            "iteration": 104,
            "loss": 0.10442278836298158
        },
        {
            "iteration": 105,
            "loss": 0.10442278836298158
        },
        {
            "iteration": 106,
            "loss": 0.10442278836298158
        },
        {
            "iteration": 107,
            "loss": 0.10442278836298158
        },
        {
            "iteration": 108,
            "loss": 0.1043018456638265
        },
        {
            "iteration": 109,
            "loss": 0.10420524373222761
        },
        {
            "iteration": 110,
            "loss": 0.10376088976449083
        },
        {
            "iteration": 111,
            "loss": 0.10376088976449083
        },
        {
            "iteration": 112,
            "loss": 0.10376088976449083
        },
        {
            "iteration": 113,
            "loss": 0.10363948857187921
        },
        {
            "iteration": 114,
            "loss": 0.10363948857187921
        },
        {
            "iteration": 115,
            "loss": 0.10363948857187921
        },
        {
            "iteration": 116,
            "loss": 0.10363948857187921
        },
        {
            "iteration": 117,
            "loss": 0.10356657029328886
        },
        {
            "iteration": 118,
            "loss": 0.10355326009155164
        },
        {
            "iteration": 119,
            "loss": 0.10355326009155164
        },
        {
            "iteration": 120,
            "loss": 0.10355326009155164
        },
        {
            "iteration": 121,
            "loss": 0.10355326009155164
        },
        {
            "iteration": 122,
            "loss": 0.10355326009155164
        },
        {
            "iteration": 123,
            "loss": 0.10355326009155164
        },
        {
            "iteration": 124,
            "loss": 0.10355326009155164
        },
        {
            "iteration": 125,
            "loss": 0.10355326009155164
        },
        {
            "iteration": 126,
            "loss": 0.10355326009155164
        },
        {
            "iteration": 127,
            "loss": 0.10355326009155164
        },
        {
            "iteration": 128,
            "loss": 0.10355326009155164
        },
        {
            "iteration": 129,
            "loss": 0.10355326009155164
        },
        {
            "iteration": 130,
            "loss": 0.10355326009155164
        },
        {
            "iteration": 131,
            "loss": 0.10354833577978795
        },
        {
            "iteration": 132,
            "loss": 0.10354833577978795
        },
        {
            "iteration": 133,
            "loss": 0.10354665423584919
        },
        {
            "iteration": 134,
            "loss": 0.1035456981463021
        },
        {
            "iteration": 135,
            "loss": 0.1035456981463021
        },
        {
            "iteration": 136,
            "loss": 0.10349111700206493
        },
        {
            "iteration": 137,
            "loss": 0.10349111700206493
        },
        {
            "iteration": 138,
            "loss": 0.10349111700206493
        },
        {
            "iteration": 139,
            "loss": 0.10349111700206493
        },
        {
            "iteration": 140,
            "loss": 0.10349111700206493
        },
        {
            "iteration": 141,
            "loss": 0.10349111700206493
        },
        {
            "iteration": 142,
            "loss": 0.10349111700206493
        },
        {
            "iteration": 143,
            "loss": 0.10349111700206493
        },
        {
            "iteration": 144,
            "loss": 0.10348863960341248
        },
        {
            "iteration": 145,
            "loss": 0.10348863960341248
        },
        {
            "iteration": 146,
            "loss": 0.10343231601633107
        },
        {
            "iteration": 147,
            "loss": 0.10343231601633107
        },
        {
            "iteration": 148,
            "loss": 0.10343231601633107
        },
        {
            "iteration": 149,
            "loss": 0.10340655047165725
        },
        {
            "iteration": 150,
            "loss": 0.10340655047165725
        },
        {
            "iteration": 151,
            "loss": 0.10340655047165725
        },
        {
            "iteration": 152,
            "loss": 0.10340655047165725
        },
        {
            "iteration": 153,
            "loss": 0.1033424510882881
        },
        {
            "iteration": 154,
            "loss": 0.10325261240604533
        },
        {
            "iteration": 155,
            "loss": 0.10325261240604533
        },
        {
            "iteration": 156,
            "loss": 0.10325261240604533
        },
        {
            "iteration": 157,
            "loss": 0.10325261240604533
        },
        {
            "iteration": 158,
            "loss": 0.10325261240604533
        },
        {
            "iteration": 159,
            "loss": 0.10322179318403002
        },
        {
            "iteration": 160,
            "loss": 0.10305598637786062
        },
        {
            "iteration": 161,
            "loss": 0.10305598637786062
        },
        {
            "iteration": 162,
            "loss": 0.10305598637786062
        },
        {
            "iteration": 163,
            "loss": 0.10305598637786062
        },
        {
            "iteration": 164,
            "loss": 0.10288854577290252
        },
        {
            "iteration": 165,
            "loss": 0.10288854577290252
        },
        {
            "iteration": 166,
            "loss": 0.10288854577290252
        },
        {
            "iteration": 167,
            "loss": 0.10288854577290252
        },
        {
            "iteration": 168,
            "loss": 0.10268825633542988
        },
        {
            "iteration": 169,
            "loss": 0.10268825633542988
        },
        {
            "iteration": 170,
            "loss": 0.10268825633542988
        },
        {
            "iteration": 171,
            "loss": 0.10268698061350179
        },
        {
            "iteration": 172,
            "loss": 0.10233913687536145
        },
        {
            "iteration": 173,
            "loss": 0.10233913687536145
        },
        {
            "iteration": 174,
            "loss": 0.10233913687536145
        },
        {
            "iteration": 175,
            "loss": 0.10208371814919559
        },
        {
            "iteration": 176,
            "loss": 0.1017679438278627
        },
        {
            "iteration": 177,
            "loss": 0.1017679438278627
        },
        {
            "iteration": 178,
            "loss": 0.1017679438278627
        },
        {
            "iteration": 179,
            "loss": 0.1017679438278627
        },
        {
            "iteration": 180,
            "loss": 0.10104304503253303
        },
        {
            "iteration": 181,
            "loss": 0.10104304503253303
        },
        {
            "iteration": 182,
            "loss": 0.10104304503253303
        },
        {
            "iteration": 183,
            "loss": 0.10104304503253303
        },
        {
            "iteration": 184,
            "loss": 0.10057074448571868
        },
        {
            "iteration": 185,
            "loss": 0.10057074448571868
        },
        {
            "iteration": 186,
            "loss": 0.10057074448571868
        },
        {
            "iteration": 187,
            "loss": 0.1004160437575834
        },
        {
            "iteration": 188,
            "loss": 0.09975652373886845
        },
        {
            "iteration": 189,
            "loss": 0.09975652373886845
        },
        {
            "iteration": 190,
            "loss": 0.09975652373886845
        },
        {
            "iteration": 191,
            "loss": 0.09962852844241255
        },
        {
            "iteration": 192,
            "loss": 0.09956490384553263
        },
        {
            "iteration": 193,
            "loss": 0.09956490384553263
        },
        {
            "iteration": 194,
            "loss": 0.09956490384553263
        },
        {
            "iteration": 195,
            "loss": 0.09956490384553263
        },
        {
            "iteration": 196,
            "loss": 0.09956490384553263
        },
        {
            "iteration": 197,
            "loss": 0.09956490384553263
        },
        {
            "iteration": 198,
            "loss": 0.09956490384553263
        },
        {
            "iteration": 199,
            "loss": 0.09956490384553263
        },
        {
            "iteration": 200,
            "loss": 0.09956490384553263
        },
        {
            "iteration": 201,
            "loss": 0.09956490384553263
        },
        {
            "iteration": 202,
            "loss": 0.09956490384553263
        },
        {
            "iteration": 203,
            "loss": 0.09956490384553263
        },
        {
            "iteration": 204,
            "loss": 0.09956490384553263
        },
        {
            "iteration": 205,
            "loss": 0.09956490384553263
        },
        {
            "iteration": 206,
            "loss": 0.09956490384553263
        },
        {
            "iteration": 207,
            "loss": 0.09956490384553263
        },
        {
            "iteration": 208,
            "loss": 0.09956490384553263
        },
        {
            "iteration": 209,
            "loss": 0.09956490384553263
        },
        {
            "iteration": 210,
            "loss": 0.09956294801502708
        },
        {
            "iteration": 211,
            "loss": 0.09955768186033609
        },
        {
            "iteration": 212,
            "loss": 0.09955768186033609
        },
        {
            "iteration": 213,
            "loss": 0.0995552574069265
        },
        {
            "iteration": 214,
            "loss": 0.0995552574069265
        },
        {
            "iteration": 215,
            "loss": 0.09955307550887227
        },
        {
            "iteration": 216,
            "loss": 0.09954809111389196
        },
        {
            "iteration": 217,
            "loss": 0.09954809111389196
        },
        {
            "iteration": 218,
            "loss": 0.09954751752066926
        },
        {
            "iteration": 219,
            "loss": 0.09954515445503276
        },
        {
            "iteration": 220,
            "loss": 0.09954515445503276
        },
        {
            "iteration": 221,
            "loss": 0.09954515445503276
        },
        {
            "iteration": 222,
            "loss": 0.09954509218226448
        },
        {
            "iteration": 223,
            "loss": 0.09954406552855843
        },
        {
            "iteration": 224,
            "loss": 0.09954343710811031
        },
        {
            "iteration": 225,
            "loss": 0.09954309719377363
        },
        {
            "iteration": 226,
            "loss": 0.09954212902770365
        },
        {
            "iteration": 227,
            "loss": 0.09954200165651983
        },
        {
            "iteration": 228,
            "loss": 0.09954168139272213
        },
        {
            "iteration": 229,
            "loss": 0.09954157093883609
        },
        {
            "iteration": 230,
            "loss": 0.09954157093883609
        },
        {
            "iteration": 231,
            "loss": 0.09954136431773009
        },
        {
            "iteration": 232,
            "loss": 0.09954136431773009
        },
        {
            "iteration": 233,
            "loss": 0.09954126877727631
        },
        {
            "iteration": 234,
            "loss": 0.09954119140999751
        },
        {
            "iteration": 235,
            "loss": 0.09954119140999751
        },
        {
            "iteration": 236,
            "loss": 0.09954092005484227
        },
        {
            "iteration": 237,
            "loss": 0.09954092005484227
        },
        {
            "iteration": 238,
            "loss": 0.09954084254475148
        },
        {
            "iteration": 239,
            "loss": 0.09954084187173606
        },
        {
            "iteration": 240,
            "loss": 0.09954084187173606
        },
        {
            "iteration": 241,
            "loss": 0.09954077649361892
        },
        {
            "iteration": 242,
            "loss": 0.09954077649361892
        },
        {
            "iteration": 243,
            "loss": 0.09954077649361892
        },
        {
            "iteration": 244,
            "loss": 0.09954075449734034
        },
        {
            "iteration": 245,
            "loss": 0.09954071240826323
        },
        {
            "iteration": 246,
            "loss": 0.0995406907035985
        },
        {
            "iteration": 247,
            "loss": 0.09954068328188725
        },
        {
            "iteration": 248,
            "loss": 0.0995406801700831
        },
        {
            "iteration": 249,
            "loss": 0.09954066302016074
        },
        {
            "iteration": 250,
            "loss": 0.09954066302016074
        },
        {
            "iteration": 251,
            "loss": 0.09954066302016074
        },
        {
            "iteration": 252,
            "loss": 0.09954066302016074
        },
        {
            "iteration": 253,
            "loss": 0.09954066302016074
        },
        {
            "iteration": 254,
            "loss": 0.09954065617182195
        },
        {
            "iteration": 255,
            "loss": 0.09954065254935429
        },
        {
            "iteration": 256,
            "loss": 0.0995406422393259
        },
        {
            "iteration": 257,
            "loss": 0.0995406422393259
        },
        {
            "iteration": 258,
            "loss": 0.09954064021781761
        },
        {
            "iteration": 259,
            "loss": 0.09954064021781761
        },
        {
            "iteration": 260,
            "loss": 0.09954064021781761
        },
        {
            "iteration": 261,
            "loss": 0.09954064021781761
        },
        {
            "iteration": 262,
            "loss": 0.09954064021781761
        },
        {
            "iteration": 263,
            "loss": 0.09954064021781761
        },
        {
            "iteration": 264,
            "loss": 0.09954063903820298
        },
        {
            "iteration": 265,
            "loss": 0.09954063903820298
        },
        {
            "iteration": 266,
            "loss": 0.0995406378083672
        },
        {
            "iteration": 267,
            "loss": 0.0995406378083672
        },
        {
            "iteration": 268,
            "loss": 0.0995406378083672
        },
        {
            "iteration": 269,
            "loss": 0.09954063576356376
        },
        {
            "iteration": 270,
            "loss": 0.09954063576356376
        }
    ]
}