{
    "success": false,
    "message": "Maximum number of iterations has been exceeded.",
    "final_loss": 8.125802180151476,
    "iterations": 300,
    "initial_dt_grandchildren": [
        0.009749080237694727,
        0.010901428612819834,
        0.010463987883622811,
        0.010197316968394075,
        0.009312037280884875,
        0.009311989040672408,
        0.009116167224336402,
        0.010732352291549872
    ],
    "final_dt_grandchildren": [
        0.0034089936258281427,
        0.0791506987671814,
        0.08433362850038248,
        0.001,
        0.003245438526078832,
        0.11668840693282256,
        0.12436193559111129,
        0.001
    ],
    "history": [
        {
            "iteration": 0,
            "loss": 15.676604484804269
        },
        {
            "iteration": 1,
            "loss": 15.676604484804269
        },
        {
            "iteration": 2,
            "loss": 15.631346614018007
        },
        {
            "iteration": 3,
            "loss": 15.631346614018007
        },
        {
            "iteration": 4,
            "loss": 15.631346614018007
        },
        {
            "iteration": 5,
            "loss": 15.631346614018007
        },
        {
            "iteration": 6,
            "loss": 15.58346950696205
        },
        {
            "iteration": 7,
            "loss": 15.58346950696205
        },
        {
            "iteration": 8,
            "loss": 15.499300874195825
        },
        {
            "iteration": 9,
            "loss": 15.499300874195825
        },
        {
            "iteration": 10,
            "loss": 15.499300874195825
        },
        {
            "iteration": 11,
            "loss": 15.499300874195825
        },
        {
            "iteration": 12,
            "loss": 15.418556140427649
        },
        {
            "iteration": 13,
            "loss": 15.418556140427649
        },
        {
            "iteration": 14,
            "loss": 15.283771179618872
        },
        {
            "iteration": 15,
            "loss": 15.283771179618872
        },
        {
            "iteration": 16,
            "loss": 15.283771179618872
        },
        {
            "iteration": 17,
            "loss": 15.283771179618872
        },
        {
            "iteration": 18,
            "loss": 15.128449826369547
        },
        {
            "iteration": 19,
            "loss": 15.128449826369547
        },
        {
            "iteration": 20,
            "loss": 14.906478802674158
        },
        {
            "iteration": 21,
            "loss": 14.906478802674158
        },
        {
            "iteration": 22,
            "loss": 14.906478802674158
        },
        {
            "iteration": 23,
            "loss": 14.906478802674158
        },
        {
            "iteration": 24,
            "loss": 14.708952797708754
        },
        {
            "iteration": 25,
            "loss": 14.708952797708754
        },
        {
            "iteration": 26,
            "loss": 14.447474553576662
        },
        {
            "iteration": 27,
            "loss": 14.447474553576662
        },
        {
            "iteration": 28,
            "loss": 14.447474553576662
        },
        {
            "iteration": 29,
            "loss": 14.447474553576662
        },
        {
            "iteration": 30,
            "loss": 14.207431165372153
        },
        {
            "iteration": 31,
            "loss": 14.207431165372153
        },
        {
            "iteration": 32,
            "loss": 13.841193640534865
        },
        {
            "iteration": 33,
            "loss": 13.841193640534865
        },
        {
            "iteration": 34,
            "loss": 13.841193640534865
        },
        {
            "iteration": 35,
            "loss": 13.841193640534865
        },
        {
            "iteration": 36,
            "loss": 13.546954233332084
        },
        {
            "iteration": 37,
            "loss": 13.546954233332084
        },
        {
            "iteration": 38,
            "loss": 13.168301920403731
        },
        {
            "iteration": 39,
            "loss": 13.168301920403731
        },
        {
            "iteration": 40,
            "loss": 13.168301920403731
        },
        {
            "iteration": 41,
            "loss": 12.862307576904389
        },
        {
            "iteration": 42,
            "loss": 12.862307576904389
        },
        {
            "iteration": 43,
            "loss": 12.483872351262802
        },
        {
            "iteration": 44,
            "loss": 12.483872351262802
        },
        {
            "iteration": 45,
            "loss": 12.483872351262802
        },
        {
            "iteration": 46,
            "loss": 12.054293674550774
        },
        {
            "iteration": 47,
            "loss": 12.054293674550774
        },
        {
            "iteration": 48,
            "loss": 12.054293674550774
        },
        {
            "iteration": 49,
            "loss": 11.554280037249574
        },
        {
            "iteration": 50,
            "loss": 11.554280037249574
        },
        {
            "iteration": 51,
            "loss": 11.554280037249574
        },
        {
            "iteration": 52,
            "loss": 11.554280037249574
        },
        {
            "iteration": 53,
            "loss": 11.46959918831115
        },
        {
            "iteration": 54,
            "loss": 11.46959918831115
        },
        {
            "iteration": 55,
            "loss": 11.454973019621402
        },
        {
            "iteration": 56,
            "loss": 11.454973019621402
        },
        {
            "iteration": 57,
            "loss": 11.454973019621402
        },
        {
            "iteration": 58,
            "loss": 11.454973019621402
        },
        {
            "iteration": 59,
            "loss": 11.454973019621402
        },
        {
            "iteration": 60,
            "loss": 11.454973019621402
        },
        {
            "iteration": 61,
            "loss": 11.446103680051671
        },
        {
            "iteration": 62,
            "loss": 11.4207008310329
        },
        {
            "iteration": 63,
            "loss": 11.4207008310329
        },
        {
            "iteration": 64,
            "loss": 11.294712244970542
        },
        {
            "iteration": 65,
            "loss": 11.294712244970542
        },
        {
            "iteration": 66,
            "loss": 11.294712244970542
        },
        {
            "iteration": 67,
            "loss": 11.294712244970542
        },
        {
            "iteration": 68,
            "loss": 11.294712244970542
        },
        {
            "iteration": 69,
            "loss": 11.203503631303182
        },
        {
            "iteration": 70,
            "loss": 11.203503631303182
        },
        {
            "iteration": 71,
            "loss": 11.203503631303182
        },
        {
            "iteration": 72,
            "loss": 11.203503631303182
        },
        {
            "iteration": 73,
            "loss": 11.138120551795724
        },
        {
            "iteration": 74,
            "loss": 11.138120551795724
        },
        {
            "iteration": 75,
            "loss": 11.087353548496626
        },
        {
            "iteration": 76,
            "loss": 10.838668255531019
        },
        {
            "iteration": 77,
            "loss": 10.838668255531019
        },
        {
            "iteration": 78,
            "loss": 10.838668255531019
        },
        {
            "iteration": 79,
            "loss": 10.838668255531019
        },
        {
            "iteration": 80,
            "loss": 10.838668255531019
        },
        {
            "iteration": 81,
            "loss": 10.538431975259257
        },
        {
            "iteration": 82,
            "loss": 10.538431975259257
        },
        {
            "iteration": 83,
            "loss": 10.538431975259257
        },
        {
            "iteration": 84,
            "loss": 10.409721495796418
        },
        {
            "iteration": 85,
            "loss": 10.409721495796418
        },
        {
            "iteration": 86,
            "loss": 10.409721495796418
        },
        {
            "iteration": 87,
            "loss": 10.409721495796418
        },
        {
            "iteration": 88,
            "loss": 10.409721495796418
        },
        {
            "iteration": 89,
            "loss": 10.32776810864698
        },
        {
            "iteration": 90,
            "loss": 10.249398999972444
        },
        {
            "iteration": 91,
            "loss": 10.249398999972444
        },
        {
            "iteration": 92,
            "loss": 10.249398999972444
        },
        {
            "iteration": 93,
            "loss": 10.249398999972444
        },
        {
            "iteration": 94,
            "loss": 10.249398999972444
        },
        {
            "iteration": 95,
            "loss": 10.249398999972444
        },
        {
            "iteration": 96,
            "loss": 10.249398999972444
        },
        {
            "iteration": 97,
            "loss": 10.249398999972444
        },
        {
            "iteration": 98,
            "loss": 10.249398999972444
        },
        {
            "iteration": 99,
            "loss": 10.249398999972444
        },
        {
            "iteration": 100,
            "loss": 10.249398999972444
        },
        {
            "iteration": 101,
            "loss": 10.249398999972444
        },
        {
            "iteration": 102,
            "loss": 10.249398999972444
        },
        {
            "iteration": 103,
            "loss": 10.249398999972444
        },
        {
            "iteration": 104,
            "loss": 10.249398999972444
        },
        {
            "iteration": 105,
            "loss": 10.249398999972444
        },
        {
            "iteration": 106,
            "loss": 10.249398999972444
        },
        {
            "iteration": 107,
            "loss": 10.249398999972444
        },
        {
            "iteration": 108,
            "loss": 10.218156192301578
        },
        {
            "iteration": 109,
            "loss": 10.218156192301578
        },
        {
            "iteration": 110,
            "loss": 10.218156192301578
        },
        {
            "iteration": 111,
            "loss": 10.218156192301578
        },
        {
            "iteration": 112,
            "loss": 10.218156192301578
        },
        {
            "iteration": 113,
            "loss": 10.218156192301578
        },
        {
            "iteration": 114,
            "loss": 10.218156192301578
        },
        {
            "iteration": 115,
            "loss": 10.218156192301578
        },
        {
            "iteration": 116,
            "loss": 10.218156192301578
        },
        {
            "iteration": 117,
            "loss": 10.21602032799715
        },
        {
            "iteration": 118,
            "loss": 10.21602032799715
        },
        {
            "iteration": 119,
            "loss": 10.18304674817459
        },
        {
            "iteration": 120,
            "loss": 10.18304674817459
        },
        {
            "iteration": 121,
            "loss": 10.135180174957608
        },
        {
            "iteration": 122,
            "loss": 10.135180174957608
        },
        {
            "iteration": 123,
            "loss": 10.135180174957608
        },
        {
            "iteration": 124,
            "loss": 10.135180174957608
        },
        {
            "iteration": 125,
            "loss": 10.135180174957608
        },
        {
            "iteration": 126,
            "loss": 10.135180174957608
        },
        {
            "iteration": 127,
            "loss": 10.088457799191737
        },
        {
            "iteration": 128,
            "loss": 10.088457799191737
        },
        {
            "iteration": 129,
            "loss": 10.088457799191737
        },
        {
            "iteration": 130,
            "loss": 10.088457799191737
        },
        {
            "iteration": 131,
            "loss": 10.088457799191737
        },
        {
            "iteration": 132,
            "loss": 9.996537137234334
        },
        {
            "iteration": 133,
            "loss": 9.996537137234334
        },
        {
            "iteration": 134,
            "loss": 9.996537137234334
        },
        {
            "iteration": 135,
            "loss": 9.996537137234334
        },
        {
            "iteration": 136,
            "loss": 9.996537137234334
        },
        {
            "iteration": 137,
            "loss": 9.921400984606379
        },
        {
            "iteration": 138,
            "loss": 9.921400984606379
        },
        {
            "iteration": 139,
            "loss": 9.921400984606379
        },
        {
            "iteration": 140,
            "loss": 9.843046906547556
        },
        {
            "iteration": 141,
            "loss": 9.843046906547556
        },
        {
            "iteration": 142,
            "loss": 9.843046906547556
        },
        {
            "iteration": 143,
            "loss": 9.775720014099278
        },
        {
            "iteration": 144,
            "loss": 9.775720014099278
        },
        {
            "iteration": 145,
            "loss": 9.728915865842165
        },
        {
            "iteration": 146,
            "loss": 9.728915865842165
        },
        {
            "iteration": 147,
            "loss": 9.714594137302038
        },
        {
            "iteration": 148,
            "loss": 9.714594137302038
        },
        {
            "iteration": 149,
            "loss": 9.714594137302038
        },
        {
            "iteration": 150,
            "loss": 9.667393327801388
        },
        {
            "iteration": 151,
            "loss": 9.657991586355877
        },
        {
            "iteration": 152,
            "loss": 9.657991586355877
        },
        {
            "iteration": 153,
            "loss": 9.657991586355877
        },
        {
            "iteration": 154,
            "loss": 9.657991586355877
        },
        {
            "iteration": 155,
            "loss": 9.657991586355877
        },
        {
            "iteration": 156,
            "loss": 9.657991586355877
        },
        {
            "iteration": 157,
            "loss": 9.657991586355877
        },
        {
            "iteration": 158,
            "loss": 9.657991586355877
        },
        {
            "iteration": 159,
            "loss": 9.657991586355877
        },
        {
            "iteration": 160,
            "loss": 9.657991586355877
        },
        {
            "iteration": 161,
            "loss": 9.657991586355877
        },
        {
            "iteration": 162,
            "loss": 9.657991586355877
        },
        {
            "iteration": 163,
            "loss": 9.657991586355877
        },
        {
            "iteration": 164,
            "loss": 9.657991586355877
        },
        {
            "iteration": 165,
            "loss": 9.657991586355877
        },
        {
            "iteration": 166,
            "loss": 9.657991586355877
        },
        {
            "iteration": 167,
            "loss": 9.657991586355877
        },
        {
            "iteration": 168,
            "loss": 9.657991586355877
        },
        {
            "iteration": 169,
            "loss": 9.657991586355877
        },
        {
            "iteration": 170,
            "loss": 9.657991586355877
        },
        {
            "iteration": 171,
            "loss": 9.657991586355877
        },
        {
            "iteration": 172,
            "loss": 9.656991707092317
        },
        {
            "iteration": 173,
            "loss": 9.656991707092317
        },
        {
            "iteration": 174,
            "loss": 9.656991707092317
        },
        {
            "iteration": 175,
            "loss": 9.656991707092317
        },
        {
            "iteration": 176,
            "loss": 9.652941255476719
        },
        {
            "iteration": 177,
            "loss": 9.652941255476719
        },
        {
            "iteration": 178,
            "loss": 9.652941255476719
        },
        {
            "iteration": 179,
            "loss": 9.652941255476719
        },
        {
            "iteration": 180,
            "loss": 9.641319207586935
        },
        {
            "iteration": 181,
            "loss": 9.641319207586935
        },
        {
            "iteration": 182,
            "loss": 9.641319207586935
        },
        {
            "iteration": 183,
            "loss": 9.641319207586935
        },
        {
            "iteration": 184,
            "loss": 9.641319207586935
        },
        {
            "iteration": 185,
            "loss": 9.641319207586935
        },
        {
            "iteration": 186,
            "loss": 9.641319207586935
        },
        {
            "iteration": 187,
            "loss": 9.63297173701378
        },
        {
            "iteration": 188,
            "loss": 9.63297173701378
        },
        {
            "iteration": 189,
            "loss": 9.63297173701378
        },
        {
            "iteration": 190,
            "loss": 9.614982535771542
        },
        {
            "iteration": 191,
            "loss": 9.614982535771542
        },
        {
            "iteration": 192,
            "loss": 9.614982535771542
        },
        {
            "iteration": 193,
            "loss": 9.614982535771542
        },
        {
            "iteration": 194,
            "loss": 9.59762194825551
        },
        {
            "iteration": 195,
            "loss": 9.59762194825551
        },
        {
            "iteration": 196,
            "loss": 9.59762194825551
        },
        {
            "iteration": 197,
            "loss": 9.575958320348775
        },
        {
            "iteration": 198,
            "loss": 9.575958320348775
        },
        {
            "iteration": 199,
            "loss": 9.575958320348775
        },
        {
            "iteration": 200,
            "loss": 9.575958320348775
        },
        {
            "iteration": 201,
            "loss": 9.538039262435298
        },
        {
            "iteration": 202,
            "loss": 9.538039262435298
        },
        {
            "iteration": 203,
            "loss": 9.538039262435298
        },
        {
            "iteration": 204,
            "loss": 9.494300827666667
        },
        {
            "iteration": 205,
            "loss": 9.494300827666667
        },
        {
            "iteration": 206,
            "loss": 9.494300827666667
        },
        {
            "iteration": 207,
            "loss": 9.494300827666667
        },
        {
            "iteration": 208,
            "loss": 9.472617973158366
        },
        {
            "iteration": 209,
            "loss": 9.408225629480182
        },
        {
            "iteration": 210,
            "loss": 9.408225629480182
        },
        {
            "iteration": 211,
            "loss": 9.408225629480182
        },
        {
            "iteration": 212,
            "loss": 9.341213499680595
        },
        {
            "iteration": 213,
            "loss": 9.341213499680595
        },
        {
            "iteration": 214,
            "loss": 9.341213499680595
        },
        {
            "iteration": 215,
            "loss": 9.31639846122096
        },
        {
            "iteration": 216,
            "loss": 9.31639846122096
        },
        {
            "iteration": 217,
            "loss": 9.159387140219383
        },
        {
            "iteration": 218,
            "loss": 9.159387140219383
        },
        {
            "iteration": 219,
            "loss": 9.159387140219383
        },
        {
            "iteration": 220,
            "loss": 9.065750684699804
        },
        {
            "iteration": 221,
            "loss": 9.065750684699804
        },
        {
            "iteration": 222,
            "loss": 9.065750684699804
        },
        {
            "iteration": 223,
            "loss": 9.065750684699804
        },
        {
            "iteration": 224,
            "loss": 8.872333815680673
        },
        {
            "iteration": 225,
            "loss": 8.872333815680673
        },
        {
            "iteration": 226,
            "loss": 8.872333815680673
        },
        {
            "iteration": 227,
            "loss": 8.872333815680673
        },
        {
            "iteration": 228,
            "loss": 8.872333815680673
        },
        {
            "iteration": 229,
            "loss": 8.685216990410506
        },
        {
            "iteration": 230,
            "loss": 8.685216990410506
        },
        {
            "iteration": 231,
            "loss": 8.472784177155571
        },
        {
            "iteration": 232,
            "loss": 8.472784177155571
        },
        {
            "iteration": 233,
            "loss": 8.472784177155571
        },
        {
            "iteration": 234,
            "loss": 8.472784177155571
        },
        {
            "iteration": 235,
            "loss": 8.30959920724954
        },
        {
            "iteration": 236,
            "loss": 8.30959920724954
        },
        {
            "iteration": 237,
            "loss": 8.179433023071311
        },
        {
            "iteration": 238,
            "loss": 8.179433023071311
        },
        {
            "iteration": 239,
            "loss": 8.179433023071311
        },
        {
            "iteration": 240,
            "loss": 8.1769458796805
        },
        {
            "iteration": 241,
            "loss": 8.1769458796805
        },
        {
            "iteration": 242,
            "loss": 8.1769458796805
        },
        {
            "iteration": 243,
            "loss": 8.1769458796805
        },
        {
            "iteration": 244,
            "loss": 8.1769458796805
        },
        {
            "iteration": 245,
            "loss": 8.1769458796805
        },
        {
            "iteration": 246,
            "loss": 8.171322477358249
        },
        {
            "iteration": 247,
            "loss": 8.171322477358249
        },
        {
            "iteration": 248,
            "loss": 8.133082171027965
        },
        {
            "iteration": 249,
            "loss": 8.133082171027965
        },
        {
            "iteration": 250,
            "loss": 8.133082171027965
        },
        {
            "iteration": 251,
            "loss": 8.133082171027965
        },
        {
            "iteration": 252,
            "loss": 8.133082171027965
        },
        {
            "iteration": 253,
            "loss": 8.133082171027965
        },
        {
            "iteration": 254,
            "loss": 8.133082171027965
        },
        {
            "iteration": 255,
            "loss": 8.13295709684507
        },
        {
            "iteration": 256,
            "loss": 8.13295709684507
        },
        {
            "iteration": 257,
            "loss": 8.13295709684507
        },
        {
            "iteration": 258,
            "loss": 8.13295709684507
        },
        {
            "iteration": 259,
            "loss": 8.13295709684507
        },
        {
            "iteration": 260,
            "loss": 8.13295709684507
        },
        {
            "iteration": 261,
            "loss": 8.13295709684507
        },
        {
            "iteration": 262,
            "loss": 8.13114387240989
        },
        {
            "iteration": 263,
            "loss": 8.13015730624904
        },
        {
            "iteration": 264,
            "loss": 8.13015730624904
        },
        {
            "iteration": 265,
            "loss": 8.12919161273054
        },
        {
            "iteration": 266,
            "loss": 8.127878585264993
        },
        {
            "iteration": 267,
            "loss": 8.127878585264993
        },
        {
            "iteration": 268,
            "loss": 8.127878585264993
        },
        {
            "iteration": 269,
            "loss": 8.127878585264993
        },
        {
            "iteration": 270,
            "loss": 8.127878585264993
        },
        {
            "iteration": 271,
            "loss": 8.127194404438866
        },
        {
            "iteration": 272,
            "loss": 8.127194404438866
        },
        {
            "iteration": 273,
            "loss": 8.127194404438866
        },
        {
            "iteration": 274,
            "loss": 8.127165689850873
        },
        {
            "iteration": 275,
            "loss": 8.12687353894049
        },
        {
            "iteration": 276,
            "loss": 8.12687353894049
        },
        {
            "iteration": 277,
            "loss": 8.126624665913926
        },
        {
            "iteration": 278,
            "loss": 8.126624665913926
        },
        {
            "iteration": 279,
            "loss": 8.126501793007963
        },
        {
            "iteration": 280,
            "loss": 8.126232515996072
        },
        {
            "iteration": 281,
            "loss": 8.126232515996072
        },
        {
            "iteration": 282,
            "loss": 8.126232515996072
        },
        {
            "iteration": 283,
            "loss": 8.126232515996072
        },
        {
            "iteration": 284,
            "loss": 8.126232515996072
        },
        {
            "iteration": 285,
            "loss": 8.126091685198388
        },
        {
            "iteration": 286,
            "loss": 8.126091685198388
        },
        {
            "iteration": 287,
            "loss": 8.126091685198388
        },
        {
            "iteration": 288,
            "loss": 8.126091685198388
        },
        {
            "iteration": 289,
            "loss": 8.125926957262969
        },
        {
            "iteration": 290,
            "loss": 8.125926957262969
        },
        {
            "iteration": 291,
            "loss": 8.125926957262969
        },
        {
            "iteration": 292,
            "loss": 8.125926957262969
        },
        {
            "iteration": 293,
            "loss": 8.125914456759645
        },
        {
            "iteration": 294,
            "loss": 8.125912375927202
        },
        {
            "iteration": 295,
            "loss": 8.125912375927202
        },
        {
            "iteration": 296,
            "loss": 8.125859001082347
        },
        {
            "iteration": 297,
            "loss": 8.125859001082347
        },
        {
            "iteration": 298,
            "loss": 8.125802180151476
        }
    ]
}