{
    "success": true,
    "message": "Optimization terminated successfully.",
    "final_loss": 10.2461129325774,
    "iterations": 346,
    "initial_dt_grandchildren": [
        0.009749080237694727,
        0.010901428612819834,
        0.010463987883622811,
        0.010197316968394075,
        0.009312037280884875,
        0.009311989040672408,
        0.009116167224336402,
        0.010732352291549872
    ],
    "final_dt_grandchildren": [
        0.001,
        0.19998157547044992,
        0.10835007605186872,
        0.11537325462474962,
        0.001,
        0.0010350763153518798,
        0.0010232313250443416,
        0.07212122946350703
    ],
    "history": [
        {
            "iteration": 0,
            "loss": 24.405197955562034
        },
        {
            "iteration": 1,
            "loss": 24.405197955562034
        },
        {
            "iteration": 2,
            "loss": 24.334631163416596
        },
        {
            "iteration": 3,
            "loss": 24.334631163416596
        },
        {
            "iteration": 4,
            "loss": 24.208940020177337
        },
        {
            "iteration": 5,
            "loss": 24.208940020177337
        },
        {
            "iteration": 6,
            "loss": 24.208940020177337
        },
        {
            "iteration": 7,
            "loss": 24.208940020177337
        },
        {
            "iteration": 8,
            "loss": 24.023462120751944
        },
        {
            "iteration": 9,
            "loss": 24.023462120751944
        },
        {
            "iteration": 10,
            "loss": 24.023462120751944
        },
        {
            "iteration": 11,
            "loss": 24.023462120751944
        },
        {
            "iteration": 12,
            "loss": 23.808368426083483
        },
        {
            "iteration": 13,
            "loss": 23.808368426083483
        },
        {
            "iteration": 14,
            "loss": 23.808368426083483
        },
        {
            "iteration": 15,
            "loss": 23.5357470754435
        },
        {
            "iteration": 16,
            "loss": 23.5357470754435
        },
        {
            "iteration": 17,
            "loss": 23.5357470754435
        },
        {
            "iteration": 18,
            "loss": 23.253780821390286
        },
        {
            "iteration": 19,
            "loss": 23.253780821390286
        },
        {
            "iteration": 20,
            "loss": 22.80969288798418
        },
        {
            "iteration": 21,
            "loss": 22.80969288798418
        },
        {
            "iteration": 22,
            "loss": 22.80969288798418
        },
        {
            "iteration": 23,
            "loss": 22.269514849745594
        },
        {
            "iteration": 24,
            "loss": 22.269514849745594
        },
        {
            "iteration": 25,
            "loss": 22.269514849745594
        },
        {
            "iteration": 26,
            "loss": 21.677635876857757
        },
        {
            "iteration": 27,
            "loss": 21.677635876857757
        },
        {
            "iteration": 28,
            "loss": 21.677635876857757
        },
        {
            "iteration": 29,
            "loss": 20.96022200064532
        },
        {
            "iteration": 30,
            "loss": 20.96022200064532
        },
        {
            "iteration": 31,
            "loss": 20.96022200064532
        },
        {
            "iteration": 32,
            "loss": 20.029036498780947
        },
        {
            "iteration": 33,
            "loss": 20.029036498780947
        },
        {
            "iteration": 34,
            "loss": 20.029036498780947
        },
        {
            "iteration": 35,
            "loss": 19.00755348807744
        },
        {
            "iteration": 36,
            "loss": 19.00755348807744
        },
        {
            "iteration": 37,
            "loss": 17.93195007488843
        },
        {
            "iteration": 38,
            "loss": 17.93195007488843
        },
        {
            "iteration": 39,
            "loss": 17.93195007488843
        },
        {
            "iteration": 40,
            "loss": 16.567318027383852
        },
        {
            "iteration": 41,
            "loss": 16.567318027383852
        },
        {
            "iteration": 42,
            "loss": 16.567318027383852
        },
        {
            "iteration": 43,
            "loss": 15.25905719931284
        },
        {
            "iteration": 44,
            "loss": 15.25905719931284
        },
        {
            "iteration": 45,
            "loss": 15.25905719931284
        },
        {
            "iteration": 46,
            "loss": 14.433373271051448
        },
        {
            "iteration": 47,
            "loss": 14.433373271051448
        },
        {
            "iteration": 48,
            "loss": 14.03868006431339
        },
        {
            "iteration": 49,
            "loss": 14.03868006431339
        },
        {
            "iteration": 50,
            "loss": 14.03868006431339
        },
        {
            "iteration": 51,
            "loss": 14.03868006431339
        },
        {
            "iteration": 52,
            "loss": 14.03868006431339
        },
        {
            "iteration": 53,
            "loss": 12.10456587222844
        },
        {
            "iteration": 54,
            "loss": 12.10456587222844
        },
        {
            "iteration": 55,
            "loss": 12.10456587222844
        },
        {
            "iteration": 56,
            "loss": 11.343984456930851
        },
        {
            "iteration": 57,
            "loss": 11.343984456930851
        },
        {
            "iteration": 58,
            "loss": 11.343984456930851
        },
        {
            "iteration": 59,
            "loss": 11.343984456930851
        },
        {
            "iteration": 60,
            "loss": 11.269935196373979
        },
        {
            "iteration": 61,
            "loss": 11.263642533365479
        },
        {
            "iteration": 62,
            "loss": 11.263642533365479
        },
        {
            "iteration": 63,
            "loss": 11.263642533365479
        },
        {
            "iteration": 64,
            "loss": 11.263642533365479
        },
        {
            "iteration": 65,
            "loss": 11.263642533365479
        },
        {
            "iteration": 66,
            "loss": 11.263642533365479
        },
        {
            "iteration": 67,
            "loss": 11.263642533365479
        },
        {
            "iteration": 68,
            "loss": 11.263642533365479
        },
        {
            "iteration": 69,
            "loss": 11.254689383028857
        },
        {
            "iteration": 70,
            "loss": 11.254689383028857
        },
        {
            "iteration": 71,
            "loss": 11.254689383028857
        },
        {
            "iteration": 72,
            "loss": 11.09359931342468
        },
        {
            "iteration": 73,
            "loss": 11.09359931342468
        },
        {
            "iteration": 74,
            "loss": 11.09359931342468
        },
        {
            "iteration": 75,
            "loss": 11.09359931342468
        },
        {
            "iteration": 76,
            "loss": 11.09359931342468
        },
        {
            "iteration": 77,
            "loss": 11.09359931342468
        },
        {
            "iteration": 78,
            "loss": 11.09359931342468
        },
        {
            "iteration": 79,
            "loss": 11.09359931342468
        },
        {
            "iteration": 80,
            "loss": 10.982356858873029
        },
        {
            "iteration": 81,
            "loss": 10.982356858873029
        },
        {
            "iteration": 82,
            "loss": 10.982356858873029
        },
        {
            "iteration": 83,
            "loss": 10.982356858873029
        },
        {
            "iteration": 84,
            "loss": 10.874504209554448
        },
        {
            "iteration": 85,
            "loss": 10.874504209554448
        },
        {
            "iteration": 86,
            "loss": 10.874504209554448
        },
        {
            "iteration": 87,
            "loss": 10.874504209554448
        },
        {
            "iteration": 88,
            "loss": 10.771913554657802
        },
        {
            "iteration": 89,
            "loss": 10.771913554657802
        },
        {
            "iteration": 90,
            "loss": 10.771913554657802
        },
        {
            "iteration": 91,
            "loss": 10.771913554657802
        },
        {
            "iteration": 92,
            "loss": 10.721491220535155
        },
        {
            "iteration": 93,
            "loss": 10.647374259331432
        },
        {
            "iteration": 94,
            "loss": 10.647374259331432
        },
        {
            "iteration": 95,
            "loss": 10.647374259331432
        },
        {
            "iteration": 96,
            "loss": 10.647374259331432
        },
        {
            "iteration": 97,
            "loss": 10.647374259331432
        },
        {
            "iteration": 98,
            "loss": 10.613107605399115
        },
        {
            "iteration": 99,
            "loss": 10.613107605399115
        },
        {
            "iteration": 100,
            "loss": 10.613107605399115
        },
        {
            "iteration": 101,
            "loss": 10.580358240025168
        },
        {
            "iteration": 102,
            "loss": 10.558759048366005
        },
        {
            "iteration": 103,
            "loss": 10.558759048366005
        },
        {
            "iteration": 104,
            "loss": 10.558759048366005
        },
        {
            "iteration": 105,
            "loss": 10.558759048366005
        },
        {
            "iteration": 106,
            "loss": 10.558759048366005
        },
        {
            "iteration": 107,
            "loss": 10.558759048366005
        },
        {
            "iteration": 108,
            "loss": 10.554536995604826
        },
        {
            "iteration": 109,
            "loss": 10.554536995604826
        },
        {
            "iteration": 110,
            "loss": 10.554536995604826
        },
        {
            "iteration": 111,
            "loss": 10.554536995604826
        },
        {
            "iteration": 112,
            "loss": 10.532195327516
        },
        {
            "iteration": 113,
            "loss": 10.532195327516
        },
        {
            "iteration": 114,
            "loss": 10.532195327516
        },
        {
            "iteration": 115,
            "loss": 10.532195327516
        },
        {
            "iteration": 116,
            "loss": 10.532195327516
        },
        {
            "iteration": 117,
            "loss": 10.532195327516
        },
        {
            "iteration": 118,
            "loss": 10.532195327516
        },
        {
            "iteration": 119,
            "loss": 10.532195327516
        },
        {
            "iteration": 120,
            "loss": 10.50040036441694
        },
        {
            "iteration": 121,
            "loss": 10.50040036441694
        },
        {
            "iteration": 122,
            "loss": 10.50040036441694
        },
        {
            "iteration": 123,
            "loss": 10.50040036441694
        },
        {
            "iteration": 124,
            "loss": 10.50040036441694
        },
        {
            "iteration": 125,
            "loss": 10.463047274706515
        },
        {
            "iteration": 126,
            "loss": 10.463047274706515
        },
        {
            "iteration": 127,
            "loss": 10.463047274706515
        },
        {
            "iteration": 128,
            "loss": 10.463047274706515
        },
        {
            "iteration": 129,
            "loss": 10.463047274706515
        },
        {
            "iteration": 130,
            "loss": 10.431476077018608
        },
        {
            "iteration": 131,
            "loss": 10.431476077018608
        },
        {
            "iteration": 132,
            "loss": 10.431476077018608
        },
        {
            "iteration": 133,
            "loss": 10.39741095913634
        },
        {
            "iteration": 134,
            "loss": 10.39741095913634
        },
        {
            "iteration": 135,
            "loss": 10.39741095913634
        },
        {
            "iteration": 136,
            "loss": 10.335596578908929
        },
        {
            "iteration": 137,
            "loss": 10.335596578908929
        },
        {
            "iteration": 138,
            "loss": 10.335596578908929
        },
        {
            "iteration": 139,
            "loss": 10.335596578908929
        },
        {
            "iteration": 140,
            "loss": 10.335596578908929
        },
        {
            "iteration": 141,
            "loss": 10.327444484563316
        },
        {
            "iteration": 142,
            "loss": 10.327444484563316
        },
        {
            "iteration": 143,
            "loss": 10.322599395451352
        },
        {
            "iteration": 144,
            "loss": 10.322599395451352
        },
        {
            "iteration": 145,
            "loss": 10.322599395451352
        },
        {
            "iteration": 146,
            "loss": 10.322599395451352
        },
        {
            "iteration": 147,
            "loss": 10.322599395451352
        },
        {
            "iteration": 148,
            "loss": 10.322599395451352
        },
        {
            "iteration": 149,
            "loss": 10.322599395451352
        },
        {
            "iteration": 150,
            "loss": 10.317579945952962
        },
        {
            "iteration": 151,
            "loss": 10.317579945952962
        },
        {
            "iteration": 152,
            "loss": 10.317579945952962
        },
        {
            "iteration": 153,
            "loss": 10.317579945952962
        },
        {
            "iteration": 154,
            "loss": 10.317579945952962
        },
        {
            "iteration": 155,
            "loss": 10.317579945952962
        },
        {
            "iteration": 156,
            "loss": 10.317579945952962
        },
        {
            "iteration": 157,
            "loss": 10.317579945952962
        },
        {
            "iteration": 158,
            "loss": 10.314669867793711
        },
        {
            "iteration": 159,
            "loss": 10.314669867793711
        },
        {
            "iteration": 160,
            "loss": 10.312299384697884
        },
        {
            "iteration": 161,
            "loss": 10.31062547759289
        },
        {
            "iteration": 162,
            "loss": 10.31062547759289
        },
        {
            "iteration": 163,
            "loss": 10.31062547759289
        },
        {
            "iteration": 164,
            "loss": 10.31062547759289
        },
        {
            "iteration": 165,
            "loss": 10.31062547759289
        },
        {
            "iteration": 166,
            "loss": 10.31062547759289
        },
        {
            "iteration": 167,
            "loss": 10.30492737193919
        },
        {
            "iteration": 168,
            "loss": 10.30492737193919
        },
        {
            "iteration": 169,
            "loss": 10.30492737193919
        },
        {
            "iteration": 170,
            "loss": 10.30492737193919
        },
        {
            "iteration": 171,
            "loss": 10.30492737193919
        },
        {
            "iteration": 172,
            "loss": 10.30492737193919
        },
        {
            "iteration": 173,
            "loss": 10.304474712776438
        },
        {
            "iteration": 174,
            "loss": 10.300961287207013
        },
        {
            "iteration": 175,
            "loss": 10.296967107724772
        },
        {
            "iteration": 176,
            "loss": 10.296967107724772
        },
        {
            "iteration": 177,
            "loss": 10.296967107724772
        },
        {
            "iteration": 178,
            "loss": 10.29527904051644
        },
        {
            "iteration": 179,
            "loss": 10.29527904051644
        },
        {
            "iteration": 180,
            "loss": 10.29527904051644
        },
        {
            "iteration": 181,
            "loss": 10.293852315075123
        },
        {
            "iteration": 182,
            "loss": 10.292064697942521
        },
        {
            "iteration": 183,
            "loss": 10.292064697942521
        },
        {
            "iteration": 184,
            "loss": 10.285370642677258
        },
        {
            "iteration": 185,
            "loss": 10.285370642677258
        },
        {
            "iteration": 186,
            "loss": 10.285370642677258
        },
        {
            "iteration": 187,
            "loss": 10.285370642677258
        },
        {
            "iteration": 188,
            "loss": 10.285370642677258
        },
        {
            "iteration": 189,
            "loss": 10.285370642677258
        },
        {
            "iteration": 190,
            "loss": 10.285370642677258
        },
        {
            "iteration": 191,
            "loss": 10.285370642677258
        },
        {
            "iteration": 192,
            "loss": 10.285121194881249
        },
        {
            "iteration": 193,
            "loss": 10.285121194881249
        },
        {
            "iteration": 194,
            "loss": 10.282898491601433
        },
        {
            "iteration": 195,
            "loss": 10.282898491601433
        },
        {
            "iteration": 196,
            "loss": 10.282898491601433
        },
        {
            "iteration": 197,
            "loss": 10.282029744946016
        },
        {
            "iteration": 198,
            "loss": 10.282029744946016
        },
        {
            "iteration": 199,
            "loss": 10.282029744946016
        },
        {
            "iteration": 200,
            "loss": 10.282029744946016
        },
        {
            "iteration": 201,
            "loss": 10.282029744946016
        },
        {
            "iteration": 202,
            "loss": 10.282029744946016
        },
        {
            "iteration": 203,
            "loss": 10.282029744946016
        },
        {
            "iteration": 204,
            "loss": 10.280459229906704
        },
        {
            "iteration": 205,
            "loss": 10.280459229906704
        },
        {
            "iteration": 206,
            "loss": 10.280459229906704
        },
        {
            "iteration": 207,
            "loss": 10.280459229906704
        },
        {
            "iteration": 208,
            "loss": 10.280459229906704
        },
        {
            "iteration": 209,
            "loss": 10.280459229906704
        },
        {
            "iteration": 210,
            "loss": 10.27885055286198
        },
        {
            "iteration": 211,
            "loss": 10.27885055286198
        },
        {
            "iteration": 212,
            "loss": 10.27885055286198
        },
        {
            "iteration": 213,
            "loss": 10.27885055286198
        },
        {
            "iteration": 214,
            "loss": 10.278753874640888
        },
        {
            "iteration": 215,
            "loss": 10.27747040942892
        },
        {
            "iteration": 216,
            "loss": 10.276528439661956
        },
        {
            "iteration": 217,
            "loss": 10.276528439661956
        },
        {
            "iteration": 218,
            "loss": 10.276528439661956
        },
        {
            "iteration": 219,
            "loss": 10.276528439661956
        },
        {
            "iteration": 220,
            "loss": 10.276484802656048
        },
        {
            "iteration": 221,
            "loss": 10.276484802656048
        },
        {
            "iteration": 222,
            "loss": 10.274287788863436
        },
        {
            "iteration": 223,
            "loss": 10.271239937015167
        },
        {
            "iteration": 224,
            "loss": 10.271239937015167
        },
        {
            "iteration": 225,
            "loss": 10.271239937015167
        },
        {
            "iteration": 226,
            "loss": 10.271239937015167
        },
        {
            "iteration": 227,
            "loss": 10.269640824387139
        },
        {
            "iteration": 228,
            "loss": 10.269640824387139
        },
        {
            "iteration": 229,
            "loss": 10.269408254096156
        },
        {
            "iteration": 230,
            "loss": 10.269408254096156
        },
        {
            "iteration": 231,
            "loss": 10.268178198757766
        },
        {
            "iteration": 232,
            "loss": 10.268178198757766
        },
        {
            "iteration": 233,
            "loss": 10.259745844913155
        },
        {
            "iteration": 234,
            "loss": 10.259745844913155
        },
        {
            "iteration": 235,
            "loss": 10.259745844913155
        },
        {
            "iteration": 236,
            "loss": 10.259745844913155
        },
        {
            "iteration": 237,
            "loss": 10.259745844913155
        },
        {
            "iteration": 238,
            "loss": 10.259745844913155
        },
        {
            "iteration": 239,
            "loss": 10.255321755295594
        },
        {
            "iteration": 240,
            "loss": 10.255321755295594
        },
        {
            "iteration": 241,
            "loss": 10.255321755295594
        },
        {
            "iteration": 242,
            "loss": 10.255321755295594
        },
        {
            "iteration": 243,
            "loss": 10.255321755295594
        },
        {
            "iteration": 244,
            "loss": 10.255321755295594
        },
        {
            "iteration": 245,
            "loss": 10.255321755295594
        },
        {
            "iteration": 246,
            "loss": 10.255321755295594
        },
        {
            "iteration": 247,
            "loss": 10.250891671137246
        },
        {
            "iteration": 248,
            "loss": 10.250891671137246
        },
        {
            "iteration": 249,
            "loss": 10.250891671137246
        },
        {
            "iteration": 250,
            "loss": 10.250891671137246
        },
        {
            "iteration": 251,
            "loss": 10.250891671137246
        },
        {
            "iteration": 252,
            "loss": 10.248731077376217
        },
        {
            "iteration": 253,
            "loss": 10.248731077376217
        },
        {
            "iteration": 254,
            "loss": 10.248731077376217
        },
        {
            "iteration": 255,
            "loss": 10.248731077376217
        },
        {
            "iteration": 256,
            "loss": 10.248731077376217
        },
        {
            "iteration": 257,
            "loss": 10.248731077376217
        },
        {
            "iteration": 258,
            "loss": 10.248731077376217
        },
        {
            "iteration": 259,
            "loss": 10.24869612931236
        },
        {
            "iteration": 260,
            "loss": 10.24869612931236
        },
        {
            "iteration": 261,
            "loss": 10.24869612931236
        },
        {
            "iteration": 262,
            "loss": 10.24866495499099
        },
        {
            "iteration": 263,
            "loss": 10.24866495499099
        },
        {
            "iteration": 264,
            "loss": 10.24866495499099
        },
        {
            "iteration": 265,
            "loss": 10.24866495499099
        },
        {
            "iteration": 266,
            "loss": 10.248438067010197
        },
        {
            "iteration": 267,
            "loss": 10.248438067010197
        },
        {
            "iteration": 268,
            "loss": 10.248438067010197
        },
        {
            "iteration": 269,
            "loss": 10.248438067010197
        },
        {
            "iteration": 270,
            "loss": 10.248325374114946
        },
        {
            "iteration": 271,
            "loss": 10.248315984960565
        },
        {
            "iteration": 272,
            "loss": 10.248315984960565
        },
        {
            "iteration": 273,
            "loss": 10.248282880733182
        },
        {
            "iteration": 274,
            "loss": 10.248248608605135
        },
        {
            "iteration": 275,
            "loss": 10.247612426245206
        },
        {
            "iteration": 276,
            "loss": 10.247612426245206
        },
        {
            "iteration": 277,
            "loss": 10.247612426245206
        },
        {
            "iteration": 278,
            "loss": 10.247612426245206
        },
        {
            "iteration": 279,
            "loss": 10.247612426245206
        },
        {
            "iteration": 280,
            "loss": 10.247612426245206
        },
        {
            "iteration": 281,
            "loss": 10.247612426245206
        },
        {
            "iteration": 282,
            "loss": 10.247335482361695
        },
        {
            "iteration": 283,
            "loss": 10.247335482361695
        },
        {
            "iteration": 284,
            "loss": 10.247335482361695
        },
        {
            "iteration": 285,
            "loss": 10.247335482361695
        },
        {
            "iteration": 286,
            "loss": 10.247335482361695
        },
        {
            "iteration": 287,
            "loss": 10.247335482361695
        },
        {
            "iteration": 288,
            "loss": 10.247335482361695
        },
        {
            "iteration": 289,
            "loss": 10.247335482361695
        },
        {
            "iteration": 290,
            "loss": 10.247335482361695
        },
        {
            "iteration": 291,
            "loss": 10.247335482361695
        },
        {
            "iteration": 292,
            "loss": 10.247335482361695
        },
        {
            "iteration": 293,
            "loss": 10.247335482361695
        },
        {
            "iteration": 294,
            "loss": 10.247335482361695
        },
        {
            "iteration": 295,
            "loss": 10.247244846065083
        },
        {
            "iteration": 296,
            "loss": 10.247244846065083
        },
        {
            "iteration": 297,
            "loss": 10.247244846065083
        },
        {
            "iteration": 298,
            "loss": 10.247244846065083
        },
        {
            "iteration": 299,
            "loss": 10.247244846065083
        },
        {
            "iteration": 300,
            "loss": 10.247244846065083
        },
        {
            "iteration": 301,
            "loss": 10.247244846065083
        },
        {
            "iteration": 302,
            "loss": 10.247138257765258
        },
        {
            "iteration": 303,
            "loss": 10.247138257765258
        },
        {
            "iteration": 304,
            "loss": 10.24709493871787
        },
        {
            "iteration": 305,
            "loss": 10.24709493871787
        },
        {
            "iteration": 306,
            "loss": 10.247061097461366
        },
        {
            "iteration": 307,
            "loss": 10.246918774860866
        },
        {
            "iteration": 308,
            "loss": 10.246918774860866
        },
        {
            "iteration": 309,
            "loss": 10.246918774860866
        },
        {
            "iteration": 310,
            "loss": 10.246918774860866
        },
        {
            "iteration": 311,
            "loss": 10.246690470543063
        },
        {
            "iteration": 312,
            "loss": 10.246219227685334
        },
        {
            "iteration": 313,
            "loss": 10.246219227685334
        },
        {
            "iteration": 314,
            "loss": 10.246219227685334
        },
        {
            "iteration": 315,
            "loss": 10.246219227685334
        },
        {
            "iteration": 316,
            "loss": 10.246219227685334
        },
        {
            "iteration": 317,
            "loss": 10.246219227685334
        },
        {
            "iteration": 318,
            "loss": 10.246219227685334
        },
        {
            "iteration": 319,
            "loss": 10.246219227685334
        },
        {
            "iteration": 320,
            "loss": 10.246219227685334
        },
        {
            "iteration": 321,
            "loss": 10.246219227685334
        },
        {
            "iteration": 322,
            "loss": 10.246193640325906
        },
        {
            "iteration": 323,
            "loss": 10.246193640325906
        },
        {
            "iteration": 324,
            "loss": 10.246193640325906
        },
        {
            "iteration": 325,
            "loss": 10.246193640325906
        },
        {
            "iteration": 326,
            "loss": 10.246193640325906
        },
        {
            "iteration": 327,
            "loss": 10.246193640325906
        },
        {
            "iteration": 328,
            "loss": 10.24614219313164
        },
        {
            "iteration": 329,
            "loss": 10.246137745230245
        },
        {
            "iteration": 330,
            "loss": 10.246137745230245
        },
        {
            "iteration": 331,
            "loss": 10.246137745230245
        },
        {
            "iteration": 332,
            "loss": 10.246137745230245
        },
        {
            "iteration": 333,
            "loss": 10.246137745230245
        },
        {
            "iteration": 334,
            "loss": 10.246137745230245
        },
        {
            "iteration": 335,
            "loss": 10.246122873517741
        },
        {
            "iteration": 336,
            "loss": 10.246122873517741
        },
        {
            "iteration": 337,
            "loss": 10.246122873517741
        },
        {
            "iteration": 338,
            "loss": 10.246122873517741
        },
        {
            "iteration": 339,
            "loss": 10.246122873517741
        },
        {
            "iteration": 340,
            "loss": 10.246122873517741
        },
        {
            "iteration": 341,
            "loss": 10.246122873517741
        },
        {
            "iteration": 342,
            "loss": 10.246122873517741
        },
        {
            "iteration": 343,
            "loss": 10.246122873517741
        },
        {
            "iteration": 344,
            "loss": 10.2461129325774
        },
        {
            "iteration": 345,
            "loss": 10.2461129325774
        }
    ]
}