{
    "success": true,
    "message": "Optimization terminated successfully.",
    "final_loss": 40.98447048384138,
    "iterations": 346,
    "initial_dt_grandchildren": [
        0.009749080237694727,
        0.010901428612819834,
        0.010463987883622811,
        0.010197316968394075,
        0.009312037280884875,
        0.009311989040672408,
        0.009116167224336402,
        0.010732352291549872
    ],
    "final_dt_grandchildren": [
        0.001,
        0.19998157547044992,
        0.10835007605186872,
        0.11537325462474962,
        0.001,
        0.0010350763153518798,
        0.0010232313250443416,
        0.07212122946350703
    ],
    "history": [
        {
            "iteration": 0,
            "loss": 97.62094852588609
        },
        {
            "iteration": 1,
            "loss": 97.62094852588609
        },
        {
            "iteration": 2,
            "loss": 97.33868047820333
        },
        {
            "iteration": 3,
            "loss": 97.33868047820333
        },
        {
            "iteration": 4,
            "loss": 96.83591467584628
        },
        {
            "iteration": 5,
            "loss": 96.83591467584628
        },
        {
            "iteration": 6,
            "loss": 96.83591467584628
        },
        {
            "iteration": 7,
            "loss": 96.83591467584628
        },
        {
            "iteration": 8,
            "loss": 96.09400035451736
        },
        {
            "iteration": 9,
            "loss": 96.09400035451736
        },
        {
            "iteration": 10,
            "loss": 96.09400035451736
        },
        {
            "iteration": 11,
            "loss": 96.09400035451736
        },
        {
            "iteration": 12,
            "loss": 95.23362242209188
        },
        {
            "iteration": 13,
            "loss": 95.23362242209188
        },
        {
            "iteration": 14,
            "loss": 95.23362242209188
        },
        {
            "iteration": 15,
            "loss": 94.14313506134096
        },
        {
            "iteration": 16,
            "loss": 94.14313506134096
        },
        {
            "iteration": 17,
            "loss": 94.14313506134096
        },
        {
            "iteration": 18,
            "loss": 93.0152653060427
        },
        {
            "iteration": 19,
            "loss": 93.0152653060427
        },
        {
            "iteration": 20,
            "loss": 91.23890826351737
        },
        {
            "iteration": 21,
            "loss": 91.23890826351737
        },
        {
            "iteration": 22,
            "loss": 91.23890826351737
        },
        {
            "iteration": 23,
            "loss": 89.07819085158486
        },
        {
            "iteration": 24,
            "loss": 89.07819085158486
        },
        {
            "iteration": 25,
            "loss": 89.07819085158486
        },
        {
            "iteration": 26,
            "loss": 86.71066799700665
        },
        {
            "iteration": 27,
            "loss": 86.71066799700665
        },
        {
            "iteration": 28,
            "loss": 86.71066799700665
        },
        {
            "iteration": 29,
            "loss": 83.84100728025606
        },
        {
            "iteration": 30,
            "loss": 83.84100728025606
        },
        {
            "iteration": 31,
            "loss": 83.84100728025606
        },
        {
            "iteration": 32,
            "loss": 80.11625561778972
        },
        {
            "iteration": 33,
            "loss": 80.11625561778972
        },
        {
            "iteration": 34,
            "loss": 80.11625561778972
        },
        {
            "iteration": 35,
            "loss": 76.03031476624439
        },
        {
            "iteration": 36,
            "loss": 76.03031476624439
        },
        {
            "iteration": 37,
            "loss": 71.72789215410859
        },
        {
            "iteration": 38,
            "loss": 71.72789215410859
        },
        {
            "iteration": 39,
            "loss": 71.72789215410859
        },
        {
            "iteration": 40,
            "loss": 66.26935105710173
        },
        {
            "iteration": 41,
            "loss": 66.26935105710173
        },
        {
            "iteration": 42,
            "loss": 66.26935105710173
        },
        {
            "iteration": 43,
            "loss": 61.03629876046788
        },
        {
            "iteration": 44,
            "loss": 61.03629876046788
        },
        {
            "iteration": 45,
            "loss": 61.03629876046788
        },
        {
            "iteration": 46,
            "loss": 57.73355755528875
        },
        {
            "iteration": 47,
            "loss": 57.73355755528875
        },
        {
            "iteration": 48,
            "loss": 56.154783435856274
        },
        {
            "iteration": 49,
            "loss": 56.154783435856274
        },
        {
            "iteration": 50,
            "loss": 56.154783435856274
        },
        {
            "iteration": 51,
            "loss": 56.154783435856274
        },
        {
            "iteration": 52,
            "loss": 56.154783435856274
        },
        {
            "iteration": 53,
            "loss": 48.418303123594754
        },
        {
            "iteration": 54,
            "loss": 48.418303123594754
        },
        {
            "iteration": 55,
            "loss": 48.418303123594754
        },
        {
            "iteration": 56,
            "loss": 45.375966448087254
        },
        {
            "iteration": 57,
            "loss": 45.375966448087254
        },
        {
            "iteration": 58,
            "loss": 45.375966448087254
        },
        {
            "iteration": 59,
            "loss": 45.375966448087254
        },
        {
            "iteration": 60,
            "loss": 45.07976674815555
        },
        {
            "iteration": 61,
            "loss": 45.054593424742635
        },
        {
            "iteration": 62,
            "loss": 45.054593424742635
        },
        {
            "iteration": 63,
            "loss": 45.054593424742635
        },
        {
            "iteration": 64,
            "loss": 45.054593424742635
        },
        {
            "iteration": 65,
            "loss": 45.054593424742635
        },
        {
            "iteration": 66,
            "loss": 45.054593424742635
        },
        {
            "iteration": 67,
            "loss": 45.054593424742635
        },
        {
            "iteration": 68,
            "loss": 45.054593424742635
        },
        {
            "iteration": 69,
            "loss": 45.01878132021227
        },
        {
            "iteration": 70,
            "loss": 45.01878132021227
        },
        {
            "iteration": 71,
            "loss": 45.01878132021227
        },
        {
            "iteration": 72,
            "loss": 44.37442206971616
        },
        {
            "iteration": 73,
            "loss": 44.37442206971616
        },
        {
            "iteration": 74,
            "loss": 44.37442206971616
        },
        {
            "iteration": 75,
            "loss": 44.37442206971616
        },
        {
            "iteration": 76,
            "loss": 44.37442206971616
        },
        {
            "iteration": 77,
            "loss": 44.37442206971616
        },
        {
            "iteration": 78,
            "loss": 44.37442206971616
        },
        {
            "iteration": 79,
            "loss": 44.37442206971616
        },
        {
            "iteration": 80,
            "loss": 43.92945017963312
        },
        {
            "iteration": 81,
            "loss": 43.92945017963312
        },
        {
            "iteration": 82,
            "loss": 43.92945017963312
        },
        {
            "iteration": 83,
            "loss": 43.92945017963312
        },
        {
            "iteration": 84,
            "loss": 43.49803873598471
        },
        {
            "iteration": 85,
            "loss": 43.49803873598471
        },
        {
            "iteration": 86,
            "loss": 43.49803873598471
        },
        {
            "iteration": 87,
            "loss": 43.49803873598471
        },
        {
            "iteration": 88,
            "loss": 43.08767471142212
        },
        {
            "iteration": 89,
            "loss": 43.08767471142212
        },
        {
            "iteration": 90,
            "loss": 43.08767471142212
        },
        {
            "iteration": 91,
            "loss": 43.08767471142212
        },
        {
            "iteration": 92,
            "loss": 42.88598677577252
        },
        {
            "iteration": 93,
            "loss": 42.58951786255585
        },
        {
            "iteration": 94,
            "loss": 42.58951786255585
        },
        {
            "iteration": 95,
            "loss": 42.58951786255585
        },
        {
            "iteration": 96,
            "loss": 42.58951786255585
        },
        {
            "iteration": 97,
            "loss": 42.58951786255585
        },
        {
            "iteration": 98,
            "loss": 42.45245069654791
        },
        {
            "iteration": 99,
            "loss": 42.45245069654791
        },
        {
            "iteration": 100,
            "loss": 42.45245069654791
        },
        {
            "iteration": 101,
            "loss": 42.321452277462996
        },
        {
            "iteration": 102,
            "loss": 42.23505537562732
        },
        {
            "iteration": 103,
            "loss": 42.23505537562732
        },
        {
            "iteration": 104,
            "loss": 42.23505537562732
        },
        {
            "iteration": 105,
            "loss": 42.23505537562732
        },
        {
            "iteration": 106,
            "loss": 42.23505537562732
        },
        {
            "iteration": 107,
            "loss": 42.23505537562732
        },
        {
            "iteration": 108,
            "loss": 42.21816715472971
        },
        {
            "iteration": 109,
            "loss": 42.21816715472971
        },
        {
            "iteration": 110,
            "loss": 42.21816715472971
        },
        {
            "iteration": 111,
            "loss": 42.21816715472971
        },
        {
            "iteration": 112,
            "loss": 42.12880019229214
        },
        {
            "iteration": 113,
            "loss": 42.12880019229214
        },
        {
            "iteration": 114,
            "loss": 42.12880019229214
        },
        {
            "iteration": 115,
            "loss": 42.12880019229214
        },
        {
            "iteration": 116,
            "loss": 42.12880019229214
        },
        {
            "iteration": 117,
            "loss": 42.12880019229214
        },
        {
            "iteration": 118,
            "loss": 42.12880019229214
        },
        {
            "iteration": 119,
            "loss": 42.12880019229214
        },
        {
            "iteration": 120,
            "loss": 42.001620423542604
        },
        {
            "iteration": 121,
            "loss": 42.001620423542604
        },
        {
            "iteration": 122,
            "loss": 42.001620423542604
        },
        {
            "iteration": 123,
            "loss": 42.001620423542604
        },
        {
            "iteration": 124,
            "loss": 42.001620423542604
        },
        {
            "iteration": 125,
            "loss": 41.85220797686288
        },
        {
            "iteration": 126,
            "loss": 41.85220797686288
        },
        {
            "iteration": 127,
            "loss": 41.85220797686288
        },
        {
            "iteration": 128,
            "loss": 41.85220797686288
        },
        {
            "iteration": 129,
            "loss": 41.85220797686288
        },
        {
            "iteration": 130,
            "loss": 41.7259234154088
        },
        {
            "iteration": 131,
            "loss": 41.7259234154088
        },
        {
            "iteration": 132,
            "loss": 41.7259234154088
        },
        {
            "iteration": 133,
            "loss": 41.58966275219587
        },
        {
            "iteration": 134,
            "loss": 41.58966275219587
        },
        {
            "iteration": 135,
            "loss": 41.58966275219587
        },
        {
            "iteration": 136,
            "loss": 41.34240515316533
        },
        {
            "iteration": 137,
            "loss": 41.34240515316533
        },
        {
            "iteration": 138,
            "loss": 41.34240515316533
        },
        {
            "iteration": 139,
            "loss": 41.34240515316533
        },
        {
            "iteration": 140,
            "loss": 41.34240515316533
        },
        {
            "iteration": 141,
            "loss": 41.30979700491499
        },
        {
            "iteration": 142,
            "loss": 41.30979700491499
        },
        {
            "iteration": 143,
            "loss": 41.290416630360944
        },
        {
            "iteration": 144,
            "loss": 41.290416630360944
        },
        {
            "iteration": 145,
            "loss": 41.290416630360944
        },
        {
            "iteration": 146,
            "loss": 41.290416630360944
        },
        {
            "iteration": 147,
            "loss": 41.290416630360944
        },
        {
            "iteration": 148,
            "loss": 41.290416630360944
        },
        {
            "iteration": 149,
            "loss": 41.290416630360944
        },
        {
            "iteration": 150,
            "loss": 41.27033875405484
        },
        {
            "iteration": 151,
            "loss": 41.27033875405484
        },
        {
            "iteration": 152,
            "loss": 41.27033875405484
        },
        {
            "iteration": 153,
            "loss": 41.27033875405484
        },
        {
            "iteration": 154,
            "loss": 41.27033875405484
        },
        {
            "iteration": 155,
            "loss": 41.27033875405484
        },
        {
            "iteration": 156,
            "loss": 41.27033875405484
        },
        {
            "iteration": 157,
            "loss": 41.27033875405484
        },
        {
            "iteration": 158,
            "loss": 41.25869836151798
        },
        {
            "iteration": 159,
            "loss": 41.25869836151798
        },
        {
            "iteration": 160,
            "loss": 41.24921647835848
        },
        {
            "iteration": 161,
            "loss": 41.24252073896384
        },
        {
            "iteration": 162,
            "loss": 41.24252073896384
        },
        {
            "iteration": 163,
            "loss": 41.24252073896384
        },
        {
            "iteration": 164,
            "loss": 41.24252073896384
        },
        {
            "iteration": 165,
            "loss": 41.24252073896384
        },
        {
            "iteration": 166,
            "loss": 41.24252073896384
        },
        {
            "iteration": 167,
            "loss": 41.2197282865786
        },
        {
            "iteration": 168,
            "loss": 41.2197282865786
        },
        {
            "iteration": 169,
            "loss": 41.2197282865786
        },
        {
            "iteration": 170,
            "loss": 41.2197282865786
        },
        {
            "iteration": 171,
            "loss": 41.2197282865786
        },
        {
            "iteration": 172,
            "loss": 41.2197282865786
        },
        {
            "iteration": 173,
            "loss": 41.2179175702998
        },
        {
            "iteration": 174,
            "loss": 41.203863838457394
        },
        {
            "iteration": 175,
            "loss": 41.1878871319786
        },
        {
            "iteration": 176,
            "loss": 41.1878871319786
        },
        {
            "iteration": 177,
            "loss": 41.1878871319786
        },
        {
            "iteration": 178,
            "loss": 41.18113486873949
        },
        {
            "iteration": 179,
            "loss": 41.18113486873949
        },
        {
            "iteration": 180,
            "loss": 41.18113486873949
        },
        {
            "iteration": 181,
            "loss": 41.17542794447741
        },
        {
            "iteration": 182,
            "loss": 41.168277521263036
        },
        {
            "iteration": 183,
            "loss": 41.168277521263036
        },
        {
            "iteration": 184,
            "loss": 41.1415012903011
        },
        {
            "iteration": 185,
            "loss": 41.1415012903011
        },
        {
            "iteration": 186,
            "loss": 41.1415012903011
        },
        {
            "iteration": 187,
            "loss": 41.1415012903011
        },
        {
            "iteration": 188,
            "loss": 41.1415012903011
        },
        {
            "iteration": 189,
            "loss": 41.1415012903011
        },
        {
            "iteration": 190,
            "loss": 41.1415012903011
        },
        {
            "iteration": 191,
            "loss": 41.1415012903011
        },
        {
            "iteration": 192,
            "loss": 41.14050363179176
        },
        {
            "iteration": 193,
            "loss": 41.14050363179176
        },
        {
            "iteration": 194,
            "loss": 41.131612743619456
        },
        {
            "iteration": 195,
            "loss": 41.131612743619456
        },
        {
            "iteration": 196,
            "loss": 41.131612743619456
        },
        {
            "iteration": 197,
            "loss": 41.12813771923748
        },
        {
            "iteration": 198,
            "loss": 41.12813771923748
        },
        {
            "iteration": 199,
            "loss": 41.12813771923748
        },
        {
            "iteration": 200,
            "loss": 41.12813771923748
        },
        {
            "iteration": 201,
            "loss": 41.12813771923748
        },
        {
            "iteration": 202,
            "loss": 41.12813771923748
        },
        {
            "iteration": 203,
            "loss": 41.12813771923748
        },
        {
            "iteration": 204,
            "loss": 41.121855668070054
        },
        {
            "iteration": 205,
            "loss": 41.121855668070054
        },
        {
            "iteration": 206,
            "loss": 41.121855668070054
        },
        {
            "iteration": 207,
            "loss": 41.121855668070054
        },
        {
            "iteration": 208,
            "loss": 41.121855668070054
        },
        {
            "iteration": 209,
            "loss": 41.121855668070054
        },
        {
            "iteration": 210,
            "loss": 41.115420958257126
        },
        {
            "iteration": 211,
            "loss": 41.115420958257126
        },
        {
            "iteration": 212,
            "loss": 41.115420958257126
        },
        {
            "iteration": 213,
            "loss": 41.115420958257126
        },
        {
            "iteration": 214,
            "loss": 41.1150342139026
        },
        {
            "iteration": 215,
            "loss": 41.109900368185905
        },
        {
            "iteration": 216,
            "loss": 41.10613244415066
        },
        {
            "iteration": 217,
            "loss": 41.10613244415066
        },
        {
            "iteration": 218,
            "loss": 41.10613244415066
        },
        {
            "iteration": 219,
            "loss": 41.10613244415066
        },
        {
            "iteration": 220,
            "loss": 41.105957950090826
        },
        {
            "iteration": 221,
            "loss": 41.105957950090826
        },
        {
            "iteration": 222,
            "loss": 41.09716984798322
        },
        {
            "iteration": 223,
            "loss": 41.08497844597216
        },
        {
            "iteration": 224,
            "loss": 41.08497844597216
        },
        {
            "iteration": 225,
            "loss": 41.08497844597216
        },
        {
            "iteration": 226,
            "loss": 41.08497844597216
        },
        {
            "iteration": 227,
            "loss": 41.07858201802051
        },
        {
            "iteration": 228,
            "loss": 41.07858201802051
        },
        {
            "iteration": 229,
            "loss": 41.07765174707865
        },
        {
            "iteration": 230,
            "loss": 41.07765174707865
        },
        {
            "iteration": 231,
            "loss": 41.07273153224656
        },
        {
            "iteration": 232,
            "loss": 41.07273153224656
        },
        {
            "iteration": 233,
            "loss": 41.03900212312743
        },
        {
            "iteration": 234,
            "loss": 41.03900212312743
        },
        {
            "iteration": 235,
            "loss": 41.03900212312743
        },
        {
            "iteration": 236,
            "loss": 41.03900212312743
        },
        {
            "iteration": 237,
            "loss": 41.03900212312743
        },
        {
            "iteration": 238,
            "loss": 41.03900212312743
        },
        {
            "iteration": 239,
            "loss": 41.02130575425825
        },
        {
            "iteration": 240,
            "loss": 41.02130575425825
        },
        {
            "iteration": 241,
            "loss": 41.02130575425825
        },
        {
            "iteration": 242,
            "loss": 41.02130575425825
        },
        {
            "iteration": 243,
            "loss": 41.02130575425825
        },
        {
            "iteration": 244,
            "loss": 41.02130575425825
        },
        {
            "iteration": 245,
            "loss": 41.02130575425825
        },
        {
            "iteration": 246,
            "loss": 41.02130575425825
        },
        {
            "iteration": 247,
            "loss": 41.00358547822468
        },
        {
            "iteration": 248,
            "loss": 41.00358547822468
        },
        {
            "iteration": 249,
            "loss": 41.00358547822468
        },
        {
            "iteration": 250,
            "loss": 41.00358547822468
        },
        {
            "iteration": 251,
            "loss": 41.00358547822468
        },
        {
            "iteration": 252,
            "loss": 40.99494313711505
        },
        {
            "iteration": 253,
            "loss": 40.99494313711505
        },
        {
            "iteration": 254,
            "loss": 40.99494313711505
        },
        {
            "iteration": 255,
            "loss": 40.99494313711505
        },
        {
            "iteration": 256,
            "loss": 40.99494313711505
        },
        {
            "iteration": 257,
            "loss": 40.99494313711505
        },
        {
            "iteration": 258,
            "loss": 40.99494313711505
        },
        {
            "iteration": 259,
            "loss": 40.99480333225111
        },
        {
            "iteration": 260,
            "loss": 40.99480333225111
        },
        {
            "iteration": 261,
            "loss": 40.99480333225111
        },
        {
            "iteration": 262,
            "loss": 40.99467867792206
        },
        {
            "iteration": 263,
            "loss": 40.99467867792206
        },
        {
            "iteration": 264,
            "loss": 40.99467867792206
        },
        {
            "iteration": 265,
            "loss": 40.99467867792206
        },
        {
            "iteration": 266,
            "loss": 40.99377104950897
        },
        {
            "iteration": 267,
            "loss": 40.99377104950897
        },
        {
            "iteration": 268,
            "loss": 40.99377104950897
        },
        {
            "iteration": 269,
            "loss": 40.99377104950897
        },
        {
            "iteration": 270,
            "loss": 40.993320325297404
        },
        {
            "iteration": 271,
            "loss": 40.99328276016263
        },
        {
            "iteration": 272,
            "loss": 40.99328276016263
        },
        {
            "iteration": 273,
            "loss": 40.99315034328807
        },
        {
            "iteration": 274,
            "loss": 40.99301325156557
        },
        {
            "iteration": 275,
            "loss": 40.99046846808014
        },
        {
            "iteration": 276,
            "loss": 40.99046846808014
        },
        {
            "iteration": 277,
            "loss": 40.99046846808014
        },
        {
            "iteration": 278,
            "loss": 40.99046846808014
        },
        {
            "iteration": 279,
            "loss": 40.99046846808014
        },
        {
            "iteration": 280,
            "loss": 40.99046846808014
        },
        {
            "iteration": 281,
            "loss": 40.99046846808014
        },
        {
            "iteration": 282,
            "loss": 40.98936069263945
        },
        {
            "iteration": 283,
            "loss": 40.98936069263945
        },
        {
            "iteration": 284,
            "loss": 40.98936069263945
        },
        {
            "iteration": 285,
            "loss": 40.98936069263945
        },
        {
            "iteration": 286,
            "loss": 40.98936069263945
        },
        {
            "iteration": 287,
            "loss": 40.98936069263945
        },
        {
            "iteration": 288,
            "loss": 40.98936069263945
        },
        {
            "iteration": 289,
            "loss": 40.98936069263945
        },
        {
            "iteration": 290,
            "loss": 40.98936069263945
        },
        {
            "iteration": 291,
            "loss": 40.98936069263945
        },
        {
            "iteration": 292,
            "loss": 40.98936069263945
        },
        {
            "iteration": 293,
            "loss": 40.98936069263945
        },
        {
            "iteration": 294,
            "loss": 40.98936069263945
        },
        {
            "iteration": 295,
            "loss": 40.98899815190249
        },
        {
            "iteration": 296,
            "loss": 40.98899815190249
        },
        {
            "iteration": 297,
            "loss": 40.98899815190249
        },
        {
            "iteration": 298,
            "loss": 40.98899815190249
        },
        {
            "iteration": 299,
            "loss": 40.98899815190249
        },
        {
            "iteration": 300,
            "loss": 40.98899815190249
        },
        {
            "iteration": 301,
            "loss": 40.98899815190249
        },
        {
            "iteration": 302,
            "loss": 40.98857177565718
        },
        {
            "iteration": 303,
            "loss": 40.98857177565718
        },
        {
            "iteration": 304,
            "loss": 40.988398523882466
        },
        {
            "iteration": 305,
            "loss": 40.988398523882466
        },
        {
            "iteration": 306,
            "loss": 40.9882631461266
        },
        {
            "iteration": 307,
            "loss": 40.987693847179095
        },
        {
            "iteration": 308,
            "loss": 40.987693847179095
        },
        {
            "iteration": 309,
            "loss": 40.987693847179095
        },
        {
            "iteration": 310,
            "loss": 40.987693847179095
        },
        {
            "iteration": 311,
            "loss": 40.9867806054997
        },
        {
            "iteration": 312,
            "loss": 40.98489565860493
        },
        {
            "iteration": 313,
            "loss": 40.98489565860493
        },
        {
            "iteration": 314,
            "loss": 40.98489565860493
        },
        {
            "iteration": 315,
            "loss": 40.98489565860493
        },
        {
            "iteration": 316,
            "loss": 40.98489565860493
        },
        {
            "iteration": 317,
            "loss": 40.98489565860493
        },
        {
            "iteration": 318,
            "loss": 40.98489565860493
        },
        {
            "iteration": 319,
            "loss": 40.98489565860493
        },
        {
            "iteration": 320,
            "loss": 40.98489565860493
        },
        {
            "iteration": 321,
            "loss": 40.98489565860493
        },
        {
            "iteration": 322,
            "loss": 40.98479331240209
        },
        {
            "iteration": 323,
            "loss": 40.98479331240209
        },
        {
            "iteration": 324,
            "loss": 40.98479331240209
        },
        {
            "iteration": 325,
            "loss": 40.98479331240209
        },
        {
            "iteration": 326,
            "loss": 40.98479331240209
        },
        {
            "iteration": 327,
            "loss": 40.98479331240209
        },
        {
            "iteration": 328,
            "loss": 40.98458752370583
        },
        {
            "iteration": 329,
            "loss": 40.984569723416904
        },
        {
            "iteration": 330,
            "loss": 40.984569723416904
        },
        {
            "iteration": 331,
            "loss": 40.984569723416904
        },
        {
            "iteration": 332,
            "loss": 40.984569723416904
        },
        {
            "iteration": 333,
            "loss": 40.984569723416904
        },
        {
            "iteration": 334,
            "loss": 40.984569723416904
        },
        {
            "iteration": 335,
            "loss": 40.98451024145662
        },
        {
            "iteration": 336,
            "loss": 40.98451024145662
        },
        {
            "iteration": 337,
            "loss": 40.98451024145662
        },
        {
            "iteration": 338,
            "loss": 40.98451024145662
        },
        {
            "iteration": 339,
            "loss": 40.98451024145662
        },
        {
            "iteration": 340,
            "loss": 40.98451024145662
        },
        {
            "iteration": 341,
            "loss": 40.98451024145662
        },
        {
            "iteration": 342,
            "loss": 40.98451024145662
        },
        {
            "iteration": 343,
            "loss": 40.98451024145662
        },
        {
            "iteration": 344,
            "loss": 40.98447048384138
        },
        {
            "iteration": 345,
            "loss": 40.98447048384138
        }
    ]
}