{
    "success": true,
    "message": "Optimization terminated successfully.",
    "final_loss": 7.942966720620328,
    "iterations": 675,
    "initial_dt_grandchildren": [
        0.009749080237694727,
        0.010901428612819834,
        0.010463987883622811,
        0.010197316968394075,
        0.009312037280884875,
        0.009311989040672408,
        0.009116167224336402,
        0.010732352291549872
    ],
    "final_dt_grandchildren": [
        0.0010000219437698546,
        0.08186179350054598,
        0.08109657416105853,
        0.001,
        0.0010001722473117459,
        0.12338322920604564,
        0.12196492098787669,
        0.001
    ],
    "history": [
        {
            "iteration": 0,
            "loss": 15.676604484804269
        },
        {
            "iteration": 1,
            "loss": 15.676604484804269
        },
        {
            "iteration": 2,
            "loss": 15.631346614018007
        },
        {
            "iteration": 3,
            "loss": 15.631346614018007
        },
        {
            "iteration": 4,
            "loss": 15.631346614018007
        },
        {
            "iteration": 5,
            "loss": 15.631346614018007
        },
        {
            "iteration": 6,
            "loss": 15.58346950696205
        },
        {
            "iteration": 7,
            "loss": 15.58346950696205
        },
        {
            "iteration": 8,
            "loss": 15.499300874195825
        },
        {
            "iteration": 9,
            "loss": 15.499300874195825
        },
        {
            "iteration": 10,
            "loss": 15.499300874195825
        },
        {
            "iteration": 11,
            "loss": 15.499300874195825
        },
        {
            "iteration": 12,
            "loss": 15.418556140427649
        },
        {
            "iteration": 13,
            "loss": 15.418556140427649
        },
        {
            "iteration": 14,
            "loss": 15.283771179618872
        },
        {
            "iteration": 15,
            "loss": 15.283771179618872
        },
        {
            "iteration": 16,
            "loss": 15.283771179618872
        },
        {
            "iteration": 17,
            "loss": 15.283771179618872
        },
        {
            "iteration": 18,
            "loss": 15.128449826369547
        },
        {
            "iteration": 19,
            "loss": 15.128449826369547
        },
        {
            "iteration": 20,
            "loss": 14.906478802674158
        },
        {
            "iteration": 21,
            "loss": 14.906478802674158
        },
        {
            "iteration": 22,
            "loss": 14.906478802674158
        },
        {
            "iteration": 23,
            "loss": 14.906478802674158
        },
        {
            "iteration": 24,
            "loss": 14.708952797708754
        },
        {
            "iteration": 25,
            "loss": 14.708952797708754
        },
        {
            "iteration": 26,
            "loss": 14.447474553576662
        },
        {
            "iteration": 27,
            "loss": 14.447474553576662
        },
        {
            "iteration": 28,
            "loss": 14.447474553576662
        },
        {
            "iteration": 29,
            "loss": 14.447474553576662
        },
        {
            "iteration": 30,
            "loss": 14.207431165372153
        },
        {
            "iteration": 31,
            "loss": 14.207431165372153
        },
        {
            "iteration": 32,
            "loss": 13.841193640534865
        },
        {
            "iteration": 33,
            "loss": 13.841193640534865
        },
        {
            "iteration": 34,
            "loss": 13.841193640534865
        },
        {
            "iteration": 35,
            "loss": 13.841193640534865
        },
        {
            "iteration": 36,
            "loss": 13.546954233332084
        },
        {
            "iteration": 37,
            "loss": 13.546954233332084
        },
        {
            "iteration": 38,
            "loss": 13.168301920403731
        },
        {
            "iteration": 39,
            "loss": 13.168301920403731
        },
        {
            "iteration": 40,
            "loss": 13.168301920403731
        },
        {
            "iteration": 41,
            "loss": 12.862307576904389
        },
        {
            "iteration": 42,
            "loss": 12.862307576904389
        },
        {
            "iteration": 43,
            "loss": 12.483872351262802
        },
        {
            "iteration": 44,
            "loss": 12.483872351262802
        },
        {
            "iteration": 45,
            "loss": 12.483872351262802
        },
        {
            "iteration": 46,
            "loss": 12.054293674550774
        },
        {
            "iteration": 47,
            "loss": 12.054293674550774
        },
        {
            "iteration": 48,
            "loss": 12.054293674550774
        },
        {
            "iteration": 49,
            "loss": 11.554280037249574
        },
        {
            "iteration": 50,
            "loss": 11.554280037249574
        },
        {
            "iteration": 51,
            "loss": 11.554280037249574
        },
        {
            "iteration": 52,
            "loss": 11.554280037249574
        },
        {
            "iteration": 53,
            "loss": 11.46959918831115
        },
        {
            "iteration": 54,
            "loss": 11.46959918831115
        },
        {
            "iteration": 55,
            "loss": 11.454973019621402
        },
        {
            "iteration": 56,
            "loss": 11.454973019621402
        },
        {
            "iteration": 57,
            "loss": 11.454973019621402
        },
        {
            "iteration": 58,
            "loss": 11.454973019621402
        },
        {
            "iteration": 59,
            "loss": 11.454973019621402
        },
        {
            "iteration": 60,
            "loss": 11.454973019621402
        },
        {
            "iteration": 61,
            "loss": 11.446103680051671
        },
        {
            "iteration": 62,
            "loss": 11.4207008310329
        },
        {
            "iteration": 63,
            "loss": 11.4207008310329
        },
        {
            "iteration": 64,
            "loss": 11.294712244970542
        },
        {
            "iteration": 65,
            "loss": 11.294712244970542
        },
        {
            "iteration": 66,
            "loss": 11.294712244970542
        },
        {
            "iteration": 67,
            "loss": 11.294712244970542
        },
        {
            "iteration": 68,
            "loss": 11.294712244970542
        },
        {
            "iteration": 69,
            "loss": 11.203503631303182
        },
        {
            "iteration": 70,
            "loss": 11.203503631303182
        },
        {
            "iteration": 71,
            "loss": 11.203503631303182
        },
        {
            "iteration": 72,
            "loss": 11.203503631303182
        },
        {
            "iteration": 73,
            "loss": 11.138120551795724
        },
        {
            "iteration": 74,
            "loss": 11.138120551795724
        },
        {
            "iteration": 75,
            "loss": 11.087353548496626
        },
        {
            "iteration": 76,
            "loss": 10.838668255531019
        },
        {
            "iteration": 77,
            "loss": 10.838668255531019
        },
        {
            "iteration": 78,
            "loss": 10.838668255531019
        },
        {
            "iteration": 79,
            "loss": 10.838668255531019
        },
        {
            "iteration": 80,
            "loss": 10.838668255531019
        },
        {
            "iteration": 81,
            "loss": 10.538431975259257
        },
        {
            "iteration": 82,
            "loss": 10.538431975259257
        },
        {
            "iteration": 83,
            "loss": 10.538431975259257
        },
        {
            "iteration": 84,
            "loss": 10.409721495796418
        },
        {
            "iteration": 85,
            "loss": 10.409721495796418
        },
        {
            "iteration": 86,
            "loss": 10.409721495796418
        },
        {
            "iteration": 87,
            "loss": 10.409721495796418
        },
        {
            "iteration": 88,
            "loss": 10.409721495796418
        },
        {
            "iteration": 89,
            "loss": 10.32776810864698
        },
        {
            "iteration": 90,
            "loss": 10.249398999972444
        },
        {
            "iteration": 91,
            "loss": 10.249398999972444
        },
        {
            "iteration": 92,
            "loss": 10.249398999972444
        },
        {
            "iteration": 93,
            "loss": 10.249398999972444
        },
        {
            "iteration": 94,
            "loss": 10.249398999972444
        },
        {
            "iteration": 95,
            "loss": 10.249398999972444
        },
        {
            "iteration": 96,
            "loss": 10.249398999972444
        },
        {
            "iteration": 97,
            "loss": 10.249398999972444
        },
        {
            "iteration": 98,
            "loss": 10.249398999972444
        },
        {
            "iteration": 99,
            "loss": 10.249398999972444
        },
        {
            "iteration": 100,
            "loss": 10.249398999972444
        },
        {
            "iteration": 101,
            "loss": 10.249398999972444
        },
        {
            "iteration": 102,
            "loss": 10.249398999972444
        },
        {
            "iteration": 103,
            "loss": 10.249398999972444
        },
        {
            "iteration": 104,
            "loss": 10.249398999972444
        },
        {
            "iteration": 105,
            "loss": 10.249398999972444
        },
        {
            "iteration": 106,
            "loss": 10.249398999972444
        },
        {
            "iteration": 107,
            "loss": 10.249398999972444
        },
        {
            "iteration": 108,
            "loss": 10.218156192301578
        },
        {
            "iteration": 109,
            "loss": 10.218156192301578
        },
        {
            "iteration": 110,
            "loss": 10.218156192301578
        },
        {
            "iteration": 111,
            "loss": 10.218156192301578
        },
        {
            "iteration": 112,
            "loss": 10.218156192301578
        },
        {
            "iteration": 113,
            "loss": 10.218156192301578
        },
        {
            "iteration": 114,
            "loss": 10.218156192301578
        },
        {
            "iteration": 115,
            "loss": 10.218156192301578
        },
        {
            "iteration": 116,
            "loss": 10.218156192301578
        },
        {
            "iteration": 117,
            "loss": 10.21602032799715
        },
        {
            "iteration": 118,
            "loss": 10.21602032799715
        },
        {
            "iteration": 119,
            "loss": 10.18304674817459
        },
        {
            "iteration": 120,
            "loss": 10.18304674817459
        },
        {
            "iteration": 121,
            "loss": 10.135180174957608
        },
        {
            "iteration": 122,
            "loss": 10.135180174957608
        },
        {
            "iteration": 123,
            "loss": 10.135180174957608
        },
        {
            "iteration": 124,
            "loss": 10.135180174957608
        },
        {
            "iteration": 125,
            "loss": 10.135180174957608
        },
        {
            "iteration": 126,
            "loss": 10.135180174957608
        },
        {
            "iteration": 127,
            "loss": 10.088457799191737
        },
        {
            "iteration": 128,
            "loss": 10.088457799191737
        },
        {
            "iteration": 129,
            "loss": 10.088457799191737
        },
        {
            "iteration": 130,
            "loss": 10.088457799191737
        },
        {
            "iteration": 131,
            "loss": 10.088457799191737
        },
        {
            "iteration": 132,
            "loss": 9.996537137234334
        },
        {
            "iteration": 133,
            "loss": 9.996537137234334
        },
        {
            "iteration": 134,
            "loss": 9.996537137234334
        },
        {
            "iteration": 135,
            "loss": 9.996537137234334
        },
        {
            "iteration": 136,
            "loss": 9.996537137234334
        },
        {
            "iteration": 137,
            "loss": 9.921400984606379
        },
        {
            "iteration": 138,
            "loss": 9.921400984606379
        },
        {
            "iteration": 139,
            "loss": 9.921400984606379
        },
        {
            "iteration": 140,
            "loss": 9.843046906547556
        },
        {
            "iteration": 141,
            "loss": 9.843046906547556
        },
        {
            "iteration": 142,
            "loss": 9.843046906547556
        },
        {
            "iteration": 143,
            "loss": 9.775720014099278
        },
        {
            "iteration": 144,
            "loss": 9.775720014099278
        },
        {
            "iteration": 145,
            "loss": 9.728915865842165
        },
        {
            "iteration": 146,
            "loss": 9.728915865842165
        },
        {
            "iteration": 147,
            "loss": 9.714594137302038
        },
        {
            "iteration": 148,
            "loss": 9.714594137302038
        },
        {
            "iteration": 149,
            "loss": 9.714594137302038
        },
        {
            "iteration": 150,
            "loss": 9.667393327801388
        },
        {
            "iteration": 151,
            "loss": 9.657991586355877
        },
        {
            "iteration": 152,
            "loss": 9.657991586355877
        },
        {
            "iteration": 153,
            "loss": 9.657991586355877
        },
        {
            "iteration": 154,
            "loss": 9.657991586355877
        },
        {
            "iteration": 155,
            "loss": 9.657991586355877
        },
        {
            "iteration": 156,
            "loss": 9.657991586355877
        },
        {
            "iteration": 157,
            "loss": 9.657991586355877
        },
        {
            "iteration": 158,
            "loss": 9.657991586355877
        },
        {
            "iteration": 159,
            "loss": 9.657991586355877
        },
        {
            "iteration": 160,
            "loss": 9.657991586355877
        },
        {
            "iteration": 161,
            "loss": 9.657991586355877
        },
        {
            "iteration": 162,
            "loss": 9.657991586355877
        },
        {
            "iteration": 163,
            "loss": 9.657991586355877
        },
        {
            "iteration": 164,
            "loss": 9.657991586355877
        },
        {
            "iteration": 165,
            "loss": 9.657991586355877
        },
        {
            "iteration": 166,
            "loss": 9.657991586355877
        },
        {
            "iteration": 167,
            "loss": 9.657991586355877
        },
        {
            "iteration": 168,
            "loss": 9.657991586355877
        },
        {
            "iteration": 169,
            "loss": 9.657991586355877
        },
        {
            "iteration": 170,
            "loss": 9.657991586355877
        },
        {
            "iteration": 171,
            "loss": 9.657991586355877
        },
        {
            "iteration": 172,
            "loss": 9.656991707092317
        },
        {
            "iteration": 173,
            "loss": 9.656991707092317
        },
        {
            "iteration": 174,
            "loss": 9.656991707092317
        },
        {
            "iteration": 175,
            "loss": 9.656991707092317
        },
        {
            "iteration": 176,
            "loss": 9.652941255476719
        },
        {
            "iteration": 177,
            "loss": 9.652941255476719
        },
        {
            "iteration": 178,
            "loss": 9.652941255476719
        },
        {
            "iteration": 179,
            "loss": 9.652941255476719
        },
        {
            "iteration": 180,
            "loss": 9.641319207586935
        },
        {
            "iteration": 181,
            "loss": 9.641319207586935
        },
        {
            "iteration": 182,
            "loss": 9.641319207586935
        },
        {
            "iteration": 183,
            "loss": 9.641319207586935
        },
        {
            "iteration": 184,
            "loss": 9.641319207586935
        },
        {
            "iteration": 185,
            "loss": 9.641319207586935
        },
        {
            "iteration": 186,
            "loss": 9.641319207586935
        },
        {
            "iteration": 187,
            "loss": 9.63297173701378
        },
        {
            "iteration": 188,
            "loss": 9.63297173701378
        },
        {
            "iteration": 189,
            "loss": 9.63297173701378
        },
        {
            "iteration": 190,
            "loss": 9.614982535771542
        },
        {
            "iteration": 191,
            "loss": 9.614982535771542
        },
        {
            "iteration": 192,
            "loss": 9.614982535771542
        },
        {
            "iteration": 193,
            "loss": 9.614982535771542
        },
        {
            "iteration": 194,
            "loss": 9.59762194825551
        },
        {
            "iteration": 195,
            "loss": 9.59762194825551
        },
        {
            "iteration": 196,
            "loss": 9.59762194825551
        },
        {
            "iteration": 197,
            "loss": 9.575958320348775
        },
        {
            "iteration": 198,
            "loss": 9.575958320348775
        },
        {
            "iteration": 199,
            "loss": 9.575958320348775
        },
        {
            "iteration": 200,
            "loss": 9.575958320348775
        },
        {
            "iteration": 201,
            "loss": 9.538039262435298
        },
        {
            "iteration": 202,
            "loss": 9.538039262435298
        },
        {
            "iteration": 203,
            "loss": 9.538039262435298
        },
        {
            "iteration": 204,
            "loss": 9.494300827666667
        },
        {
            "iteration": 205,
            "loss": 9.494300827666667
        },
        {
            "iteration": 206,
            "loss": 9.494300827666667
        },
        {
            "iteration": 207,
            "loss": 9.494300827666667
        },
        {
            "iteration": 208,
            "loss": 9.472617973158366
        },
        {
            "iteration": 209,
            "loss": 9.408225629480182
        },
        {
            "iteration": 210,
            "loss": 9.408225629480182
        },
        {
            "iteration": 211,
            "loss": 9.408225629480182
        },
        {
            "iteration": 212,
            "loss": 9.341213499680595
        },
        {
            "iteration": 213,
            "loss": 9.341213499680595
        },
        {
            "iteration": 214,
            "loss": 9.341213499680595
        },
        {
            "iteration": 215,
            "loss": 9.31639846122096
        },
        {
            "iteration": 216,
            "loss": 9.31639846122096
        },
        {
            "iteration": 217,
            "loss": 9.159387140219383
        },
        {
            "iteration": 218,
            "loss": 9.159387140219383
        },
        {
            "iteration": 219,
            "loss": 9.159387140219383
        },
        {
            "iteration": 220,
            "loss": 9.065750684699804
        },
        {
            "iteration": 221,
            "loss": 9.065750684699804
        },
        {
            "iteration": 222,
            "loss": 9.065750684699804
        },
        {
            "iteration": 223,
            "loss": 9.065750684699804
        },
        {
            "iteration": 224,
            "loss": 8.872333815680673
        },
        {
            "iteration": 225,
            "loss": 8.872333815680673
        },
        {
            "iteration": 226,
            "loss": 8.872333815680673
        },
        {
            "iteration": 227,
            "loss": 8.872333815680673
        },
        {
            "iteration": 228,
            "loss": 8.872333815680673
        },
        {
            "iteration": 229,
            "loss": 8.685216990410506
        },
        {
            "iteration": 230,
            "loss": 8.685216990410506
        },
        {
            "iteration": 231,
            "loss": 8.472784177155571
        },
        {
            "iteration": 232,
            "loss": 8.472784177155571
        },
        {
            "iteration": 233,
            "loss": 8.472784177155571
        },
        {
            "iteration": 234,
            "loss": 8.472784177155571
        },
        {
            "iteration": 235,
            "loss": 8.30959920724954
        },
        {
            "iteration": 236,
            "loss": 8.30959920724954
        },
        {
            "iteration": 237,
            "loss": 8.179433023071311
        },
        {
            "iteration": 238,
            "loss": 8.179433023071311
        },
        {
            "iteration": 239,
            "loss": 8.179433023071311
        },
        {
            "iteration": 240,
            "loss": 8.1769458796805
        },
        {
            "iteration": 241,
            "loss": 8.1769458796805
        },
        {
            "iteration": 242,
            "loss": 8.1769458796805
        },
        {
            "iteration": 243,
            "loss": 8.1769458796805
        },
        {
            "iteration": 244,
            "loss": 8.1769458796805
        },
        {
            "iteration": 245,
            "loss": 8.1769458796805
        },
        {
            "iteration": 246,
            "loss": 8.171322477358249
        },
        {
            "iteration": 247,
            "loss": 8.171322477358249
        },
        {
            "iteration": 248,
            "loss": 8.133082171027965
        },
        {
            "iteration": 249,
            "loss": 8.133082171027965
        },
        {
            "iteration": 250,
            "loss": 8.133082171027965
        },
        {
            "iteration": 251,
            "loss": 8.133082171027965
        },
        {
            "iteration": 252,
            "loss": 8.133082171027965
        },
        {
            "iteration": 253,
            "loss": 8.133082171027965
        },
        {
            "iteration": 254,
            "loss": 8.133082171027965
        },
        {
            "iteration": 255,
            "loss": 8.13295709684507
        },
        {
            "iteration": 256,
            "loss": 8.13295709684507
        },
        {
            "iteration": 257,
            "loss": 8.13295709684507
        },
        {
            "iteration": 258,
            "loss": 8.13295709684507
        },
        {
            "iteration": 259,
            "loss": 8.13295709684507
        },
        {
            "iteration": 260,
            "loss": 8.13295709684507
        },
        {
            "iteration": 261,
            "loss": 8.13295709684507
        },
        {
            "iteration": 262,
            "loss": 8.13114387240989
        },
        {
            "iteration": 263,
            "loss": 8.13015730624904
        },
        {
            "iteration": 264,
            "loss": 8.13015730624904
        },
        {
            "iteration": 265,
            "loss": 8.12919161273054
        },
        {
            "iteration": 266,
            "loss": 8.127878585264993
        },
        {
            "iteration": 267,
            "loss": 8.127878585264993
        },
        {
            "iteration": 268,
            "loss": 8.127878585264993
        },
        {
            "iteration": 269,
            "loss": 8.127878585264993
        },
        {
            "iteration": 270,
            "loss": 8.127878585264993
        },
        {
            "iteration": 271,
            "loss": 8.127194404438866
        },
        {
            "iteration": 272,
            "loss": 8.127194404438866
        },
        {
            "iteration": 273,
            "loss": 8.127194404438866
        },
        {
            "iteration": 274,
            "loss": 8.127165689850873
        },
        {
            "iteration": 275,
            "loss": 8.12687353894049
        },
        {
            "iteration": 276,
            "loss": 8.12687353894049
        },
        {
            "iteration": 277,
            "loss": 8.126624665913926
        },
        {
            "iteration": 278,
            "loss": 8.126624665913926
        },
        {
            "iteration": 279,
            "loss": 8.126501793007963
        },
        {
            "iteration": 280,
            "loss": 8.126232515996072
        },
        {
            "iteration": 281,
            "loss": 8.126232515996072
        },
        {
            "iteration": 282,
            "loss": 8.126232515996072
        },
        {
            "iteration": 283,
            "loss": 8.126232515996072
        },
        {
            "iteration": 284,
            "loss": 8.126232515996072
        },
        {
            "iteration": 285,
            "loss": 8.126091685198388
        },
        {
            "iteration": 286,
            "loss": 8.126091685198388
        },
        {
            "iteration": 287,
            "loss": 8.126091685198388
        },
        {
            "iteration": 288,
            "loss": 8.126091685198388
        },
        {
            "iteration": 289,
            "loss": 8.125926957262969
        },
        {
            "iteration": 290,
            "loss": 8.125926957262969
        },
        {
            "iteration": 291,
            "loss": 8.125926957262969
        },
        {
            "iteration": 292,
            "loss": 8.125926957262969
        },
        {
            "iteration": 293,
            "loss": 8.125914456759645
        },
        {
            "iteration": 294,
            "loss": 8.125912375927202
        },
        {
            "iteration": 295,
            "loss": 8.125912375927202
        },
        {
            "iteration": 296,
            "loss": 8.125859001082347
        },
        {
            "iteration": 297,
            "loss": 8.125859001082347
        },
        {
            "iteration": 298,
            "loss": 8.125802180151476
        },
        {
            "iteration": 299,
            "loss": 8.125623741596637
        },
        {
            "iteration": 300,
            "loss": 8.125623741596637
        },
        {
            "iteration": 301,
            "loss": 8.125623741596637
        },
        {
            "iteration": 302,
            "loss": 8.125623741596637
        },
        {
            "iteration": 303,
            "loss": 8.125623741596637
        },
        {
            "iteration": 304,
            "loss": 8.125623741596637
        },
        {
            "iteration": 305,
            "loss": 8.125623741596637
        },
        {
            "iteration": 306,
            "loss": 8.125376751063051
        },
        {
            "iteration": 307,
            "loss": 8.125376751063051
        },
        {
            "iteration": 308,
            "loss": 8.125376751063051
        },
        {
            "iteration": 309,
            "loss": 8.125376751063051
        },
        {
            "iteration": 310,
            "loss": 8.125376751063051
        },
        {
            "iteration": 311,
            "loss": 8.125376751063051
        },
        {
            "iteration": 312,
            "loss": 8.125311154496476
        },
        {
            "iteration": 313,
            "loss": 8.125311154496476
        },
        {
            "iteration": 314,
            "loss": 8.125302434436957
        },
        {
            "iteration": 315,
            "loss": 8.125302434436957
        },
        {
            "iteration": 316,
            "loss": 8.125298728930165
        },
        {
            "iteration": 317,
            "loss": 8.125222880105746
        },
        {
            "iteration": 318,
            "loss": 8.125152483446655
        },
        {
            "iteration": 319,
            "loss": 8.125152483446655
        },
        {
            "iteration": 320,
            "loss": 8.125152483446655
        },
        {
            "iteration": 321,
            "loss": 8.125152483446655
        },
        {
            "iteration": 322,
            "loss": 8.125124558777857
        },
        {
            "iteration": 323,
            "loss": 8.125124558777857
        },
        {
            "iteration": 324,
            "loss": 8.125124558777857
        },
        {
            "iteration": 325,
            "loss": 8.125124558777857
        },
        {
            "iteration": 326,
            "loss": 8.124758880767136
        },
        {
            "iteration": 327,
            "loss": 8.124758880767136
        },
        {
            "iteration": 328,
            "loss": 8.124758880767136
        },
        {
            "iteration": 329,
            "loss": 8.124758880767136
        },
        {
            "iteration": 330,
            "loss": 8.124758880767136
        },
        {
            "iteration": 331,
            "loss": 8.124758880767136
        },
        {
            "iteration": 332,
            "loss": 8.124758880767136
        },
        {
            "iteration": 333,
            "loss": 8.124758880767136
        },
        {
            "iteration": 334,
            "loss": 8.124758880767136
        },
        {
            "iteration": 335,
            "loss": 8.124758880767136
        },
        {
            "iteration": 336,
            "loss": 8.124714612614394
        },
        {
            "iteration": 337,
            "loss": 8.124601711463221
        },
        {
            "iteration": 338,
            "loss": 8.124601711463221
        },
        {
            "iteration": 339,
            "loss": 8.124403568010498
        },
        {
            "iteration": 340,
            "loss": 8.124357593815699
        },
        {
            "iteration": 341,
            "loss": 8.124289094837481
        },
        {
            "iteration": 342,
            "loss": 8.123919073478225
        },
        {
            "iteration": 343,
            "loss": 8.123919073478225
        },
        {
            "iteration": 344,
            "loss": 8.123919073478225
        },
        {
            "iteration": 345,
            "loss": 8.123919073478225
        },
        {
            "iteration": 346,
            "loss": 8.123005213231995
        },
        {
            "iteration": 347,
            "loss": 8.123005213231995
        },
        {
            "iteration": 348,
            "loss": 8.123005213231995
        },
        {
            "iteration": 349,
            "loss": 8.123005213231995
        },
        {
            "iteration": 350,
            "loss": 8.123005213231995
        },
        {
            "iteration": 351,
            "loss": 8.123005213231995
        },
        {
            "iteration": 352,
            "loss": 8.122239905444559
        },
        {
            "iteration": 353,
            "loss": 8.122239905444559
        },
        {
            "iteration": 354,
            "loss": 8.122239905444559
        },
        {
            "iteration": 355,
            "loss": 8.121567317308305
        },
        {
            "iteration": 356,
            "loss": 8.121567317308305
        },
        {
            "iteration": 357,
            "loss": 8.120959710356962
        },
        {
            "iteration": 358,
            "loss": 8.120959710356962
        },
        {
            "iteration": 359,
            "loss": 8.120105859118727
        },
        {
            "iteration": 360,
            "loss": 8.118908237088462
        },
        {
            "iteration": 361,
            "loss": 8.118908237088462
        },
        {
            "iteration": 362,
            "loss": 8.117716856946107
        },
        {
            "iteration": 363,
            "loss": 8.117716856946107
        },
        {
            "iteration": 364,
            "loss": 8.117716856946107
        },
        {
            "iteration": 365,
            "loss": 8.114557667217328
        },
        {
            "iteration": 366,
            "loss": 8.114557667217328
        },
        {
            "iteration": 367,
            "loss": 8.112756733202048
        },
        {
            "iteration": 368,
            "loss": 8.112756733202048
        },
        {
            "iteration": 369,
            "loss": 8.112756733202048
        },
        {
            "iteration": 370,
            "loss": 8.110569572701525
        },
        {
            "iteration": 371,
            "loss": 8.107647180944223
        },
        {
            "iteration": 372,
            "loss": 8.107647180944223
        },
        {
            "iteration": 373,
            "loss": 8.10044053715712
        },
        {
            "iteration": 374,
            "loss": 8.10044053715712
        },
        {
            "iteration": 375,
            "loss": 8.10044053715712
        },
        {
            "iteration": 376,
            "loss": 8.10044053715712
        },
        {
            "iteration": 377,
            "loss": 8.10044053715712
        },
        {
            "iteration": 378,
            "loss": 8.096122472578179
        },
        {
            "iteration": 379,
            "loss": 8.09089375232984
        },
        {
            "iteration": 380,
            "loss": 8.09089375232984
        },
        {
            "iteration": 381,
            "loss": 8.09089375232984
        },
        {
            "iteration": 382,
            "loss": 8.085252648314793
        },
        {
            "iteration": 383,
            "loss": 8.085252648314793
        },
        {
            "iteration": 384,
            "loss": 8.081199053898212
        },
        {
            "iteration": 385,
            "loss": 8.081199053898212
        },
        {
            "iteration": 386,
            "loss": 8.081199053898212
        },
        {
            "iteration": 387,
            "loss": 8.073961732060466
        },
        {
            "iteration": 388,
            "loss": 8.073961732060466
        },
        {
            "iteration": 389,
            "loss": 8.073961732060466
        },
        {
            "iteration": 390,
            "loss": 8.073961732060466
        },
        {
            "iteration": 391,
            "loss": 8.073961732060466
        },
        {
            "iteration": 392,
            "loss": 8.073961732060466
        },
        {
            "iteration": 393,
            "loss": 8.073961732060466
        },
        {
            "iteration": 394,
            "loss": 8.073961732060466
        },
        {
            "iteration": 395,
            "loss": 8.073710442400245
        },
        {
            "iteration": 396,
            "loss": 8.070451271451011
        },
        {
            "iteration": 397,
            "loss": 8.070451271451011
        },
        {
            "iteration": 398,
            "loss": 8.070451271451011
        },
        {
            "iteration": 399,
            "loss": 8.070451271451011
        },
        {
            "iteration": 400,
            "loss": 8.070451271451011
        },
        {
            "iteration": 401,
            "loss": 8.070451271451011
        },
        {
            "iteration": 402,
            "loss": 8.070451271451011
        },
        {
            "iteration": 403,
            "loss": 8.064888915238845
        },
        {
            "iteration": 404,
            "loss": 8.064888915238845
        },
        {
            "iteration": 405,
            "loss": 8.064888915238845
        },
        {
            "iteration": 406,
            "loss": 8.064888915238845
        },
        {
            "iteration": 407,
            "loss": 8.064888915238845
        },
        {
            "iteration": 408,
            "loss": 8.064888915238845
        },
        {
            "iteration": 409,
            "loss": 8.064888915238845
        },
        {
            "iteration": 410,
            "loss": 8.063709685497058
        },
        {
            "iteration": 411,
            "loss": 8.063709685497058
        },
        {
            "iteration": 412,
            "loss": 8.063709685497058
        },
        {
            "iteration": 413,
            "loss": 8.063709685497058
        },
        {
            "iteration": 414,
            "loss": 8.063709685497058
        },
        {
            "iteration": 415,
            "loss": 8.063709685497058
        },
        {
            "iteration": 416,
            "loss": 8.063253231735569
        },
        {
            "iteration": 417,
            "loss": 8.062607804276226
        },
        {
            "iteration": 418,
            "loss": 8.062607804276226
        },
        {
            "iteration": 419,
            "loss": 8.062607804276226
        },
        {
            "iteration": 420,
            "loss": 8.06211004832766
        },
        {
            "iteration": 421,
            "loss": 8.06211004832766
        },
        {
            "iteration": 422,
            "loss": 8.06211004832766
        },
        {
            "iteration": 423,
            "loss": 8.06211004832766
        },
        {
            "iteration": 424,
            "loss": 8.06211004832766
        },
        {
            "iteration": 425,
            "loss": 8.06211004832766
        },
        {
            "iteration": 426,
            "loss": 8.06211004832766
        },
        {
            "iteration": 427,
            "loss": 8.06211004832766
        },
        {
            "iteration": 428,
            "loss": 8.06211004832766
        },
        {
            "iteration": 429,
            "loss": 8.06211004832766
        },
        {
            "iteration": 430,
            "loss": 8.061535521692793
        },
        {
            "iteration": 431,
            "loss": 8.061535521692793
        },
        {
            "iteration": 432,
            "loss": 8.061535521692793
        },
        {
            "iteration": 433,
            "loss": 8.061535521692793
        },
        {
            "iteration": 434,
            "loss": 8.061535521692793
        },
        {
            "iteration": 435,
            "loss": 8.061519105891117
        },
        {
            "iteration": 436,
            "loss": 8.061519105891117
        },
        {
            "iteration": 437,
            "loss": 8.061519105891117
        },
        {
            "iteration": 438,
            "loss": 8.061519105891117
        },
        {
            "iteration": 439,
            "loss": 8.0610985848227
        },
        {
            "iteration": 440,
            "loss": 8.0610985848227
        },
        {
            "iteration": 441,
            "loss": 8.0610985848227
        },
        {
            "iteration": 442,
            "loss": 8.0610985848227
        },
        {
            "iteration": 443,
            "loss": 8.0610985848227
        },
        {
            "iteration": 444,
            "loss": 8.060215381305968
        },
        {
            "iteration": 445,
            "loss": 8.060215381305968
        },
        {
            "iteration": 446,
            "loss": 8.060215381305968
        },
        {
            "iteration": 447,
            "loss": 8.060215381305968
        },
        {
            "iteration": 448,
            "loss": 8.060215381305968
        },
        {
            "iteration": 449,
            "loss": 8.060215381305968
        },
        {
            "iteration": 450,
            "loss": 8.060215381305968
        },
        {
            "iteration": 451,
            "loss": 8.06005933598999
        },
        {
            "iteration": 452,
            "loss": 8.05884009970147
        },
        {
            "iteration": 453,
            "loss": 8.05884009970147
        },
        {
            "iteration": 454,
            "loss": 8.05884009970147
        },
        {
            "iteration": 455,
            "loss": 8.05884009970147
        },
        {
            "iteration": 456,
            "loss": 8.05884009970147
        },
        {
            "iteration": 457,
            "loss": 8.058803289792523
        },
        {
            "iteration": 458,
            "loss": 8.058259970403792
        },
        {
            "iteration": 459,
            "loss": 8.056797107445533
        },
        {
            "iteration": 460,
            "loss": 8.056797107445533
        },
        {
            "iteration": 461,
            "loss": 8.056797107445533
        },
        {
            "iteration": 462,
            "loss": 8.056797107445533
        },
        {
            "iteration": 463,
            "loss": 8.056797107445533
        },
        {
            "iteration": 464,
            "loss": 8.055884669340301
        },
        {
            "iteration": 465,
            "loss": 8.055884669340301
        },
        {
            "iteration": 466,
            "loss": 8.055884669340301
        },
        {
            "iteration": 467,
            "loss": 8.055884669340301
        },
        {
            "iteration": 468,
            "loss": 8.054455341676679
        },
        {
            "iteration": 469,
            "loss": 8.054455341676679
        },
        {
            "iteration": 470,
            "loss": 8.054455341676679
        },
        {
            "iteration": 471,
            "loss": 8.054455341676679
        },
        {
            "iteration": 472,
            "loss": 8.05288432930163
        },
        {
            "iteration": 473,
            "loss": 8.05288432930163
        },
        {
            "iteration": 474,
            "loss": 8.05288432930163
        },
        {
            "iteration": 475,
            "loss": 8.050562565629138
        },
        {
            "iteration": 476,
            "loss": 8.050562565629138
        },
        {
            "iteration": 477,
            "loss": 8.050447591050265
        },
        {
            "iteration": 478,
            "loss": 8.050447591050265
        },
        {
            "iteration": 479,
            "loss": 8.050447591050265
        },
        {
            "iteration": 480,
            "loss": 8.048410471344631
        },
        {
            "iteration": 481,
            "loss": 8.048410471344631
        },
        {
            "iteration": 482,
            "loss": 8.048410471344631
        },
        {
            "iteration": 483,
            "loss": 8.0476061433458
        },
        {
            "iteration": 484,
            "loss": 8.046299981665548
        },
        {
            "iteration": 485,
            "loss": 8.046299981665548
        },
        {
            "iteration": 486,
            "loss": 8.043113353047424
        },
        {
            "iteration": 487,
            "loss": 8.043113353047424
        },
        {
            "iteration": 488,
            "loss": 8.039570161425377
        },
        {
            "iteration": 489,
            "loss": 8.039570161425377
        },
        {
            "iteration": 490,
            "loss": 8.034413123435703
        },
        {
            "iteration": 491,
            "loss": 8.034413123435703
        },
        {
            "iteration": 492,
            "loss": 8.034413123435703
        },
        {
            "iteration": 493,
            "loss": 8.034413123435703
        },
        {
            "iteration": 494,
            "loss": 8.030195275400562
        },
        {
            "iteration": 495,
            "loss": 8.030195275400562
        },
        {
            "iteration": 496,
            "loss": 8.027450921864364
        },
        {
            "iteration": 497,
            "loss": 8.021476892467122
        },
        {
            "iteration": 498,
            "loss": 8.021476892467122
        },
        {
            "iteration": 499,
            "loss": 8.021476892467122
        },
        {
            "iteration": 500,
            "loss": 8.014186490681055
        },
        {
            "iteration": 501,
            "loss": 8.014186490681055
        },
        {
            "iteration": 502,
            "loss": 8.014186490681055
        },
        {
            "iteration": 503,
            "loss": 8.014186490681055
        },
        {
            "iteration": 504,
            "loss": 8.00779823730607
        },
        {
            "iteration": 505,
            "loss": 7.997819445166065
        },
        {
            "iteration": 506,
            "loss": 7.997819445166065
        },
        {
            "iteration": 507,
            "loss": 7.997819445166065
        },
        {
            "iteration": 508,
            "loss": 7.997819445166065
        },
        {
            "iteration": 509,
            "loss": 7.997819445166065
        },
        {
            "iteration": 510,
            "loss": 7.997819445166065
        },
        {
            "iteration": 511,
            "loss": 7.997819445166065
        },
        {
            "iteration": 512,
            "loss": 7.997819445166065
        },
        {
            "iteration": 513,
            "loss": 7.997819445166065
        },
        {
            "iteration": 514,
            "loss": 7.9841135438589825
        },
        {
            "iteration": 515,
            "loss": 7.9841135438589825
        },
        {
            "iteration": 516,
            "loss": 7.9841135438589825
        },
        {
            "iteration": 517,
            "loss": 7.9841135438589825
        },
        {
            "iteration": 518,
            "loss": 7.9841135438589825
        },
        {
            "iteration": 519,
            "loss": 7.9841135438589825
        },
        {
            "iteration": 520,
            "loss": 7.976403024645749
        },
        {
            "iteration": 521,
            "loss": 7.976403024645749
        },
        {
            "iteration": 522,
            "loss": 7.976403024645749
        },
        {
            "iteration": 523,
            "loss": 7.9757431456485035
        },
        {
            "iteration": 524,
            "loss": 7.9757431456485035
        },
        {
            "iteration": 525,
            "loss": 7.961823955851488
        },
        {
            "iteration": 526,
            "loss": 7.961823955851488
        },
        {
            "iteration": 527,
            "loss": 7.961823955851488
        },
        {
            "iteration": 528,
            "loss": 7.958756865007592
        },
        {
            "iteration": 529,
            "loss": 7.958756865007592
        },
        {
            "iteration": 530,
            "loss": 7.957365873307181
        },
        {
            "iteration": 531,
            "loss": 7.957365873307181
        },
        {
            "iteration": 532,
            "loss": 7.957365873307181
        },
        {
            "iteration": 533,
            "loss": 7.951871627404352
        },
        {
            "iteration": 534,
            "loss": 7.951871627404352
        },
        {
            "iteration": 535,
            "loss": 7.94609510777327
        },
        {
            "iteration": 536,
            "loss": 7.94609510777327
        },
        {
            "iteration": 537,
            "loss": 7.94609510777327
        },
        {
            "iteration": 538,
            "loss": 7.94609510777327
        },
        {
            "iteration": 539,
            "loss": 7.94609510777327
        },
        {
            "iteration": 540,
            "loss": 7.94609510777327
        },
        {
            "iteration": 541,
            "loss": 7.94609510777327
        },
        {
            "iteration": 542,
            "loss": 7.94609510777327
        },
        {
            "iteration": 543,
            "loss": 7.94609510777327
        },
        {
            "iteration": 544,
            "loss": 7.94609510777327
        },
        {
            "iteration": 545,
            "loss": 7.94609510777327
        },
        {
            "iteration": 546,
            "loss": 7.94609510777327
        },
        {
            "iteration": 547,
            "loss": 7.944335408809854
        },
        {
            "iteration": 548,
            "loss": 7.944335408809854
        },
        {
            "iteration": 549,
            "loss": 7.944335408809854
        },
        {
            "iteration": 550,
            "loss": 7.944335408809854
        },
        {
            "iteration": 551,
            "loss": 7.944335408809854
        },
        {
            "iteration": 552,
            "loss": 7.944335408809854
        },
        {
            "iteration": 553,
            "loss": 7.944335408809854
        },
        {
            "iteration": 554,
            "loss": 7.9439666074283695
        },
        {
            "iteration": 555,
            "loss": 7.9439666074283695
        },
        {
            "iteration": 556,
            "loss": 7.9439666074283695
        },
        {
            "iteration": 557,
            "loss": 7.9439666074283695
        },
        {
            "iteration": 558,
            "loss": 7.9439666074283695
        },
        {
            "iteration": 559,
            "loss": 7.9439666074283695
        },
        {
            "iteration": 560,
            "loss": 7.9439666074283695
        },
        {
            "iteration": 561,
            "loss": 7.943812602791399
        },
        {
            "iteration": 562,
            "loss": 7.943364816170257
        },
        {
            "iteration": 563,
            "loss": 7.943364816170257
        },
        {
            "iteration": 564,
            "loss": 7.943364816170257
        },
        {
            "iteration": 565,
            "loss": 7.943364816170257
        },
        {
            "iteration": 566,
            "loss": 7.943364816170257
        },
        {
            "iteration": 567,
            "loss": 7.943364816170257
        },
        {
            "iteration": 568,
            "loss": 7.943364816170257
        },
        {
            "iteration": 569,
            "loss": 7.943364816170257
        },
        {
            "iteration": 570,
            "loss": 7.943364816170257
        },
        {
            "iteration": 571,
            "loss": 7.943364816170257
        },
        {
            "iteration": 572,
            "loss": 7.943364816170257
        },
        {
            "iteration": 573,
            "loss": 7.943364816170257
        },
        {
            "iteration": 574,
            "loss": 7.943364816170257
        },
        {
            "iteration": 575,
            "loss": 7.943364816170257
        },
        {
            "iteration": 576,
            "loss": 7.943364816170257
        },
        {
            "iteration": 577,
            "loss": 7.943195770670324
        },
        {
            "iteration": 578,
            "loss": 7.943195770670324
        },
        {
            "iteration": 579,
            "loss": 7.943195770670324
        },
        {
            "iteration": 580,
            "loss": 7.943195770670324
        },
        {
            "iteration": 581,
            "loss": 7.943195770670324
        },
        {
            "iteration": 582,
            "loss": 7.943195770670324
        },
        {
            "iteration": 583,
            "loss": 7.943195770670324
        },
        {
            "iteration": 584,
            "loss": 7.943195770670324
        },
        {
            "iteration": 585,
            "loss": 7.9431761586011005
        },
        {
            "iteration": 586,
            "loss": 7.9431761586011005
        },
        {
            "iteration": 587,
            "loss": 7.943166914166326
        },
        {
            "iteration": 588,
            "loss": 7.943166914166326
        },
        {
            "iteration": 589,
            "loss": 7.943166914166326
        },
        {
            "iteration": 590,
            "loss": 7.943166914166326
        },
        {
            "iteration": 591,
            "loss": 7.943166914166326
        },
        {
            "iteration": 592,
            "loss": 7.943165837715725
        },
        {
            "iteration": 593,
            "loss": 7.943152856370635
        },
        {
            "iteration": 594,
            "loss": 7.943152856370635
        },
        {
            "iteration": 595,
            "loss": 7.943149426662123
        },
        {
            "iteration": 596,
            "loss": 7.943144955823566
        },
        {
            "iteration": 597,
            "loss": 7.943144955823566
        },
        {
            "iteration": 598,
            "loss": 7.943125181677547
        },
        {
            "iteration": 599,
            "loss": 7.943125181677547
        },
        {
            "iteration": 600,
            "loss": 7.943125181677547
        },
        {
            "iteration": 601,
            "loss": 7.943125181677547
        },
        {
            "iteration": 602,
            "loss": 7.943111028955479
        },
        {
            "iteration": 603,
            "loss": 7.943111028955479
        },
        {
            "iteration": 604,
            "loss": 7.943111028955479
        },
        {
            "iteration": 605,
            "loss": 7.94310400204111
        },
        {
            "iteration": 606,
            "loss": 7.9431002618512
        },
        {
            "iteration": 607,
            "loss": 7.9431002618512
        },
        {
            "iteration": 608,
            "loss": 7.9431002618512
        },
        {
            "iteration": 609,
            "loss": 7.9431002618512
        },
        {
            "iteration": 610,
            "loss": 7.9431002618512
        },
        {
            "iteration": 611,
            "loss": 7.9431002618512
        },
        {
            "iteration": 612,
            "loss": 7.943070219647423
        },
        {
            "iteration": 613,
            "loss": 7.943070219647423
        },
        {
            "iteration": 614,
            "loss": 7.943070219647423
        },
        {
            "iteration": 615,
            "loss": 7.943070219647423
        },
        {
            "iteration": 616,
            "loss": 7.943070219647423
        },
        {
            "iteration": 617,
            "loss": 7.943070219647423
        },
        {
            "iteration": 618,
            "loss": 7.943070219647423
        },
        {
            "iteration": 619,
            "loss": 7.943065143522922
        },
        {
            "iteration": 620,
            "loss": 7.943065143522922
        },
        {
            "iteration": 621,
            "loss": 7.943065143522922
        },
        {
            "iteration": 622,
            "loss": 7.943065143522922
        },
        {
            "iteration": 623,
            "loss": 7.943065143522922
        },
        {
            "iteration": 624,
            "loss": 7.9430617258770395
        },
        {
            "iteration": 625,
            "loss": 7.9430617258770395
        },
        {
            "iteration": 626,
            "loss": 7.943029570770165
        },
        {
            "iteration": 627,
            "loss": 7.943029570770165
        },
        {
            "iteration": 628,
            "loss": 7.943029570770165
        },
        {
            "iteration": 629,
            "loss": 7.943029570770165
        },
        {
            "iteration": 630,
            "loss": 7.943029570770165
        },
        {
            "iteration": 631,
            "loss": 7.943029570770165
        },
        {
            "iteration": 632,
            "loss": 7.943029570770165
        },
        {
            "iteration": 633,
            "loss": 7.943029570770165
        },
        {
            "iteration": 634,
            "loss": 7.943029570770165
        },
        {
            "iteration": 635,
            "loss": 7.943029570770165
        },
        {
            "iteration": 636,
            "loss": 7.943029570770165
        },
        {
            "iteration": 637,
            "loss": 7.9430148051940535
        },
        {
            "iteration": 638,
            "loss": 7.943000574154622
        },
        {
            "iteration": 639,
            "loss": 7.943000574154622
        },
        {
            "iteration": 640,
            "loss": 7.943000574154622
        },
        {
            "iteration": 641,
            "loss": 7.943000574154622
        },
        {
            "iteration": 642,
            "loss": 7.942989363035921
        },
        {
            "iteration": 643,
            "loss": 7.942985934836554
        },
        {
            "iteration": 644,
            "loss": 7.942981159034407
        },
        {
            "iteration": 645,
            "loss": 7.942981159034407
        },
        {
            "iteration": 646,
            "loss": 7.942979692559508
        },
        {
            "iteration": 647,
            "loss": 7.942974711525055
        },
        {
            "iteration": 648,
            "loss": 7.942974711525055
        },
        {
            "iteration": 649,
            "loss": 7.942974711525055
        },
        {
            "iteration": 650,
            "loss": 7.942974711525055
        },
        {
            "iteration": 651,
            "loss": 7.9429716283963065
        },
        {
            "iteration": 652,
            "loss": 7.9429716283963065
        },
        {
            "iteration": 653,
            "loss": 7.9429716283963065
        },
        {
            "iteration": 654,
            "loss": 7.942969113051935
        },
        {
            "iteration": 655,
            "loss": 7.942969113051935
        },
        {
            "iteration": 656,
            "loss": 7.942969113051935
        },
        {
            "iteration": 657,
            "loss": 7.942969113051935
        },
        {
            "iteration": 658,
            "loss": 7.942969113051935
        },
        {
            "iteration": 659,
            "loss": 7.942969113051935
        },
        {
            "iteration": 660,
            "loss": 7.942969113051935
        },
        {
            "iteration": 661,
            "loss": 7.942969113051935
        },
        {
            "iteration": 662,
            "loss": 7.942968978377054
        },
        {
            "iteration": 663,
            "loss": 7.942968540743981
        },
        {
            "iteration": 664,
            "loss": 7.942968420258123
        },
        {
            "iteration": 665,
            "loss": 7.942967742337647
        },
        {
            "iteration": 666,
            "loss": 7.942967742337647
        },
        {
            "iteration": 667,
            "loss": 7.94296739427858
        },
        {
            "iteration": 668,
            "loss": 7.94296739427858
        },
        {
            "iteration": 669,
            "loss": 7.942967186130451
        },
        {
            "iteration": 670,
            "loss": 7.942967087777054
        },
        {
            "iteration": 671,
            "loss": 7.942967034837482
        },
        {
            "iteration": 672,
            "loss": 7.9429668602531756
        },
        {
            "iteration": 673,
            "loss": 7.942966720620328
        },
        {
            "iteration": 674,
            "loss": 7.942966720620328
        }
    ]
}