{
    "success": true,
    "message": "Optimization terminated successfully.",
    "final_loss": 0.9112113370970292,
    "iterations": 436,
    "initial_dt_grandchildren": [
        0.009749080237694727,
        0.010901428612819834,
        0.010463987883622811,
        0.010197316968394075,
        0.009312037280884875,
        0.009311989040672408,
        0.009116167224336402,
        0.010732352291549872
    ],
    "final_dt_grandchildren": [
        0.10215847418242985,
        0.0010015067082232362,
        0.001,
        0.1074182670243606,
        0.10550542955696285,
        0.0012674689635082804,
        0.004920635552050443,
        0.10547477851171502
    ],
    "history": [
        {
            "iteration": 0,
            "loss": 1.5373547848971612
        },
        {
            "iteration": 1,
            "loss": 1.5373547848971612
        },
        {
            "iteration": 2,
            "loss": 1.5373547848971612
        },
        {
            "iteration": 3,
            "loss": 1.5373547848971612
        },
        {
            "iteration": 4,
            "loss": 1.5373547848971612
        },
        {
            "iteration": 5,
            "loss": 1.5343546863950905
        },
        {
            "iteration": 6,
            "loss": 1.5343546863950905
        },
        {
            "iteration": 7,
            "loss": 1.5294437995394219
        },
        {
            "iteration": 8,
            "loss": 1.5294437995394219
        },
        {
            "iteration": 9,
            "loss": 1.5294437995394219
        },
        {
            "iteration": 10,
            "loss": 1.5294437995394219
        },
        {
            "iteration": 11,
            "loss": 1.5238852482525544
        },
        {
            "iteration": 12,
            "loss": 1.5238852482525544
        },
        {
            "iteration": 13,
            "loss": 1.5155687845549437
        },
        {
            "iteration": 14,
            "loss": 1.5155687845549437
        },
        {
            "iteration": 15,
            "loss": 1.5155687845549437
        },
        {
            "iteration": 16,
            "loss": 1.5155687845549437
        },
        {
            "iteration": 17,
            "loss": 1.506125159369276
        },
        {
            "iteration": 18,
            "loss": 1.506125159369276
        },
        {
            "iteration": 19,
            "loss": 1.4916021101394108
        },
        {
            "iteration": 20,
            "loss": 1.4916021101394108
        },
        {
            "iteration": 21,
            "loss": 1.4916021101394108
        },
        {
            "iteration": 22,
            "loss": 1.4916021101394108
        },
        {
            "iteration": 23,
            "loss": 1.475638741495004
        },
        {
            "iteration": 24,
            "loss": 1.475638741495004
        },
        {
            "iteration": 25,
            "loss": 1.475638741495004
        },
        {
            "iteration": 26,
            "loss": 1.463057364532233
        },
        {
            "iteration": 27,
            "loss": 1.463057364532233
        },
        {
            "iteration": 28,
            "loss": 1.463057364532233
        },
        {
            "iteration": 29,
            "loss": 1.463057364532233
        },
        {
            "iteration": 30,
            "loss": 1.4451726062670787
        },
        {
            "iteration": 31,
            "loss": 1.4451726062670787
        },
        {
            "iteration": 32,
            "loss": 1.4451726062670787
        },
        {
            "iteration": 33,
            "loss": 1.4262895062061034
        },
        {
            "iteration": 34,
            "loss": 1.4262895062061034
        },
        {
            "iteration": 35,
            "loss": 1.4262895062061034
        },
        {
            "iteration": 36,
            "loss": 1.4056970584397277
        },
        {
            "iteration": 37,
            "loss": 1.4056970584397277
        },
        {
            "iteration": 38,
            "loss": 1.36245008350852
        },
        {
            "iteration": 39,
            "loss": 1.36245008350852
        },
        {
            "iteration": 40,
            "loss": 1.36245008350852
        },
        {
            "iteration": 41,
            "loss": 1.36245008350852
        },
        {
            "iteration": 42,
            "loss": 1.3282414656123365
        },
        {
            "iteration": 43,
            "loss": 1.3282414656123365
        },
        {
            "iteration": 44,
            "loss": 1.2814458305792868
        },
        {
            "iteration": 45,
            "loss": 1.2814458305792868
        },
        {
            "iteration": 46,
            "loss": 1.2814458305792868
        },
        {
            "iteration": 47,
            "loss": 1.2385007701041104
        },
        {
            "iteration": 48,
            "loss": 1.2385007701041104
        },
        {
            "iteration": 49,
            "loss": 1.2385007701041104
        },
        {
            "iteration": 50,
            "loss": 1.2043593967659945
        },
        {
            "iteration": 51,
            "loss": 1.2043593967659945
        },
        {
            "iteration": 52,
            "loss": 1.2043593967659945
        },
        {
            "iteration": 53,
            "loss": 1.201671277286323
        },
        {
            "iteration": 54,
            "loss": 1.201671277286323
        },
        {
            "iteration": 55,
            "loss": 1.2000630843913314
        },
        {
            "iteration": 56,
            "loss": 1.2000630843913314
        },
        {
            "iteration": 57,
            "loss": 1.2000630843913314
        },
        {
            "iteration": 58,
            "loss": 1.2000630843913314
        },
        {
            "iteration": 59,
            "loss": 1.2000630843913314
        },
        {
            "iteration": 60,
            "loss": 1.2000630843913314
        },
        {
            "iteration": 61,
            "loss": 1.2000630843913314
        },
        {
            "iteration": 62,
            "loss": 1.2000630843913314
        },
        {
            "iteration": 63,
            "loss": 1.2000630843913314
        },
        {
            "iteration": 64,
            "loss": 1.2000630843913314
        },
        {
            "iteration": 65,
            "loss": 1.2000630843913314
        },
        {
            "iteration": 66,
            "loss": 1.1933911847254421
        },
        {
            "iteration": 67,
            "loss": 1.1933911847254421
        },
        {
            "iteration": 68,
            "loss": 1.1933911847254421
        },
        {
            "iteration": 69,
            "loss": 1.1933911847254421
        },
        {
            "iteration": 70,
            "loss": 1.1933911847254421
        },
        {
            "iteration": 71,
            "loss": 1.1933911847254421
        },
        {
            "iteration": 72,
            "loss": 1.1933911847254421
        },
        {
            "iteration": 73,
            "loss": 1.1933911847254421
        },
        {
            "iteration": 74,
            "loss": 1.1933911847254421
        },
        {
            "iteration": 75,
            "loss": 1.1933911847254421
        },
        {
            "iteration": 76,
            "loss": 1.1933911847254421
        },
        {
            "iteration": 77,
            "loss": 1.1933911847254421
        },
        {
            "iteration": 78,
            "loss": 1.1893466039703071
        },
        {
            "iteration": 79,
            "loss": 1.1893466039703071
        },
        {
            "iteration": 80,
            "loss": 1.1893466039703071
        },
        {
            "iteration": 81,
            "loss": 1.1856152247523823
        },
        {
            "iteration": 82,
            "loss": 1.1856152247523823
        },
        {
            "iteration": 83,
            "loss": 1.1856152247523823
        },
        {
            "iteration": 84,
            "loss": 1.1856152247523823
        },
        {
            "iteration": 85,
            "loss": 1.1811476682332795
        },
        {
            "iteration": 86,
            "loss": 1.1811476682332795
        },
        {
            "iteration": 87,
            "loss": 1.1811476682332795
        },
        {
            "iteration": 88,
            "loss": 1.1811476682332795
        },
        {
            "iteration": 89,
            "loss": 1.1760113494640336
        },
        {
            "iteration": 90,
            "loss": 1.1760113494640336
        },
        {
            "iteration": 91,
            "loss": 1.1720458499428332
        },
        {
            "iteration": 92,
            "loss": 1.159670146985036
        },
        {
            "iteration": 93,
            "loss": 1.159670146985036
        },
        {
            "iteration": 94,
            "loss": 1.159670146985036
        },
        {
            "iteration": 95,
            "loss": 1.159670146985036
        },
        {
            "iteration": 96,
            "loss": 1.1485266702391073
        },
        {
            "iteration": 97,
            "loss": 1.1485266702391073
        },
        {
            "iteration": 98,
            "loss": 1.1485266702391073
        },
        {
            "iteration": 99,
            "loss": 1.1278222922899204
        },
        {
            "iteration": 100,
            "loss": 1.1278222922899204
        },
        {
            "iteration": 101,
            "loss": 1.1278222922899204
        },
        {
            "iteration": 102,
            "loss": 1.1278222922899204
        },
        {
            "iteration": 103,
            "loss": 1.1006693815904782
        },
        {
            "iteration": 104,
            "loss": 1.1006693815904782
        },
        {
            "iteration": 105,
            "loss": 1.1006693815904782
        },
        {
            "iteration": 106,
            "loss": 1.1006693815904782
        },
        {
            "iteration": 107,
            "loss": 1.0755433783647277
        },
        {
            "iteration": 108,
            "loss": 1.0755433783647277
        },
        {
            "iteration": 109,
            "loss": 1.0755433783647277
        },
        {
            "iteration": 110,
            "loss": 1.0523298730183797
        },
        {
            "iteration": 111,
            "loss": 1.0523298730183797
        },
        {
            "iteration": 112,
            "loss": 1.0523298730183797
        },
        {
            "iteration": 113,
            "loss": 1.0260861963513435
        },
        {
            "iteration": 114,
            "loss": 1.0260861963513435
        },
        {
            "iteration": 115,
            "loss": 1.0260861963513435
        },
        {
            "iteration": 116,
            "loss": 1.0260861963513435
        },
        {
            "iteration": 117,
            "loss": 1.0260861963513435
        },
        {
            "iteration": 118,
            "loss": 1.0241463342083534
        },
        {
            "iteration": 119,
            "loss": 1.0200903024613126
        },
        {
            "iteration": 120,
            "loss": 1.0200903024613126
        },
        {
            "iteration": 121,
            "loss": 1.0200903024613126
        },
        {
            "iteration": 122,
            "loss": 1.0176094283669954
        },
        {
            "iteration": 123,
            "loss": 1.0176094283669954
        },
        {
            "iteration": 124,
            "loss": 1.0176094283669954
        },
        {
            "iteration": 125,
            "loss": 1.0176094283669954
        },
        {
            "iteration": 126,
            "loss": 1.0176094283669954
        },
        {
            "iteration": 127,
            "loss": 1.0176094283669954
        },
        {
            "iteration": 128,
            "loss": 1.017558028531539
        },
        {
            "iteration": 129,
            "loss": 1.017558028531539
        },
        {
            "iteration": 130,
            "loss": 1.017558028531539
        },
        {
            "iteration": 131,
            "loss": 1.017558028531539
        },
        {
            "iteration": 132,
            "loss": 1.017558028531539
        },
        {
            "iteration": 133,
            "loss": 1.017558028531539
        },
        {
            "iteration": 134,
            "loss": 1.017558028531539
        },
        {
            "iteration": 135,
            "loss": 1.017558028531539
        },
        {
            "iteration": 136,
            "loss": 1.017558028531539
        },
        {
            "iteration": 137,
            "loss": 1.0165495325106804
        },
        {
            "iteration": 138,
            "loss": 1.0161295045518273
        },
        {
            "iteration": 139,
            "loss": 1.0161295045518273
        },
        {
            "iteration": 140,
            "loss": 1.0161295045518273
        },
        {
            "iteration": 141,
            "loss": 1.0161295045518273
        },
        {
            "iteration": 142,
            "loss": 1.0160783372975857
        },
        {
            "iteration": 143,
            "loss": 1.0160783372975857
        },
        {
            "iteration": 144,
            "loss": 1.015238608805248
        },
        {
            "iteration": 145,
            "loss": 1.015238608805248
        },
        {
            "iteration": 146,
            "loss": 1.015238608805248
        },
        {
            "iteration": 147,
            "loss": 1.0149359463921428
        },
        {
            "iteration": 148,
            "loss": 1.0149359463921428
        },
        {
            "iteration": 149,
            "loss": 1.0149359463921428
        },
        {
            "iteration": 150,
            "loss": 1.0138784424520964
        },
        {
            "iteration": 151,
            "loss": 1.0138784424520964
        },
        {
            "iteration": 152,
            "loss": 1.0134266351542465
        },
        {
            "iteration": 153,
            "loss": 1.0134266351542465
        },
        {
            "iteration": 154,
            "loss": 1.0134266351542465
        },
        {
            "iteration": 155,
            "loss": 1.0110947832854436
        },
        {
            "iteration": 156,
            "loss": 1.0110947832854436
        },
        {
            "iteration": 157,
            "loss": 1.0110947832854436
        },
        {
            "iteration": 158,
            "loss": 1.0110947832854436
        },
        {
            "iteration": 159,
            "loss": 1.0090302970779703
        },
        {
            "iteration": 160,
            "loss": 1.0090302970779703
        },
        {
            "iteration": 161,
            "loss": 1.0090302970779703
        },
        {
            "iteration": 162,
            "loss": 1.0090302970779703
        },
        {
            "iteration": 163,
            "loss": 1.0088380564372983
        },
        {
            "iteration": 164,
            "loss": 1.0031922581431445
        },
        {
            "iteration": 165,
            "loss": 1.0031922581431445
        },
        {
            "iteration": 166,
            "loss": 1.0031922581431445
        },
        {
            "iteration": 167,
            "loss": 1.0031922581431445
        },
        {
            "iteration": 168,
            "loss": 1.0031922581431445
        },
        {
            "iteration": 169,
            "loss": 0.9967748877443228
        },
        {
            "iteration": 170,
            "loss": 0.9967748877443228
        },
        {
            "iteration": 171,
            "loss": 0.9967748877443228
        },
        {
            "iteration": 172,
            "loss": 0.9910382844234391
        },
        {
            "iteration": 173,
            "loss": 0.9910382844234391
        },
        {
            "iteration": 174,
            "loss": 0.9910382844234391
        },
        {
            "iteration": 175,
            "loss": 0.9910382844234391
        },
        {
            "iteration": 176,
            "loss": 0.9910382844234391
        },
        {
            "iteration": 177,
            "loss": 0.9823215193630404
        },
        {
            "iteration": 178,
            "loss": 0.9823215193630404
        },
        {
            "iteration": 179,
            "loss": 0.9823215193630404
        },
        {
            "iteration": 180,
            "loss": 0.9823215193630404
        },
        {
            "iteration": 181,
            "loss": 0.9765849752182021
        },
        {
            "iteration": 182,
            "loss": 0.9765849752182021
        },
        {
            "iteration": 183,
            "loss": 0.9765849752182021
        },
        {
            "iteration": 184,
            "loss": 0.9738845264375868
        },
        {
            "iteration": 185,
            "loss": 0.9719846636378406
        },
        {
            "iteration": 186,
            "loss": 0.9706348410800274
        },
        {
            "iteration": 187,
            "loss": 0.9700137774336781
        },
        {
            "iteration": 188,
            "loss": 0.9687558469690885
        },
        {
            "iteration": 189,
            "loss": 0.9657444126569317
        },
        {
            "iteration": 190,
            "loss": 0.9655886296088738
        },
        {
            "iteration": 191,
            "loss": 0.9655886296088738
        },
        {
            "iteration": 192,
            "loss": 0.9655886296088738
        },
        {
            "iteration": 193,
            "loss": 0.9651299776205633
        },
        {
            "iteration": 194,
            "loss": 0.9651299776205633
        },
        {
            "iteration": 195,
            "loss": 0.963042030267161
        },
        {
            "iteration": 196,
            "loss": 0.963042030267161
        },
        {
            "iteration": 197,
            "loss": 0.9622362074803732
        },
        {
            "iteration": 198,
            "loss": 0.9622362074803732
        },
        {
            "iteration": 199,
            "loss": 0.9620225276628389
        },
        {
            "iteration": 200,
            "loss": 0.9620225276628389
        },
        {
            "iteration": 201,
            "loss": 0.9619486120150214
        },
        {
            "iteration": 202,
            "loss": 0.9619486120150214
        },
        {
            "iteration": 203,
            "loss": 0.9619486120150214
        },
        {
            "iteration": 204,
            "loss": 0.9619486120150214
        },
        {
            "iteration": 205,
            "loss": 0.9619486120150214
        },
        {
            "iteration": 206,
            "loss": 0.9619486120150214
        },
        {
            "iteration": 207,
            "loss": 0.9619486120150214
        },
        {
            "iteration": 208,
            "loss": 0.9619486120150214
        },
        {
            "iteration": 209,
            "loss": 0.9619486120150214
        },
        {
            "iteration": 210,
            "loss": 0.9619486120150214
        },
        {
            "iteration": 211,
            "loss": 0.9613671514189264
        },
        {
            "iteration": 212,
            "loss": 0.9613671514189264
        },
        {
            "iteration": 213,
            "loss": 0.9613671514189264
        },
        {
            "iteration": 214,
            "loss": 0.9613671514189264
        },
        {
            "iteration": 215,
            "loss": 0.9613671514189264
        },
        {
            "iteration": 216,
            "loss": 0.9613671514189264
        },
        {
            "iteration": 217,
            "loss": 0.9613671514189264
        },
        {
            "iteration": 218,
            "loss": 0.9613177867940976
        },
        {
            "iteration": 219,
            "loss": 0.9609735672536317
        },
        {
            "iteration": 220,
            "loss": 0.9609735672536317
        },
        {
            "iteration": 221,
            "loss": 0.9609735672536317
        },
        {
            "iteration": 222,
            "loss": 0.9609735672536317
        },
        {
            "iteration": 223,
            "loss": 0.9609016083250026
        },
        {
            "iteration": 224,
            "loss": 0.9609016083250026
        },
        {
            "iteration": 225,
            "loss": 0.9608928377804205
        },
        {
            "iteration": 226,
            "loss": 0.9608928377804205
        },
        {
            "iteration": 227,
            "loss": 0.9601007367557486
        },
        {
            "iteration": 228,
            "loss": 0.9601007367557486
        },
        {
            "iteration": 229,
            "loss": 0.9601007367557486
        },
        {
            "iteration": 230,
            "loss": 0.9601007367557486
        },
        {
            "iteration": 231,
            "loss": 0.9601007367557486
        },
        {
            "iteration": 232,
            "loss": 0.9601007367557486
        },
        {
            "iteration": 233,
            "loss": 0.9588487610728862
        },
        {
            "iteration": 234,
            "loss": 0.9588487610728862
        },
        {
            "iteration": 235,
            "loss": 0.9588487610728862
        },
        {
            "iteration": 236,
            "loss": 0.9588487610728862
        },
        {
            "iteration": 237,
            "loss": 0.9588487610728862
        },
        {
            "iteration": 238,
            "loss": 0.9588487610728862
        },
        {
            "iteration": 239,
            "loss": 0.9588487610728862
        },
        {
            "iteration": 240,
            "loss": 0.9588487610728862
        },
        {
            "iteration": 241,
            "loss": 0.9585357818816647
        },
        {
            "iteration": 242,
            "loss": 0.9585357818816647
        },
        {
            "iteration": 243,
            "loss": 0.9585357818816647
        },
        {
            "iteration": 244,
            "loss": 0.9577059370005827
        },
        {
            "iteration": 245,
            "loss": 0.9559165593457237
        },
        {
            "iteration": 246,
            "loss": 0.9559165593457237
        },
        {
            "iteration": 247,
            "loss": 0.9559165593457237
        },
        {
            "iteration": 248,
            "loss": 0.9559165593457237
        },
        {
            "iteration": 249,
            "loss": 0.9550293905281251
        },
        {
            "iteration": 250,
            "loss": 0.9550293905281251
        },
        {
            "iteration": 251,
            "loss": 0.9550027198063162
        },
        {
            "iteration": 252,
            "loss": 0.9510163414340695
        },
        {
            "iteration": 253,
            "loss": 0.9510163414340695
        },
        {
            "iteration": 254,
            "loss": 0.9510163414340695
        },
        {
            "iteration": 255,
            "loss": 0.9510163414340695
        },
        {
            "iteration": 256,
            "loss": 0.9510163414340695
        },
        {
            "iteration": 257,
            "loss": 0.9510163414340695
        },
        {
            "iteration": 258,
            "loss": 0.9456313700534338
        },
        {
            "iteration": 259,
            "loss": 0.9456313700534338
        },
        {
            "iteration": 260,
            "loss": 0.9456313700534338
        },
        {
            "iteration": 261,
            "loss": 0.9456313700534338
        },
        {
            "iteration": 262,
            "loss": 0.9432432156670529
        },
        {
            "iteration": 263,
            "loss": 0.9432432156670529
        },
        {
            "iteration": 264,
            "loss": 0.9432432156670529
        },
        {
            "iteration": 265,
            "loss": 0.9401210269859348
        },
        {
            "iteration": 266,
            "loss": 0.9383892971331989
        },
        {
            "iteration": 267,
            "loss": 0.9374875692585647
        },
        {
            "iteration": 268,
            "loss": 0.9349259730061021
        },
        {
            "iteration": 269,
            "loss": 0.9328327438415727
        },
        {
            "iteration": 270,
            "loss": 0.9328327438415727
        },
        {
            "iteration": 271,
            "loss": 0.9325382885363069
        },
        {
            "iteration": 272,
            "loss": 0.9325382885363069
        },
        {
            "iteration": 273,
            "loss": 0.9325382885363069
        },
        {
            "iteration": 274,
            "loss": 0.9325382885363069
        },
        {
            "iteration": 275,
            "loss": 0.9249251779690439
        },
        {
            "iteration": 276,
            "loss": 0.9249251779690439
        },
        {
            "iteration": 277,
            "loss": 0.9249251779690439
        },
        {
            "iteration": 278,
            "loss": 0.9249251779690439
        },
        {
            "iteration": 279,
            "loss": 0.9249251779690439
        },
        {
            "iteration": 280,
            "loss": 0.9249251779690439
        },
        {
            "iteration": 281,
            "loss": 0.9249251779690439
        },
        {
            "iteration": 282,
            "loss": 0.9249251779690439
        },
        {
            "iteration": 283,
            "loss": 0.9249251779690439
        },
        {
            "iteration": 284,
            "loss": 0.9249251779690439
        },
        {
            "iteration": 285,
            "loss": 0.9249251779690439
        },
        {
            "iteration": 286,
            "loss": 0.9249251779690439
        },
        {
            "iteration": 287,
            "loss": 0.9249251779690439
        },
        {
            "iteration": 288,
            "loss": 0.9249251779690439
        },
        {
            "iteration": 289,
            "loss": 0.9249251779690439
        },
        {
            "iteration": 290,
            "loss": 0.9249251779690439
        },
        {
            "iteration": 291,
            "loss": 0.9249251779690439
        },
        {
            "iteration": 292,
            "loss": 0.919340764125991
        },
        {
            "iteration": 293,
            "loss": 0.919340764125991
        },
        {
            "iteration": 294,
            "loss": 0.919340764125991
        },
        {
            "iteration": 295,
            "loss": 0.9173302892877473
        },
        {
            "iteration": 296,
            "loss": 0.9173302892877473
        },
        {
            "iteration": 297,
            "loss": 0.9173302892877473
        },
        {
            "iteration": 298,
            "loss": 0.9173302892877473
        },
        {
            "iteration": 299,
            "loss": 0.9173302892877473
        },
        {
            "iteration": 300,
            "loss": 0.9173302892877473
        },
        {
            "iteration": 301,
            "loss": 0.9173302892877473
        },
        {
            "iteration": 302,
            "loss": 0.9173302892877473
        },
        {
            "iteration": 303,
            "loss": 0.9173302892877473
        },
        {
            "iteration": 304,
            "loss": 0.9173302892877473
        },
        {
            "iteration": 305,
            "loss": 0.916685718298595
        },
        {
            "iteration": 306,
            "loss": 0.916685718298595
        },
        {
            "iteration": 307,
            "loss": 0.916685718298595
        },
        {
            "iteration": 308,
            "loss": 0.916685718298595
        },
        {
            "iteration": 309,
            "loss": 0.9158267936220454
        },
        {
            "iteration": 310,
            "loss": 0.9158267936220454
        },
        {
            "iteration": 311,
            "loss": 0.9158267936220454
        },
        {
            "iteration": 312,
            "loss": 0.9158267936220454
        },
        {
            "iteration": 313,
            "loss": 0.9153456629962875
        },
        {
            "iteration": 314,
            "loss": 0.9147676742959447
        },
        {
            "iteration": 315,
            "loss": 0.9147676742959447
        },
        {
            "iteration": 316,
            "loss": 0.9147676742959447
        },
        {
            "iteration": 317,
            "loss": 0.9145576022795012
        },
        {
            "iteration": 318,
            "loss": 0.9145123531825448
        },
        {
            "iteration": 319,
            "loss": 0.9145123531825448
        },
        {
            "iteration": 320,
            "loss": 0.9145123531825448
        },
        {
            "iteration": 321,
            "loss": 0.9145123531825448
        },
        {
            "iteration": 322,
            "loss": 0.9145123531825448
        },
        {
            "iteration": 323,
            "loss": 0.9145123531825448
        },
        {
            "iteration": 324,
            "loss": 0.914477536882714
        },
        {
            "iteration": 325,
            "loss": 0.914477536882714
        },
        {
            "iteration": 326,
            "loss": 0.914477536882714
        },
        {
            "iteration": 327,
            "loss": 0.9141155489437551
        },
        {
            "iteration": 328,
            "loss": 0.9137886436190001
        },
        {
            "iteration": 329,
            "loss": 0.9137886436190001
        },
        {
            "iteration": 330,
            "loss": 0.9137886436190001
        },
        {
            "iteration": 331,
            "loss": 0.9137886436190001
        },
        {
            "iteration": 332,
            "loss": 0.9137886436190001
        },
        {
            "iteration": 333,
            "loss": 0.9137886436190001
        },
        {
            "iteration": 334,
            "loss": 0.9135969452747759
        },
        {
            "iteration": 335,
            "loss": 0.9135969452747759
        },
        {
            "iteration": 336,
            "loss": 0.9135969452747759
        },
        {
            "iteration": 337,
            "loss": 0.9135969452747759
        },
        {
            "iteration": 338,
            "loss": 0.9135969452747759
        },
        {
            "iteration": 339,
            "loss": 0.9135969452747759
        },
        {
            "iteration": 340,
            "loss": 0.9135969452747759
        },
        {
            "iteration": 341,
            "loss": 0.9135969452747759
        },
        {
            "iteration": 342,
            "loss": 0.9135969452747759
        },
        {
            "iteration": 343,
            "loss": 0.9135882801504067
        },
        {
            "iteration": 344,
            "loss": 0.9135882801504067
        },
        {
            "iteration": 345,
            "loss": 0.9134342223121621
        },
        {
            "iteration": 346,
            "loss": 0.9134342223121621
        },
        {
            "iteration": 347,
            "loss": 0.9133975887475572
        },
        {
            "iteration": 348,
            "loss": 0.9133975887475572
        },
        {
            "iteration": 349,
            "loss": 0.9133975887475572
        },
        {
            "iteration": 350,
            "loss": 0.9133812268269139
        },
        {
            "iteration": 351,
            "loss": 0.9133812268269139
        },
        {
            "iteration": 352,
            "loss": 0.9133811061201413
        },
        {
            "iteration": 353,
            "loss": 0.9133811061201413
        },
        {
            "iteration": 354,
            "loss": 0.9132105825212875
        },
        {
            "iteration": 355,
            "loss": 0.9132105825212875
        },
        {
            "iteration": 356,
            "loss": 0.9132105825212875
        },
        {
            "iteration": 357,
            "loss": 0.9131203579186149
        },
        {
            "iteration": 358,
            "loss": 0.9131203579186149
        },
        {
            "iteration": 359,
            "loss": 0.9131203579186149
        },
        {
            "iteration": 360,
            "loss": 0.9131203579186149
        },
        {
            "iteration": 361,
            "loss": 0.9131203579186149
        },
        {
            "iteration": 362,
            "loss": 0.9130188454564632
        },
        {
            "iteration": 363,
            "loss": 0.9130188454564632
        },
        {
            "iteration": 364,
            "loss": 0.9130188454564632
        },
        {
            "iteration": 365,
            "loss": 0.912819155109446
        },
        {
            "iteration": 366,
            "loss": 0.912819155109446
        },
        {
            "iteration": 367,
            "loss": 0.912819155109446
        },
        {
            "iteration": 368,
            "loss": 0.912819155109446
        },
        {
            "iteration": 369,
            "loss": 0.9125584996047564
        },
        {
            "iteration": 370,
            "loss": 0.9125584996047564
        },
        {
            "iteration": 371,
            "loss": 0.9125584996047564
        },
        {
            "iteration": 372,
            "loss": 0.9125584996047564
        },
        {
            "iteration": 373,
            "loss": 0.9124770981013626
        },
        {
            "iteration": 374,
            "loss": 0.9124770981013626
        },
        {
            "iteration": 375,
            "loss": 0.9124770981013626
        },
        {
            "iteration": 376,
            "loss": 0.9124770981013626
        },
        {
            "iteration": 377,
            "loss": 0.9124770981013626
        },
        {
            "iteration": 378,
            "loss": 0.9124770981013626
        },
        {
            "iteration": 379,
            "loss": 0.9124770981013626
        },
        {
            "iteration": 380,
            "loss": 0.9123809450763929
        },
        {
            "iteration": 381,
            "loss": 0.9123809450763929
        },
        {
            "iteration": 382,
            "loss": 0.9123809450763929
        },
        {
            "iteration": 383,
            "loss": 0.9123809450763929
        },
        {
            "iteration": 384,
            "loss": 0.9123809450763929
        },
        {
            "iteration": 385,
            "loss": 0.9123809450763929
        },
        {
            "iteration": 386,
            "loss": 0.9121879593369613
        },
        {
            "iteration": 387,
            "loss": 0.9121879593369613
        },
        {
            "iteration": 388,
            "loss": 0.9121879593369613
        },
        {
            "iteration": 389,
            "loss": 0.9121879593369613
        },
        {
            "iteration": 390,
            "loss": 0.9121879593369613
        },
        {
            "iteration": 391,
            "loss": 0.9121879593369613
        },
        {
            "iteration": 392,
            "loss": 0.9120450382567924
        },
        {
            "iteration": 393,
            "loss": 0.9120450382567924
        },
        {
            "iteration": 394,
            "loss": 0.9120450382567924
        },
        {
            "iteration": 395,
            "loss": 0.9118485397848417
        },
        {
            "iteration": 396,
            "loss": 0.9118485397848417
        },
        {
            "iteration": 397,
            "loss": 0.9118485397848417
        },
        {
            "iteration": 398,
            "loss": 0.9117124446702292
        },
        {
            "iteration": 399,
            "loss": 0.9117124446702292
        },
        {
            "iteration": 400,
            "loss": 0.9113594363413995
        },
        {
            "iteration": 401,
            "loss": 0.9113594363413995
        },
        {
            "iteration": 402,
            "loss": 0.9113594363413995
        },
        {
            "iteration": 403,
            "loss": 0.9113158995344293
        },
        {
            "iteration": 404,
            "loss": 0.9113158995344293
        },
        {
            "iteration": 405,
            "loss": 0.9113158995344293
        },
        {
            "iteration": 406,
            "loss": 0.9113158995344293
        },
        {
            "iteration": 407,
            "loss": 0.9113158995344293
        },
        {
            "iteration": 408,
            "loss": 0.9113158995344293
        },
        {
            "iteration": 409,
            "loss": 0.9113158995344293
        },
        {
            "iteration": 410,
            "loss": 0.9112568062328137
        },
        {
            "iteration": 411,
            "loss": 0.9112568062328137
        },
        {
            "iteration": 412,
            "loss": 0.9112568062328137
        },
        {
            "iteration": 413,
            "loss": 0.9112488931077678
        },
        {
            "iteration": 414,
            "loss": 0.9112488931077678
        },
        {
            "iteration": 415,
            "loss": 0.911247375163839
        },
        {
            "iteration": 416,
            "loss": 0.911247375163839
        },
        {
            "iteration": 417,
            "loss": 0.911247375163839
        },
        {
            "iteration": 418,
            "loss": 0.911247375163839
        },
        {
            "iteration": 419,
            "loss": 0.911247375163839
        },
        {
            "iteration": 420,
            "loss": 0.9112397903172678
        },
        {
            "iteration": 421,
            "loss": 0.9112315439497252
        },
        {
            "iteration": 422,
            "loss": 0.9112269021263728
        },
        {
            "iteration": 423,
            "loss": 0.9112269021263728
        },
        {
            "iteration": 424,
            "loss": 0.9112227360399174
        },
        {
            "iteration": 425,
            "loss": 0.9112198640486895
        },
        {
            "iteration": 426,
            "loss": 0.9112198640486895
        },
        {
            "iteration": 427,
            "loss": 0.9112198640486895
        },
        {
            "iteration": 428,
            "loss": 0.9112198640486895
        },
        {
            "iteration": 429,
            "loss": 0.9112158873654153
        },
        {
            "iteration": 430,
            "loss": 0.9112158873654153
        },
        {
            "iteration": 431,
            "loss": 0.9112156850353585
        },
        {
            "iteration": 432,
            "loss": 0.9112156850353585
        },
        {
            "iteration": 433,
            "loss": 0.9112146442166704
        },
        {
            "iteration": 434,
            "loss": 0.9112113370970292
        },
        {
            "iteration": 435,
            "loss": 0.9112113370970292
        }
    ]
}