{
    "success": true,
    "message": "Optimization terminated successfully.",
    "final_loss": 11.046119843762312,
    "iterations": 442,
    "initial_dt_grandchildren": [
        0.009749080237694727,
        0.010901428612819834,
        0.010463987883622811,
        0.010197316968394075,
        0.009312037280884875,
        0.009311989040672408,
        0.009116167224336402,
        0.010732352291549872
    ],
    "final_dt_grandchildren": [
        0.001,
        0.15437240380025125,
        0.009071796350572328,
        0.001,
        0.001,
        0.14473462475956916,
        0.0010033121431158127,
        0.10758207019694391
    ],
    "history": [
        {
            "iteration": 0,
            "loss": 19.3509259619168
        },
        {
            "iteration": 1,
            "loss": 19.3509259619168
        },
        {
            "iteration": 2,
            "loss": 19.3509259619168
        },
        {
            "iteration": 3,
            "loss": 19.198988890282635
        },
        {
            "iteration": 4,
            "loss": 19.198988890282635
        },
        {
            "iteration": 5,
            "loss": 18.99658451889627
        },
        {
            "iteration": 6,
            "loss": 18.99658451889627
        },
        {
            "iteration": 7,
            "loss": 18.99658451889627
        },
        {
            "iteration": 8,
            "loss": 18.99658451889627
        },
        {
            "iteration": 9,
            "loss": 18.765738283691462
        },
        {
            "iteration": 10,
            "loss": 18.765738283691462
        },
        {
            "iteration": 11,
            "loss": 18.439964145221893
        },
        {
            "iteration": 12,
            "loss": 18.439964145221893
        },
        {
            "iteration": 13,
            "loss": 18.439964145221893
        },
        {
            "iteration": 14,
            "loss": 18.439964145221893
        },
        {
            "iteration": 15,
            "loss": 18.096155166966128
        },
        {
            "iteration": 16,
            "loss": 18.096155166966128
        },
        {
            "iteration": 17,
            "loss": 17.677009462799106
        },
        {
            "iteration": 18,
            "loss": 17.677009462799106
        },
        {
            "iteration": 19,
            "loss": 17.677009462799106
        },
        {
            "iteration": 20,
            "loss": 17.677009462799106
        },
        {
            "iteration": 21,
            "loss": 17.222952119613183
        },
        {
            "iteration": 22,
            "loss": 17.222952119613183
        },
        {
            "iteration": 23,
            "loss": 16.7361526028144
        },
        {
            "iteration": 24,
            "loss": 16.7361526028144
        },
        {
            "iteration": 25,
            "loss": 16.7361526028144
        },
        {
            "iteration": 26,
            "loss": 16.7361526028144
        },
        {
            "iteration": 27,
            "loss": 16.24364024449642
        },
        {
            "iteration": 28,
            "loss": 16.24364024449642
        },
        {
            "iteration": 29,
            "loss": 15.760274296440002
        },
        {
            "iteration": 30,
            "loss": 15.760274296440002
        },
        {
            "iteration": 31,
            "loss": 15.760274296440002
        },
        {
            "iteration": 32,
            "loss": 15.760274296440002
        },
        {
            "iteration": 33,
            "loss": 15.412346442873059
        },
        {
            "iteration": 34,
            "loss": 15.412346442873059
        },
        {
            "iteration": 35,
            "loss": 14.922452083857024
        },
        {
            "iteration": 36,
            "loss": 14.922452083857024
        },
        {
            "iteration": 37,
            "loss": 14.922452083857024
        },
        {
            "iteration": 38,
            "loss": 14.922452083857024
        },
        {
            "iteration": 39,
            "loss": 14.585094177089559
        },
        {
            "iteration": 40,
            "loss": 14.585094177089559
        },
        {
            "iteration": 41,
            "loss": 14.148126985854105
        },
        {
            "iteration": 42,
            "loss": 14.148126985854105
        },
        {
            "iteration": 43,
            "loss": 14.148126985854105
        },
        {
            "iteration": 44,
            "loss": 14.148126985854105
        },
        {
            "iteration": 45,
            "loss": 13.675660623283875
        },
        {
            "iteration": 46,
            "loss": 13.675660623283875
        },
        {
            "iteration": 47,
            "loss": 13.263374698092889
        },
        {
            "iteration": 48,
            "loss": 13.263374698092889
        },
        {
            "iteration": 49,
            "loss": 13.263374698092889
        },
        {
            "iteration": 50,
            "loss": 12.968328885754318
        },
        {
            "iteration": 51,
            "loss": 12.968328885754318
        },
        {
            "iteration": 52,
            "loss": 12.968328885754318
        },
        {
            "iteration": 53,
            "loss": 12.706823388531461
        },
        {
            "iteration": 54,
            "loss": 12.706823388531461
        },
        {
            "iteration": 55,
            "loss": 12.706823388531461
        },
        {
            "iteration": 56,
            "loss": 12.695554629630863
        },
        {
            "iteration": 57,
            "loss": 12.693159103633832
        },
        {
            "iteration": 58,
            "loss": 12.693159103633832
        },
        {
            "iteration": 59,
            "loss": 12.693159103633832
        },
        {
            "iteration": 60,
            "loss": 12.693159103633832
        },
        {
            "iteration": 61,
            "loss": 12.693159103633832
        },
        {
            "iteration": 62,
            "loss": 12.693159103633832
        },
        {
            "iteration": 63,
            "loss": 12.693159103633832
        },
        {
            "iteration": 64,
            "loss": 12.693159103633832
        },
        {
            "iteration": 65,
            "loss": 12.693159103633832
        },
        {
            "iteration": 66,
            "loss": 12.693159103633832
        },
        {
            "iteration": 67,
            "loss": 12.693159103633832
        },
        {
            "iteration": 68,
            "loss": 12.693159103633832
        },
        {
            "iteration": 69,
            "loss": 12.693159103633832
        },
        {
            "iteration": 70,
            "loss": 12.693159103633832
        },
        {
            "iteration": 71,
            "loss": 12.693159103633832
        },
        {
            "iteration": 72,
            "loss": 12.670818488284908
        },
        {
            "iteration": 73,
            "loss": 12.670818488284908
        },
        {
            "iteration": 74,
            "loss": 12.670818488284908
        },
        {
            "iteration": 75,
            "loss": 12.670818488284908
        },
        {
            "iteration": 76,
            "loss": 12.670818488284908
        },
        {
            "iteration": 77,
            "loss": 12.670818488284908
        },
        {
            "iteration": 78,
            "loss": 12.670818488284908
        },
        {
            "iteration": 79,
            "loss": 12.670818488284908
        },
        {
            "iteration": 80,
            "loss": 12.670818488284908
        },
        {
            "iteration": 81,
            "loss": 12.670818488284908
        },
        {
            "iteration": 82,
            "loss": 12.652130281211555
        },
        {
            "iteration": 83,
            "loss": 12.652130281211555
        },
        {
            "iteration": 84,
            "loss": 12.652130281211555
        },
        {
            "iteration": 85,
            "loss": 12.652130281211555
        },
        {
            "iteration": 86,
            "loss": 12.652130281211555
        },
        {
            "iteration": 87,
            "loss": 12.633844848040951
        },
        {
            "iteration": 88,
            "loss": 12.633844848040951
        },
        {
            "iteration": 89,
            "loss": 12.633844848040951
        },
        {
            "iteration": 90,
            "loss": 12.633844848040951
        },
        {
            "iteration": 91,
            "loss": 12.610924385062532
        },
        {
            "iteration": 92,
            "loss": 12.610924385062532
        },
        {
            "iteration": 93,
            "loss": 12.610924385062532
        },
        {
            "iteration": 94,
            "loss": 12.610924385062532
        },
        {
            "iteration": 95,
            "loss": 12.596104325057397
        },
        {
            "iteration": 96,
            "loss": 12.596104325057397
        },
        {
            "iteration": 97,
            "loss": 12.596104325057397
        },
        {
            "iteration": 98,
            "loss": 12.596104325057397
        },
        {
            "iteration": 99,
            "loss": 12.596104325057397
        },
        {
            "iteration": 100,
            "loss": 12.588455356862099
        },
        {
            "iteration": 101,
            "loss": 12.584663977931683
        },
        {
            "iteration": 102,
            "loss": 12.584663977931683
        },
        {
            "iteration": 103,
            "loss": 12.584663977931683
        },
        {
            "iteration": 104,
            "loss": 12.584663977931683
        },
        {
            "iteration": 105,
            "loss": 12.584663977931683
        },
        {
            "iteration": 106,
            "loss": 12.584663977931683
        },
        {
            "iteration": 107,
            "loss": 12.583513191228533
        },
        {
            "iteration": 108,
            "loss": 12.583513191228533
        },
        {
            "iteration": 109,
            "loss": 12.583513191228533
        },
        {
            "iteration": 110,
            "loss": 12.583513191228533
        },
        {
            "iteration": 111,
            "loss": 12.583513191228533
        },
        {
            "iteration": 112,
            "loss": 12.583513191228533
        },
        {
            "iteration": 113,
            "loss": 12.583023852878966
        },
        {
            "iteration": 114,
            "loss": 12.583023852878966
        },
        {
            "iteration": 115,
            "loss": 12.583023852878966
        },
        {
            "iteration": 116,
            "loss": 12.583023852878966
        },
        {
            "iteration": 117,
            "loss": 12.583023852878966
        },
        {
            "iteration": 118,
            "loss": 12.580383036226678
        },
        {
            "iteration": 119,
            "loss": 12.580383036226678
        },
        {
            "iteration": 120,
            "loss": 12.580383036226678
        },
        {
            "iteration": 121,
            "loss": 12.580383036226678
        },
        {
            "iteration": 122,
            "loss": 12.580383036226678
        },
        {
            "iteration": 123,
            "loss": 12.580383036226678
        },
        {
            "iteration": 124,
            "loss": 12.577837698539426
        },
        {
            "iteration": 125,
            "loss": 12.577837698539426
        },
        {
            "iteration": 126,
            "loss": 12.57635048299369
        },
        {
            "iteration": 127,
            "loss": 12.574935083749892
        },
        {
            "iteration": 128,
            "loss": 12.574935083749892
        },
        {
            "iteration": 129,
            "loss": 12.574935083749892
        },
        {
            "iteration": 130,
            "loss": 12.574935083749892
        },
        {
            "iteration": 131,
            "loss": 12.567688073914653
        },
        {
            "iteration": 132,
            "loss": 12.567688073914653
        },
        {
            "iteration": 133,
            "loss": 12.567688073914653
        },
        {
            "iteration": 134,
            "loss": 12.567688073914653
        },
        {
            "iteration": 135,
            "loss": 12.567688073914653
        },
        {
            "iteration": 136,
            "loss": 12.567688073914653
        },
        {
            "iteration": 137,
            "loss": 12.567688073914653
        },
        {
            "iteration": 138,
            "loss": 12.567688073914653
        },
        {
            "iteration": 139,
            "loss": 12.567688073914653
        },
        {
            "iteration": 140,
            "loss": 12.567688073914653
        },
        {
            "iteration": 141,
            "loss": 12.567688073914653
        },
        {
            "iteration": 142,
            "loss": 12.567688073914653
        },
        {
            "iteration": 143,
            "loss": 12.567688073914653
        },
        {
            "iteration": 144,
            "loss": 12.56158418859873
        },
        {
            "iteration": 145,
            "loss": 12.56158418859873
        },
        {
            "iteration": 146,
            "loss": 12.56158418859873
        },
        {
            "iteration": 147,
            "loss": 12.56158418859873
        },
        {
            "iteration": 148,
            "loss": 12.56158418859873
        },
        {
            "iteration": 149,
            "loss": 12.559561774199494
        },
        {
            "iteration": 150,
            "loss": 12.550276388017622
        },
        {
            "iteration": 151,
            "loss": 12.550276388017622
        },
        {
            "iteration": 152,
            "loss": 12.543312781956573
        },
        {
            "iteration": 153,
            "loss": 12.543312781956573
        },
        {
            "iteration": 154,
            "loss": 12.543312781956573
        },
        {
            "iteration": 155,
            "loss": 12.534802981152424
        },
        {
            "iteration": 156,
            "loss": 12.534802981152424
        },
        {
            "iteration": 157,
            "loss": 12.534802981152424
        },
        {
            "iteration": 158,
            "loss": 12.534802981152424
        },
        {
            "iteration": 159,
            "loss": 12.534802981152424
        },
        {
            "iteration": 160,
            "loss": 12.534243186729483
        },
        {
            "iteration": 161,
            "loss": 12.531932994826661
        },
        {
            "iteration": 162,
            "loss": 12.528677187535038
        },
        {
            "iteration": 163,
            "loss": 12.528677187535038
        },
        {
            "iteration": 164,
            "loss": 12.528677187535038
        },
        {
            "iteration": 165,
            "loss": 12.528677187535038
        },
        {
            "iteration": 166,
            "loss": 12.528677187535038
        },
        {
            "iteration": 167,
            "loss": 12.528677187535038
        },
        {
            "iteration": 168,
            "loss": 12.528677187535038
        },
        {
            "iteration": 169,
            "loss": 12.528677187535038
        },
        {
            "iteration": 170,
            "loss": 12.528677187535038
        },
        {
            "iteration": 171,
            "loss": 12.528677187535038
        },
        {
            "iteration": 172,
            "loss": 12.528677187535038
        },
        {
            "iteration": 173,
            "loss": 12.524949932804986
        },
        {
            "iteration": 174,
            "loss": 12.524949932804986
        },
        {
            "iteration": 175,
            "loss": 12.524949932804986
        },
        {
            "iteration": 176,
            "loss": 12.524949932804986
        },
        {
            "iteration": 177,
            "loss": 12.524949932804986
        },
        {
            "iteration": 178,
            "loss": 12.524949932804986
        },
        {
            "iteration": 179,
            "loss": 12.524949932804986
        },
        {
            "iteration": 180,
            "loss": 12.524949932804986
        },
        {
            "iteration": 181,
            "loss": 12.523539231353524
        },
        {
            "iteration": 182,
            "loss": 12.523539231353524
        },
        {
            "iteration": 183,
            "loss": 12.5228265412632
        },
        {
            "iteration": 184,
            "loss": 12.5228265412632
        },
        {
            "iteration": 185,
            "loss": 12.5228265412632
        },
        {
            "iteration": 186,
            "loss": 12.521903910350375
        },
        {
            "iteration": 187,
            "loss": 12.516253298441498
        },
        {
            "iteration": 188,
            "loss": 12.516253298441498
        },
        {
            "iteration": 189,
            "loss": 12.516253298441498
        },
        {
            "iteration": 190,
            "loss": 12.516253298441498
        },
        {
            "iteration": 191,
            "loss": 12.514256441562807
        },
        {
            "iteration": 192,
            "loss": 12.50725704558836
        },
        {
            "iteration": 193,
            "loss": 12.50725704558836
        },
        {
            "iteration": 194,
            "loss": 12.50725704558836
        },
        {
            "iteration": 195,
            "loss": 12.50725704558836
        },
        {
            "iteration": 196,
            "loss": 12.501270825476638
        },
        {
            "iteration": 197,
            "loss": 12.488162010528384
        },
        {
            "iteration": 198,
            "loss": 12.488162010528384
        },
        {
            "iteration": 199,
            "loss": 12.488162010528384
        },
        {
            "iteration": 200,
            "loss": 12.488162010528384
        },
        {
            "iteration": 201,
            "loss": 12.475701800739088
        },
        {
            "iteration": 202,
            "loss": 12.475701800739088
        },
        {
            "iteration": 203,
            "loss": 12.475701800739088
        },
        {
            "iteration": 204,
            "loss": 12.453335792454652
        },
        {
            "iteration": 205,
            "loss": 12.453335792454652
        },
        {
            "iteration": 206,
            "loss": 12.453335792454652
        },
        {
            "iteration": 207,
            "loss": 12.453335792454652
        },
        {
            "iteration": 208,
            "loss": 12.421946460701648
        },
        {
            "iteration": 209,
            "loss": 12.421946460701648
        },
        {
            "iteration": 210,
            "loss": 12.421946460701648
        },
        {
            "iteration": 211,
            "loss": 12.396444913548933
        },
        {
            "iteration": 212,
            "loss": 12.396444913548933
        },
        {
            "iteration": 213,
            "loss": 12.396444913548933
        },
        {
            "iteration": 214,
            "loss": 12.377569045056845
        },
        {
            "iteration": 215,
            "loss": 12.299441097749451
        },
        {
            "iteration": 216,
            "loss": 12.299441097749451
        },
        {
            "iteration": 217,
            "loss": 12.299441097749451
        },
        {
            "iteration": 218,
            "loss": 12.299441097749451
        },
        {
            "iteration": 219,
            "loss": 12.074583906511933
        },
        {
            "iteration": 220,
            "loss": 12.074583906511933
        },
        {
            "iteration": 221,
            "loss": 11.809724103098844
        },
        {
            "iteration": 222,
            "loss": 11.809724103098844
        },
        {
            "iteration": 223,
            "loss": 11.809724103098844
        },
        {
            "iteration": 224,
            "loss": 11.809724103098844
        },
        {
            "iteration": 225,
            "loss": 11.663858397437465
        },
        {
            "iteration": 226,
            "loss": 11.663858397437465
        },
        {
            "iteration": 227,
            "loss": 11.59398951329392
        },
        {
            "iteration": 228,
            "loss": 11.534523407740792
        },
        {
            "iteration": 229,
            "loss": 11.502824359597938
        },
        {
            "iteration": 230,
            "loss": 11.502824359597938
        },
        {
            "iteration": 231,
            "loss": 11.502824359597938
        },
        {
            "iteration": 232,
            "loss": 11.502824359597938
        },
        {
            "iteration": 233,
            "loss": 11.502824359597938
        },
        {
            "iteration": 234,
            "loss": 11.502824359597938
        },
        {
            "iteration": 235,
            "loss": 11.502824359597938
        },
        {
            "iteration": 236,
            "loss": 11.502824359597938
        },
        {
            "iteration": 237,
            "loss": 11.502824359597938
        },
        {
            "iteration": 238,
            "loss": 11.436202875524756
        },
        {
            "iteration": 239,
            "loss": 11.436202875524756
        },
        {
            "iteration": 240,
            "loss": 11.436202875524756
        },
        {
            "iteration": 241,
            "loss": 11.436202875524756
        },
        {
            "iteration": 242,
            "loss": 11.436202875524756
        },
        {
            "iteration": 243,
            "loss": 11.39934709970045
        },
        {
            "iteration": 244,
            "loss": 11.39934709970045
        },
        {
            "iteration": 245,
            "loss": 11.39934709970045
        },
        {
            "iteration": 246,
            "loss": 11.379808515064283
        },
        {
            "iteration": 247,
            "loss": 11.379808515064283
        },
        {
            "iteration": 248,
            "loss": 11.379808515064283
        },
        {
            "iteration": 249,
            "loss": 11.379808515064283
        },
        {
            "iteration": 250,
            "loss": 11.378810412770463
        },
        {
            "iteration": 251,
            "loss": 11.378810412770463
        },
        {
            "iteration": 252,
            "loss": 11.325886515331803
        },
        {
            "iteration": 253,
            "loss": 11.325886515331803
        },
        {
            "iteration": 254,
            "loss": 11.325886515331803
        },
        {
            "iteration": 255,
            "loss": 11.325886515331803
        },
        {
            "iteration": 256,
            "loss": 11.325886515331803
        },
        {
            "iteration": 257,
            "loss": 11.325886515331803
        },
        {
            "iteration": 258,
            "loss": 11.2444659134228
        },
        {
            "iteration": 259,
            "loss": 11.2444659134228
        },
        {
            "iteration": 260,
            "loss": 11.2444659134228
        },
        {
            "iteration": 261,
            "loss": 11.2444659134228
        },
        {
            "iteration": 262,
            "loss": 11.205323352667307
        },
        {
            "iteration": 263,
            "loss": 11.205323352667307
        },
        {
            "iteration": 264,
            "loss": 11.170992356051585
        },
        {
            "iteration": 265,
            "loss": 11.170992356051585
        },
        {
            "iteration": 266,
            "loss": 11.170992356051585
        },
        {
            "iteration": 267,
            "loss": 11.170992356051585
        },
        {
            "iteration": 268,
            "loss": 11.148326943437638
        },
        {
            "iteration": 269,
            "loss": 11.145528588162506
        },
        {
            "iteration": 270,
            "loss": 11.145528588162506
        },
        {
            "iteration": 271,
            "loss": 11.145528588162506
        },
        {
            "iteration": 272,
            "loss": 11.145528588162506
        },
        {
            "iteration": 273,
            "loss": 11.145528588162506
        },
        {
            "iteration": 274,
            "loss": 11.145528588162506
        },
        {
            "iteration": 275,
            "loss": 11.145528588162506
        },
        {
            "iteration": 276,
            "loss": 11.145528588162506
        },
        {
            "iteration": 277,
            "loss": 11.145528588162506
        },
        {
            "iteration": 278,
            "loss": 11.145528588162506
        },
        {
            "iteration": 279,
            "loss": 11.145528588162506
        },
        {
            "iteration": 280,
            "loss": 11.145528588162506
        },
        {
            "iteration": 281,
            "loss": 11.145528588162506
        },
        {
            "iteration": 282,
            "loss": 11.145528588162506
        },
        {
            "iteration": 283,
            "loss": 11.145528588162506
        },
        {
            "iteration": 284,
            "loss": 11.144555562559475
        },
        {
            "iteration": 285,
            "loss": 11.144555562559475
        },
        {
            "iteration": 286,
            "loss": 11.144555562559475
        },
        {
            "iteration": 287,
            "loss": 11.144207664907896
        },
        {
            "iteration": 288,
            "loss": 11.143631004267974
        },
        {
            "iteration": 289,
            "loss": 11.143631004267974
        },
        {
            "iteration": 290,
            "loss": 11.143631004267974
        },
        {
            "iteration": 291,
            "loss": 11.143034931144967
        },
        {
            "iteration": 292,
            "loss": 11.143034931144967
        },
        {
            "iteration": 293,
            "loss": 11.143034931144967
        },
        {
            "iteration": 294,
            "loss": 11.1429860675849
        },
        {
            "iteration": 295,
            "loss": 11.14269428130875
        },
        {
            "iteration": 296,
            "loss": 11.14269428130875
        },
        {
            "iteration": 297,
            "loss": 11.14269428130875
        },
        {
            "iteration": 298,
            "loss": 11.142295337147942
        },
        {
            "iteration": 299,
            "loss": 11.142295337147942
        },
        {
            "iteration": 300,
            "loss": 11.141451766326895
        },
        {
            "iteration": 301,
            "loss": 11.141451766326895
        },
        {
            "iteration": 302,
            "loss": 11.141451766326895
        },
        {
            "iteration": 303,
            "loss": 11.141451766326895
        },
        {
            "iteration": 304,
            "loss": 11.141451766326895
        },
        {
            "iteration": 305,
            "loss": 11.141451766326895
        },
        {
            "iteration": 306,
            "loss": 11.141451766326895
        },
        {
            "iteration": 307,
            "loss": 11.141410743953116
        },
        {
            "iteration": 308,
            "loss": 11.140486908293354
        },
        {
            "iteration": 309,
            "loss": 11.140486908293354
        },
        {
            "iteration": 310,
            "loss": 11.140486908293354
        },
        {
            "iteration": 311,
            "loss": 11.140486908293354
        },
        {
            "iteration": 312,
            "loss": 11.140486908293354
        },
        {
            "iteration": 313,
            "loss": 11.140486908293354
        },
        {
            "iteration": 314,
            "loss": 11.140486908293354
        },
        {
            "iteration": 315,
            "loss": 11.139148977179815
        },
        {
            "iteration": 316,
            "loss": 11.139148977179815
        },
        {
            "iteration": 317,
            "loss": 11.139148977179815
        },
        {
            "iteration": 318,
            "loss": 11.139148977179815
        },
        {
            "iteration": 319,
            "loss": 11.139148977179815
        },
        {
            "iteration": 320,
            "loss": 11.139148977179815
        },
        {
            "iteration": 321,
            "loss": 11.139148977179815
        },
        {
            "iteration": 322,
            "loss": 11.139148977179815
        },
        {
            "iteration": 323,
            "loss": 11.139148977179815
        },
        {
            "iteration": 324,
            "loss": 11.139148977179815
        },
        {
            "iteration": 325,
            "loss": 11.139043696912609
        },
        {
            "iteration": 326,
            "loss": 11.137846555793999
        },
        {
            "iteration": 327,
            "loss": 11.137846555793999
        },
        {
            "iteration": 328,
            "loss": 11.136498582000968
        },
        {
            "iteration": 329,
            "loss": 11.136498582000968
        },
        {
            "iteration": 330,
            "loss": 11.136498582000968
        },
        {
            "iteration": 331,
            "loss": 11.135027213029502
        },
        {
            "iteration": 332,
            "loss": 11.135027213029502
        },
        {
            "iteration": 333,
            "loss": 11.132892937791013
        },
        {
            "iteration": 334,
            "loss": 11.132892937791013
        },
        {
            "iteration": 335,
            "loss": 11.132892937791013
        },
        {
            "iteration": 336,
            "loss": 11.132892937791013
        },
        {
            "iteration": 337,
            "loss": 11.129025095092203
        },
        {
            "iteration": 338,
            "loss": 11.129025095092203
        },
        {
            "iteration": 339,
            "loss": 11.129025095092203
        },
        {
            "iteration": 340,
            "loss": 11.124258254974393
        },
        {
            "iteration": 341,
            "loss": 11.124258254974393
        },
        {
            "iteration": 342,
            "loss": 11.124258254974393
        },
        {
            "iteration": 343,
            "loss": 11.124258254974393
        },
        {
            "iteration": 344,
            "loss": 11.116830046633595
        },
        {
            "iteration": 345,
            "loss": 11.116830046633595
        },
        {
            "iteration": 346,
            "loss": 11.116830046633595
        },
        {
            "iteration": 347,
            "loss": 11.116830046633595
        },
        {
            "iteration": 348,
            "loss": 11.111049678773298
        },
        {
            "iteration": 349,
            "loss": 11.111049678773298
        },
        {
            "iteration": 350,
            "loss": 11.111049678773298
        },
        {
            "iteration": 351,
            "loss": 11.100237254039087
        },
        {
            "iteration": 352,
            "loss": 11.100237254039087
        },
        {
            "iteration": 353,
            "loss": 11.100237254039087
        },
        {
            "iteration": 354,
            "loss": 11.100237254039087
        },
        {
            "iteration": 355,
            "loss": 11.090110452548117
        },
        {
            "iteration": 356,
            "loss": 11.090110452548117
        },
        {
            "iteration": 357,
            "loss": 11.090110452548117
        },
        {
            "iteration": 358,
            "loss": 11.090110452548117
        },
        {
            "iteration": 359,
            "loss": 11.07725943704034
        },
        {
            "iteration": 360,
            "loss": 11.07725943704034
        },
        {
            "iteration": 361,
            "loss": 11.07725943704034
        },
        {
            "iteration": 362,
            "loss": 11.07725943704034
        },
        {
            "iteration": 363,
            "loss": 11.07725943704034
        },
        {
            "iteration": 364,
            "loss": 11.07088462075987
        },
        {
            "iteration": 365,
            "loss": 11.07088462075987
        },
        {
            "iteration": 366,
            "loss": 11.07088462075987
        },
        {
            "iteration": 367,
            "loss": 11.069429741056865
        },
        {
            "iteration": 368,
            "loss": 11.068963268985385
        },
        {
            "iteration": 369,
            "loss": 11.068963268985385
        },
        {
            "iteration": 370,
            "loss": 11.06279090021917
        },
        {
            "iteration": 371,
            "loss": 11.06279090021917
        },
        {
            "iteration": 372,
            "loss": 11.06279090021917
        },
        {
            "iteration": 373,
            "loss": 11.06279090021917
        },
        {
            "iteration": 374,
            "loss": 11.06279090021917
        },
        {
            "iteration": 375,
            "loss": 11.06279090021917
        },
        {
            "iteration": 376,
            "loss": 11.061519605235617
        },
        {
            "iteration": 377,
            "loss": 11.061519605235617
        },
        {
            "iteration": 378,
            "loss": 11.061519605235617
        },
        {
            "iteration": 379,
            "loss": 11.061519605235617
        },
        {
            "iteration": 380,
            "loss": 11.061519605235617
        },
        {
            "iteration": 381,
            "loss": 11.061519605235617
        },
        {
            "iteration": 382,
            "loss": 11.061519605235617
        },
        {
            "iteration": 383,
            "loss": 11.061519605235617
        },
        {
            "iteration": 384,
            "loss": 11.061519605235617
        },
        {
            "iteration": 385,
            "loss": 11.061070617439611
        },
        {
            "iteration": 386,
            "loss": 11.061070617439611
        },
        {
            "iteration": 387,
            "loss": 11.060416100182863
        },
        {
            "iteration": 388,
            "loss": 11.057058900078573
        },
        {
            "iteration": 389,
            "loss": 11.057058900078573
        },
        {
            "iteration": 390,
            "loss": 11.057058900078573
        },
        {
            "iteration": 391,
            "loss": 11.057058900078573
        },
        {
            "iteration": 392,
            "loss": 11.057058900078573
        },
        {
            "iteration": 393,
            "loss": 11.057058900078573
        },
        {
            "iteration": 394,
            "loss": 11.053763041328011
        },
        {
            "iteration": 395,
            "loss": 11.053763041328011
        },
        {
            "iteration": 396,
            "loss": 11.053763041328011
        },
        {
            "iteration": 397,
            "loss": 11.053763041328011
        },
        {
            "iteration": 398,
            "loss": 11.053763041328011
        },
        {
            "iteration": 399,
            "loss": 11.053763041328011
        },
        {
            "iteration": 400,
            "loss": 11.051435564556016
        },
        {
            "iteration": 401,
            "loss": 11.051435564556016
        },
        {
            "iteration": 402,
            "loss": 11.050646147221869
        },
        {
            "iteration": 403,
            "loss": 11.050646147221869
        },
        {
            "iteration": 404,
            "loss": 11.048859466024794
        },
        {
            "iteration": 405,
            "loss": 11.048859466024794
        },
        {
            "iteration": 406,
            "loss": 11.048859466024794
        },
        {
            "iteration": 407,
            "loss": 11.047944250919443
        },
        {
            "iteration": 408,
            "loss": 11.047944250919443
        },
        {
            "iteration": 409,
            "loss": 11.047719714177845
        },
        {
            "iteration": 410,
            "loss": 11.047719714177845
        },
        {
            "iteration": 411,
            "loss": 11.047719714177845
        },
        {
            "iteration": 412,
            "loss": 11.047719714177845
        },
        {
            "iteration": 413,
            "loss": 11.04659116211974
        },
        {
            "iteration": 414,
            "loss": 11.04659116211974
        },
        {
            "iteration": 415,
            "loss": 11.04659116211974
        },
        {
            "iteration": 416,
            "loss": 11.04659116211974
        },
        {
            "iteration": 417,
            "loss": 11.04659116211974
        },
        {
            "iteration": 418,
            "loss": 11.04659116211974
        },
        {
            "iteration": 419,
            "loss": 11.04659116211974
        },
        {
            "iteration": 420,
            "loss": 11.04659116211974
        },
        {
            "iteration": 421,
            "loss": 11.04659116211974
        },
        {
            "iteration": 422,
            "loss": 11.046533320547269
        },
        {
            "iteration": 423,
            "loss": 11.046503364482192
        },
        {
            "iteration": 424,
            "loss": 11.046412917001874
        },
        {
            "iteration": 425,
            "loss": 11.046380202861656
        },
        {
            "iteration": 426,
            "loss": 11.046261081051682
        },
        {
            "iteration": 427,
            "loss": 11.0462576396082
        },
        {
            "iteration": 428,
            "loss": 11.046246685198184
        },
        {
            "iteration": 429,
            "loss": 11.04619148060226
        },
        {
            "iteration": 430,
            "loss": 11.04619148060226
        },
        {
            "iteration": 431,
            "loss": 11.04619148060226
        },
        {
            "iteration": 432,
            "loss": 11.04619148060226
        },
        {
            "iteration": 433,
            "loss": 11.046171110669093
        },
        {
            "iteration": 434,
            "loss": 11.046151918229612
        },
        {
            "iteration": 435,
            "loss": 11.046139428594586
        },
        {
            "iteration": 436,
            "loss": 11.046132234201593
        },
        {
            "iteration": 437,
            "loss": 11.046132234201593
        },
        {
            "iteration": 438,
            "loss": 11.046132234201593
        },
        {
            "iteration": 439,
            "loss": 11.046129956244329
        },
        {
            "iteration": 440,
            "loss": 11.046119843762312
        },
        {
            "iteration": 441,
            "loss": 11.046119843762312
        }
    ]
}