{
    "success": true,
    "message": "Optimization terminated successfully.",
    "final_loss": 10.246024194515485,
    "iterations": 346,
    "initial_dt_grandchildren": [
        0.009749080237694727,
        0.010901428612819834,
        0.010463987883622811,
        0.010197316968394075,
        0.009312037280884875,
        0.009311989040672408,
        0.009116167224336402,
        0.010732352291549872
    ],
    "final_dt_grandchildren": [
        0.001,
        0.19998157547044992,
        0.10835007605186872,
        0.11537325462474962,
        0.001,
        0.0010350763153518798,
        0.0010232313250443416,
        0.07212122946350703
    ],
    "history": [
        {
            "iteration": 0,
            "loss": 24.402192390174605
        },
        {
            "iteration": 1,
            "loss": 24.402192390174605
        },
        {
            "iteration": 2,
            "loss": 24.331649226718582
        },
        {
            "iteration": 3,
            "loss": 24.331649226718582
        },
        {
            "iteration": 4,
            "loss": 24.205992376431823
        },
        {
            "iteration": 5,
            "loss": 24.205992376431823
        },
        {
            "iteration": 6,
            "loss": 24.205992376431823
        },
        {
            "iteration": 7,
            "loss": 24.205992376431823
        },
        {
            "iteration": 8,
            "loss": 24.02057218644768
        },
        {
            "iteration": 9,
            "loss": 24.02057218644768
        },
        {
            "iteration": 10,
            "loss": 24.02057218644768
        },
        {
            "iteration": 11,
            "loss": 24.02057218644768
        },
        {
            "iteration": 12,
            "loss": 23.805567580100615
        },
        {
            "iteration": 13,
            "loss": 23.805567580100615
        },
        {
            "iteration": 14,
            "loss": 23.805567580100615
        },
        {
            "iteration": 15,
            "loss": 23.532984180143103
        },
        {
            "iteration": 16,
            "loss": 23.532984180143103
        },
        {
            "iteration": 17,
            "loss": 23.532984180143103
        },
        {
            "iteration": 18,
            "loss": 23.25112994661322
        },
        {
            "iteration": 19,
            "loss": 23.25112994661322
        },
        {
            "iteration": 20,
            "loss": 22.807184580771718
        },
        {
            "iteration": 21,
            "loss": 22.807184580771718
        },
        {
            "iteration": 22,
            "loss": 22.807184580771718
        },
        {
            "iteration": 23,
            "loss": 22.267111205786932
        },
        {
            "iteration": 24,
            "loss": 22.267111205786932
        },
        {
            "iteration": 25,
            "loss": 22.267111205786932
        },
        {
            "iteration": 26,
            "loss": 21.675415879231878
        },
        {
            "iteration": 27,
            "loss": 21.675415879231878
        },
        {
            "iteration": 28,
            "loss": 21.675415879231878
        },
        {
            "iteration": 29,
            "loss": 20.95811797690112
        },
        {
            "iteration": 30,
            "loss": 20.95811797690112
        },
        {
            "iteration": 31,
            "loss": 20.95811797690112
        },
        {
            "iteration": 32,
            "loss": 20.027163753227796
        },
        {
            "iteration": 33,
            "loss": 20.027163753227796
        },
        {
            "iteration": 34,
            "loss": 20.027163753227796
        },
        {
            "iteration": 35,
            "loss": 19.005880512821022
        },
        {
            "iteration": 36,
            "loss": 19.005880512821022
        },
        {
            "iteration": 37,
            "loss": 17.930468089994974
        },
        {
            "iteration": 38,
            "loss": 17.930468089994974
        },
        {
            "iteration": 39,
            "loss": 17.930468089994974
        },
        {
            "iteration": 40,
            "loss": 16.566122016170993
        },
        {
            "iteration": 41,
            "loss": 16.566122016170993
        },
        {
            "iteration": 42,
            "loss": 16.566122016170993
        },
        {
            "iteration": 43,
            "loss": 15.258046333736274
        },
        {
            "iteration": 44,
            "loss": 15.258046333736274
        },
        {
            "iteration": 45,
            "loss": 15.258046333736274
        },
        {
            "iteration": 46,
            "loss": 14.432490971579682
        },
        {
            "iteration": 47,
            "loss": 14.432490971579682
        },
        {
            "iteration": 48,
            "loss": 14.037859493022552
        },
        {
            "iteration": 49,
            "loss": 14.037859493022552
        },
        {
            "iteration": 50,
            "loss": 14.037859493022552
        },
        {
            "iteration": 51,
            "loss": 14.037859493022552
        },
        {
            "iteration": 52,
            "loss": 14.037859493022552
        },
        {
            "iteration": 53,
            "loss": 12.10420360720309
        },
        {
            "iteration": 54,
            "loss": 12.10420360720309
        },
        {
            "iteration": 55,
            "loss": 12.10420360720309
        },
        {
            "iteration": 56,
            "loss": 11.34379152324982
        },
        {
            "iteration": 57,
            "loss": 11.34379152324982
        },
        {
            "iteration": 58,
            "loss": 11.34379152324982
        },
        {
            "iteration": 59,
            "loss": 11.34379152324982
        },
        {
            "iteration": 60,
            "loss": 11.269780274371442
        },
        {
            "iteration": 61,
            "loss": 11.263522032022593
        },
        {
            "iteration": 62,
            "loss": 11.263522032022593
        },
        {
            "iteration": 63,
            "loss": 11.263522032022593
        },
        {
            "iteration": 64,
            "loss": 11.263522032022593
        },
        {
            "iteration": 65,
            "loss": 11.263522032022593
        },
        {
            "iteration": 66,
            "loss": 11.263522032022593
        },
        {
            "iteration": 67,
            "loss": 11.263522032022593
        },
        {
            "iteration": 68,
            "loss": 11.263522032022593
        },
        {
            "iteration": 69,
            "loss": 11.25456258795748
        },
        {
            "iteration": 70,
            "loss": 11.25456258795748
        },
        {
            "iteration": 71,
            "loss": 11.25456258795748
        },
        {
            "iteration": 72,
            "loss": 11.093454158224631
        },
        {
            "iteration": 73,
            "loss": 11.093454158224631
        },
        {
            "iteration": 74,
            "loss": 11.093454158224631
        },
        {
            "iteration": 75,
            "loss": 11.093454158224631
        },
        {
            "iteration": 76,
            "loss": 11.093454158224631
        },
        {
            "iteration": 77,
            "loss": 11.093454158224631
        },
        {
            "iteration": 78,
            "loss": 11.093454158224631
        },
        {
            "iteration": 79,
            "loss": 11.093454158224631
        },
        {
            "iteration": 80,
            "loss": 10.982235359348124
        },
        {
            "iteration": 81,
            "loss": 10.982235359348124
        },
        {
            "iteration": 82,
            "loss": 10.982235359348124
        },
        {
            "iteration": 83,
            "loss": 10.982235359348124
        },
        {
            "iteration": 84,
            "loss": 10.874390188793768
        },
        {
            "iteration": 85,
            "loss": 10.874390188793768
        },
        {
            "iteration": 86,
            "loss": 10.874390188793768
        },
        {
            "iteration": 87,
            "loss": 10.874390188793768
        },
        {
            "iteration": 88,
            "loss": 10.771813781822857
        },
        {
            "iteration": 89,
            "loss": 10.771813781822857
        },
        {
            "iteration": 90,
            "loss": 10.771813781822857
        },
        {
            "iteration": 91,
            "loss": 10.771813781822857
        },
        {
            "iteration": 92,
            "loss": 10.721370521467179
        },
        {
            "iteration": 93,
            "loss": 10.64726559589326
        },
        {
            "iteration": 94,
            "loss": 10.64726559589326
        },
        {
            "iteration": 95,
            "loss": 10.64726559589326
        },
        {
            "iteration": 96,
            "loss": 10.64726559589326
        },
        {
            "iteration": 97,
            "loss": 10.64726559589326
        },
        {
            "iteration": 98,
            "loss": 10.613004155668023
        },
        {
            "iteration": 99,
            "loss": 10.613004155668023
        },
        {
            "iteration": 100,
            "loss": 10.613004155668023
        },
        {
            "iteration": 101,
            "loss": 10.580266206561646
        },
        {
            "iteration": 102,
            "loss": 10.558668407691584
        },
        {
            "iteration": 103,
            "loss": 10.558668407691584
        },
        {
            "iteration": 104,
            "loss": 10.558668407691584
        },
        {
            "iteration": 105,
            "loss": 10.558668407691584
        },
        {
            "iteration": 106,
            "loss": 10.558668407691584
        },
        {
            "iteration": 107,
            "loss": 10.558668407691584
        },
        {
            "iteration": 108,
            "loss": 10.554446406276838
        },
        {
            "iteration": 109,
            "loss": 10.554446406276838
        },
        {
            "iteration": 110,
            "loss": 10.554446406276838
        },
        {
            "iteration": 111,
            "loss": 10.554446406276838
        },
        {
            "iteration": 112,
            "loss": 10.532106438477058
        },
        {
            "iteration": 113,
            "loss": 10.532106438477058
        },
        {
            "iteration": 114,
            "loss": 10.532106438477058
        },
        {
            "iteration": 115,
            "loss": 10.532106438477058
        },
        {
            "iteration": 116,
            "loss": 10.532106438477058
        },
        {
            "iteration": 117,
            "loss": 10.532106438477058
        },
        {
            "iteration": 118,
            "loss": 10.532106438477058
        },
        {
            "iteration": 119,
            "loss": 10.532106438477058
        },
        {
            "iteration": 120,
            "loss": 10.50031002592732
        },
        {
            "iteration": 121,
            "loss": 10.50031002592732
        },
        {
            "iteration": 122,
            "loss": 10.50031002592732
        },
        {
            "iteration": 123,
            "loss": 10.50031002592732
        },
        {
            "iteration": 124,
            "loss": 10.50031002592732
        },
        {
            "iteration": 125,
            "loss": 10.462958256983256
        },
        {
            "iteration": 126,
            "loss": 10.462958256983256
        },
        {
            "iteration": 127,
            "loss": 10.462958256983256
        },
        {
            "iteration": 128,
            "loss": 10.462958256983256
        },
        {
            "iteration": 129,
            "loss": 10.462958256983256
        },
        {
            "iteration": 130,
            "loss": 10.431384277049801
        },
        {
            "iteration": 131,
            "loss": 10.431384277049801
        },
        {
            "iteration": 132,
            "loss": 10.431384277049801
        },
        {
            "iteration": 133,
            "loss": 10.397321376825857
        },
        {
            "iteration": 134,
            "loss": 10.397321376825857
        },
        {
            "iteration": 135,
            "loss": 10.397321376825857
        },
        {
            "iteration": 136,
            "loss": 10.335506762450677
        },
        {
            "iteration": 137,
            "loss": 10.335506762450677
        },
        {
            "iteration": 138,
            "loss": 10.335506762450677
        },
        {
            "iteration": 139,
            "loss": 10.335506762450677
        },
        {
            "iteration": 140,
            "loss": 10.335506762450677
        },
        {
            "iteration": 141,
            "loss": 10.327352586202323
        },
        {
            "iteration": 142,
            "loss": 10.327352586202323
        },
        {
            "iteration": 143,
            "loss": 10.32250754458073
        },
        {
            "iteration": 144,
            "loss": 10.32250754458073
        },
        {
            "iteration": 145,
            "loss": 10.32250754458073
        },
        {
            "iteration": 146,
            "loss": 10.32250754458073
        },
        {
            "iteration": 147,
            "loss": 10.32250754458073
        },
        {
            "iteration": 148,
            "loss": 10.32250754458073
        },
        {
            "iteration": 149,
            "loss": 10.32250754458073
        },
        {
            "iteration": 150,
            "loss": 10.317489487570128
        },
        {
            "iteration": 151,
            "loss": 10.317489487570128
        },
        {
            "iteration": 152,
            "loss": 10.317489487570128
        },
        {
            "iteration": 153,
            "loss": 10.317489487570128
        },
        {
            "iteration": 154,
            "loss": 10.317489487570128
        },
        {
            "iteration": 155,
            "loss": 10.317489487570128
        },
        {
            "iteration": 156,
            "loss": 10.317489487570128
        },
        {
            "iteration": 157,
            "loss": 10.317489487570128
        },
        {
            "iteration": 158,
            "loss": 10.314580395628582
        },
        {
            "iteration": 159,
            "loss": 10.314580395628582
        },
        {
            "iteration": 160,
            "loss": 10.31220913155994
        },
        {
            "iteration": 161,
            "loss": 10.310536074866832
        },
        {
            "iteration": 162,
            "loss": 10.310536074866832
        },
        {
            "iteration": 163,
            "loss": 10.310536074866832
        },
        {
            "iteration": 164,
            "loss": 10.310536074866832
        },
        {
            "iteration": 165,
            "loss": 10.310536074866832
        },
        {
            "iteration": 166,
            "loss": 10.310536074866832
        },
        {
            "iteration": 167,
            "loss": 10.304838109026605
        },
        {
            "iteration": 168,
            "loss": 10.304838109026605
        },
        {
            "iteration": 169,
            "loss": 10.304838109026605
        },
        {
            "iteration": 170,
            "loss": 10.304838109026605
        },
        {
            "iteration": 171,
            "loss": 10.304838109026605
        },
        {
            "iteration": 172,
            "loss": 10.304838109026605
        },
        {
            "iteration": 173,
            "loss": 10.304386144220189
        },
        {
            "iteration": 174,
            "loss": 10.300873055304692
        },
        {
            "iteration": 175,
            "loss": 10.296878771252523
        },
        {
            "iteration": 176,
            "loss": 10.296878771252523
        },
        {
            "iteration": 177,
            "loss": 10.296878771252523
        },
        {
            "iteration": 178,
            "loss": 10.29519032776443
        },
        {
            "iteration": 179,
            "loss": 10.29519032776443
        },
        {
            "iteration": 180,
            "loss": 10.29519032776443
        },
        {
            "iteration": 181,
            "loss": 10.29376408149983
        },
        {
            "iteration": 182,
            "loss": 10.291976127075031
        },
        {
            "iteration": 183,
            "loss": 10.291976127075031
        },
        {
            "iteration": 184,
            "loss": 10.285281864926219
        },
        {
            "iteration": 185,
            "loss": 10.285281864926219
        },
        {
            "iteration": 186,
            "loss": 10.285281864926219
        },
        {
            "iteration": 187,
            "loss": 10.285281864926219
        },
        {
            "iteration": 188,
            "loss": 10.285281864926219
        },
        {
            "iteration": 189,
            "loss": 10.285281864926219
        },
        {
            "iteration": 190,
            "loss": 10.285281864926219
        },
        {
            "iteration": 191,
            "loss": 10.285281864926219
        },
        {
            "iteration": 192,
            "loss": 10.285031391409575
        },
        {
            "iteration": 193,
            "loss": 10.285031391409575
        },
        {
            "iteration": 194,
            "loss": 10.28280909456953
        },
        {
            "iteration": 195,
            "loss": 10.28280909456953
        },
        {
            "iteration": 196,
            "loss": 10.28280909456953
        },
        {
            "iteration": 197,
            "loss": 10.281940783410391
        },
        {
            "iteration": 198,
            "loss": 10.281940783410391
        },
        {
            "iteration": 199,
            "loss": 10.281940783410391
        },
        {
            "iteration": 200,
            "loss": 10.281940783410391
        },
        {
            "iteration": 201,
            "loss": 10.281940783410391
        },
        {
            "iteration": 202,
            "loss": 10.281940783410391
        },
        {
            "iteration": 203,
            "loss": 10.281940783410391
        },
        {
            "iteration": 204,
            "loss": 10.280370119173313
        },
        {
            "iteration": 205,
            "loss": 10.280370119173313
        },
        {
            "iteration": 206,
            "loss": 10.280370119173313
        },
        {
            "iteration": 207,
            "loss": 10.280370119173313
        },
        {
            "iteration": 208,
            "loss": 10.280370119173313
        },
        {
            "iteration": 209,
            "loss": 10.280370119173313
        },
        {
            "iteration": 210,
            "loss": 10.278761601592123
        },
        {
            "iteration": 211,
            "loss": 10.278761601592123
        },
        {
            "iteration": 212,
            "loss": 10.278761601592123
        },
        {
            "iteration": 213,
            "loss": 10.278761601592123
        },
        {
            "iteration": 214,
            "loss": 10.278665280005953
        },
        {
            "iteration": 215,
            "loss": 10.277381681953557
        },
        {
            "iteration": 216,
            "loss": 10.27644001578301
        },
        {
            "iteration": 217,
            "loss": 10.27644001578301
        },
        {
            "iteration": 218,
            "loss": 10.27644001578301
        },
        {
            "iteration": 219,
            "loss": 10.27644001578301
        },
        {
            "iteration": 220,
            "loss": 10.276396086250315
        },
        {
            "iteration": 221,
            "loss": 10.276396086250315
        },
        {
            "iteration": 222,
            "loss": 10.274199412146118
        },
        {
            "iteration": 223,
            "loss": 10.271151437329536
        },
        {
            "iteration": 224,
            "loss": 10.271151437329536
        },
        {
            "iteration": 225,
            "loss": 10.271151437329536
        },
        {
            "iteration": 226,
            "loss": 10.271151437329536
        },
        {
            "iteration": 227,
            "loss": 10.269552243764338
        },
        {
            "iteration": 228,
            "loss": 10.269552243764338
        },
        {
            "iteration": 229,
            "loss": 10.269319576764246
        },
        {
            "iteration": 230,
            "loss": 10.269319576764246
        },
        {
            "iteration": 231,
            "loss": 10.26808952659485
        },
        {
            "iteration": 232,
            "loss": 10.26808952659485
        },
        {
            "iteration": 233,
            "loss": 10.259656934402301
        },
        {
            "iteration": 234,
            "loss": 10.259656934402301
        },
        {
            "iteration": 235,
            "loss": 10.259656934402301
        },
        {
            "iteration": 236,
            "loss": 10.259656934402301
        },
        {
            "iteration": 237,
            "loss": 10.259656934402301
        },
        {
            "iteration": 238,
            "loss": 10.259656934402301
        },
        {
            "iteration": 239,
            "loss": 10.255233056210272
        },
        {
            "iteration": 240,
            "loss": 10.255233056210272
        },
        {
            "iteration": 241,
            "loss": 10.255233056210272
        },
        {
            "iteration": 242,
            "loss": 10.255233056210272
        },
        {
            "iteration": 243,
            "loss": 10.255233056210272
        },
        {
            "iteration": 244,
            "loss": 10.255233056210272
        },
        {
            "iteration": 245,
            "loss": 10.255233056210272
        },
        {
            "iteration": 246,
            "loss": 10.255233056210272
        },
        {
            "iteration": 247,
            "loss": 10.250802344293334
        },
        {
            "iteration": 248,
            "loss": 10.250802344293334
        },
        {
            "iteration": 249,
            "loss": 10.250802344293334
        },
        {
            "iteration": 250,
            "loss": 10.250802344293334
        },
        {
            "iteration": 251,
            "loss": 10.250802344293334
        },
        {
            "iteration": 252,
            "loss": 10.248641672988015
        },
        {
            "iteration": 253,
            "loss": 10.248641672988015
        },
        {
            "iteration": 254,
            "loss": 10.248641672988015
        },
        {
            "iteration": 255,
            "loss": 10.248641672988015
        },
        {
            "iteration": 256,
            "loss": 10.248641672988015
        },
        {
            "iteration": 257,
            "loss": 10.248641672988015
        },
        {
            "iteration": 258,
            "loss": 10.248641672988015
        },
        {
            "iteration": 259,
            "loss": 10.248606702363759
        },
        {
            "iteration": 260,
            "loss": 10.248606702363759
        },
        {
            "iteration": 261,
            "loss": 10.248606702363759
        },
        {
            "iteration": 262,
            "loss": 10.24857517262717
        },
        {
            "iteration": 263,
            "loss": 10.24857517262717
        },
        {
            "iteration": 264,
            "loss": 10.24857517262717
        },
        {
            "iteration": 265,
            "loss": 10.24857517262717
        },
        {
            "iteration": 266,
            "loss": 10.248349042150949
        },
        {
            "iteration": 267,
            "loss": 10.248349042150949
        },
        {
            "iteration": 268,
            "loss": 10.248349042150949
        },
        {
            "iteration": 269,
            "loss": 10.248349042150949
        },
        {
            "iteration": 270,
            "loss": 10.24823592085886
        },
        {
            "iteration": 271,
            "loss": 10.248226607967808
        },
        {
            "iteration": 272,
            "loss": 10.248226607967808
        },
        {
            "iteration": 273,
            "loss": 10.248193504696246
        },
        {
            "iteration": 274,
            "loss": 10.248159316790407
        },
        {
            "iteration": 275,
            "loss": 10.247523617821571
        },
        {
            "iteration": 276,
            "loss": 10.247523617821571
        },
        {
            "iteration": 277,
            "loss": 10.247523617821571
        },
        {
            "iteration": 278,
            "loss": 10.247523617821571
        },
        {
            "iteration": 279,
            "loss": 10.247523617821571
        },
        {
            "iteration": 280,
            "loss": 10.247523617821571
        },
        {
            "iteration": 281,
            "loss": 10.247523617821571
        },
        {
            "iteration": 282,
            "loss": 10.247246657891083
        },
        {
            "iteration": 283,
            "loss": 10.247246657891083
        },
        {
            "iteration": 284,
            "loss": 10.247246657891083
        },
        {
            "iteration": 285,
            "loss": 10.247246657891083
        },
        {
            "iteration": 286,
            "loss": 10.247246657891083
        },
        {
            "iteration": 287,
            "loss": 10.247246657891083
        },
        {
            "iteration": 288,
            "loss": 10.247246657891083
        },
        {
            "iteration": 289,
            "loss": 10.247246657891083
        },
        {
            "iteration": 290,
            "loss": 10.247246657891083
        },
        {
            "iteration": 291,
            "loss": 10.247246657891083
        },
        {
            "iteration": 292,
            "loss": 10.247246657891083
        },
        {
            "iteration": 293,
            "loss": 10.247246657891083
        },
        {
            "iteration": 294,
            "loss": 10.247246657891083
        },
        {
            "iteration": 295,
            "loss": 10.247155989556632
        },
        {
            "iteration": 296,
            "loss": 10.247155989556632
        },
        {
            "iteration": 297,
            "loss": 10.247155989556632
        },
        {
            "iteration": 298,
            "loss": 10.247155989556632
        },
        {
            "iteration": 299,
            "loss": 10.247155989556632
        },
        {
            "iteration": 300,
            "loss": 10.247155989556632
        },
        {
            "iteration": 301,
            "loss": 10.247155989556632
        },
        {
            "iteration": 302,
            "loss": 10.247049591867835
        },
        {
            "iteration": 303,
            "loss": 10.247049591867835
        },
        {
            "iteration": 304,
            "loss": 10.247006049081392
        },
        {
            "iteration": 305,
            "loss": 10.247006049081392
        },
        {
            "iteration": 306,
            "loss": 10.24697233254119
        },
        {
            "iteration": 307,
            "loss": 10.246830082389351
        },
        {
            "iteration": 308,
            "loss": 10.246830082389351
        },
        {
            "iteration": 309,
            "loss": 10.246830082389351
        },
        {
            "iteration": 310,
            "loss": 10.246830082389351
        },
        {
            "iteration": 311,
            "loss": 10.24660192886222
        },
        {
            "iteration": 312,
            "loss": 10.246130528204958
        },
        {
            "iteration": 313,
            "loss": 10.246130528204958
        },
        {
            "iteration": 314,
            "loss": 10.246130528204958
        },
        {
            "iteration": 315,
            "loss": 10.246130528204958
        },
        {
            "iteration": 316,
            "loss": 10.246130528204958
        },
        {
            "iteration": 317,
            "loss": 10.246130528204958
        },
        {
            "iteration": 318,
            "loss": 10.246130528204958
        },
        {
            "iteration": 319,
            "loss": 10.246130528204958
        },
        {
            "iteration": 320,
            "loss": 10.246130528204958
        },
        {
            "iteration": 321,
            "loss": 10.246130528204958
        },
        {
            "iteration": 322,
            "loss": 10.246104903962987
        },
        {
            "iteration": 323,
            "loss": 10.246104903962987
        },
        {
            "iteration": 324,
            "loss": 10.246104903962987
        },
        {
            "iteration": 325,
            "loss": 10.246104903962987
        },
        {
            "iteration": 326,
            "loss": 10.246104903962987
        },
        {
            "iteration": 327,
            "loss": 10.246104903962987
        },
        {
            "iteration": 328,
            "loss": 10.246053469229082
        },
        {
            "iteration": 329,
            "loss": 10.246049086374114
        },
        {
            "iteration": 330,
            "loss": 10.246049086374114
        },
        {
            "iteration": 331,
            "loss": 10.246049086374114
        },
        {
            "iteration": 332,
            "loss": 10.246049086374114
        },
        {
            "iteration": 333,
            "loss": 10.246049086374114
        },
        {
            "iteration": 334,
            "loss": 10.246049086374114
        },
        {
            "iteration": 335,
            "loss": 10.246034177049296
        },
        {
            "iteration": 336,
            "loss": 10.246034177049296
        },
        {
            "iteration": 337,
            "loss": 10.246034177049296
        },
        {
            "iteration": 338,
            "loss": 10.246034177049296
        },
        {
            "iteration": 339,
            "loss": 10.246034177049296
        },
        {
            "iteration": 340,
            "loss": 10.246034177049296
        },
        {
            "iteration": 341,
            "loss": 10.246034177049296
        },
        {
            "iteration": 342,
            "loss": 10.246034177049296
        },
        {
            "iteration": 343,
            "loss": 10.246034177049296
        },
        {
            "iteration": 344,
            "loss": 10.246024194515485
        },
        {
            "iteration": 345,
            "loss": 10.246024194515485
        }
    ]
}