{
  "frame": {
    "origin": [1.0, 1.0, 1.0, 0.7],
    "x_axis": [0.863, 0.196, 0.184, 0.7],
    "y_axis": [0.2, 0.7, 0.25, 0.7],
    "z_axis": [0.149, 0.545, 0.824, 0.7]
  },
  "scene": {
    "floor": [0.3, 0.3, 0.4, 0.5],
    "window_background": [0.08, 0.1, 0.2, 1.0],
    "ambient_light": [0.6, 0.6, 0.65, 1.0],
    "directional_light": [1.0, 1.0, 1.0, 1.0]
  },
  "spore": {
    "default": [0.8, 0.3, 0.9, 1],
    "ghost": [0.9, 0.5, 0.3, 0.5],
    "ghost_alt": [1.0, 0.7, 0.9, 0.35],
    "ghost_preview": [1.0, 1.0, 0.4, 0.6],
    "goal": [0.2, 0.8, 0.2, 1.0],
    "dead": [0.4, 0.4, 0.4, 1.0],
    "candidate": [1.0, 1.0, 1.0, 0.15],
    "completed": [0.3, 0.7, 1.0, 1.0],
    "ghost_max": [1.0, 0.2, 0.2, 0.8],
    "ghost_min": [0.2, 0.8, 1.0, 0.8],
    "ghost_zero": [0.2, 1.0, 0.2, 0.8],
    "ghost_optimal": [0.2, 0.2, 1.0, 0.8]
  },
  "link": {
    "default": [1.0, 0.6, 0.3, 0.7],
    "ghost": [0.8, 0.4, 1.0, 0.35],
    "ghost_alt": [0.3, 1.0, 0.8, 0.25],
    "ghost_max": [1.0, 0.4, 0.4, 0.6],
    "ghost_min": [0.4, 0.8, 1.0, 0.6],
    "active": [1.0, 1.0, 0.4, 0.8]
  },
  "spawn_area": {
    "default": [0.2, 0.7, 0.9, 0.8],
    "boundary": [0.2, 0.7, 0.9, 0.8],
    "fill": [0.2, 0.7, 0.9, 0.15],
    "focus_point": [0.2, 0.7, 0.9, 1.0]
  },
  "cost_surface": {
    "wireframe": [1.0, 1.0, 1.0, 1.0],
    "mesh_points": [1.0, 1.0, 0.0, 0.6],
    "point_size": 0.01,
    "triangulation_edges": [0.0, 1.0, 1.0, 0.8],
    "contour_lines": [1.0, 1.0, 1.0, 0.95],
    "alpha": 0.7
  },
  "angel": {
    "default": [1.0, 0.7, 0.1, 1.0],
    "pillar": [0.7, 0.7, 0.7, 0.15],
    "link": [0.8, 0.4, 0.6, 1.0],
    "ghost": [0.4, 0.8, 1, 0.99],
    "ghost_pillar": [0.7, 0.7, 0.7, 0.05],
    "ghost_link": [0.8, 0.6, 0.7, 0.9]
  },
  "ui": {
    "text_primary": [1.0, 1.0, 1.0, 1.0],
    "text_secondary": [1.0, 1.0, 1.0, 0.7],
    "background_transparent": [0.0, 0.0, 0.0, 0.7],
    "background_solid": [0.0, 0.0, 0.0, 1.0]
  },
  "tree": {
    "root": [0.17, 0.24, 0.31, 1.0],
    "tree_child_1": [1.0, 0.42, 0.42, 1.0],
    "tree_child_2": [0.61, 0.35, 0.71, 1.0], 
    "tree_child_3": [0.1, 0.74, 0.61, 1.0],
    "tree_child_4": [0.96, 0.61, 0.07, 1.0],
    "control_max": [1.0, 0.42, 0.42, 1.0],
    "control_min": [0.1, 0.74, 0.61, 1.0],
    "tree_gc_1": [1.0, 0.09, 0.27, 1.0],
    "tree_gc_2": [0.61, 0.15, 0.69, 1.0],
    "tree_gc_3": [0.13, 0.59, 0.95, 1.0],
    "tree_gc_4": [0.3, 0.69, 0.31, 1.0],
    "tree_gc_5": [1.0, 0.6, 0.0, 1.0],
    "tree_gc_6": [0.47, 0.33, 0.28, 1.0],
    "tree_gc_7": [0.91, 0.12, 0.39, 1.0],
    "tree_gc_8": [0.38, 0.49, 0.55, 1.0]
  }
} 