{
    "stage1_result": {
        "success": true,
        "message": "Optimization terminated successfully.",
        "final_loss": 9.657991586355877,
        "iterations": 170,
        "initial_dt_grandchildren": [
            0.009749080237694727,
            0.010901428612819834,
            0.010463987883622811,
            0.010197316968394075,
            0.009312037280884875,
            0.009311989040672408,
            0.009116167224336402,
            0.010732352291549872
        ],
        "final_dt_grandchildren": [
            0.0010304252921082193,
            0.039606182233695386,
            0.12082091100945866,
            0.001,
            0.001050912630167736,
            0.012024205262111294,
            0.14059856525331133,
            0.001
        ],
        "history": [
            {
                "iteration": 0,
                "loss": 15.676604484804269
            },
            {
                "iteration": 1,
                "loss": 15.676604484804269
            },
            {
                "iteration": 2,
                "loss": 15.631346614018007
            },
            {
                "iteration": 3,
                "loss": 15.631346614018007
            },
            {
                "iteration": 4,
                "loss": 15.631346614018007
            },
            {
                "iteration": 5,
                "loss": 15.631346614018007
            },
            {
                "iteration": 6,
                "loss": 15.58346950696205
            },
            {
                "iteration": 7,
                "loss": 15.58346950696205
            },
            {
                "iteration": 8,
                "loss": 15.499300874195825
            },
            {
                "iteration": 9,
                "loss": 15.499300874195825
            },
            {
                "iteration": 10,
                "loss": 15.499300874195825
            },
            {
                "iteration": 11,
                "loss": 15.499300874195825
            },
            {
                "iteration": 12,
                "loss": 15.418556140427649
            },
            {
                "iteration": 13,
                "loss": 15.418556140427649
            },
            {
                "iteration": 14,
                "loss": 15.283771179618872
            },
            {
                "iteration": 15,
                "loss": 15.283771179618872
            },
            {
                "iteration": 16,
                "loss": 15.283771179618872
            },
            {
                "iteration": 17,
                "loss": 15.283771179618872
            },
            {
                "iteration": 18,
                "loss": 15.128449826369547
            },
            {
                "iteration": 19,
                "loss": 15.128449826369547
            },
            {
                "iteration": 20,
                "loss": 14.906478802674158
            },
            {
                "iteration": 21,
                "loss": 14.906478802674158
            },
            {
                "iteration": 22,
                "loss": 14.906478802674158
            },
            {
                "iteration": 23,
                "loss": 14.906478802674158
            },
            {
                "iteration": 24,
                "loss": 14.708952797708754
            },
            {
                "iteration": 25,
                "loss": 14.708952797708754
            },
            {
                "iteration": 26,
                "loss": 14.447474553576662
            },
            {
                "iteration": 27,
                "loss": 14.447474553576662
            },
            {
                "iteration": 28,
                "loss": 14.447474553576662
            },
            {
                "iteration": 29,
                "loss": 14.447474553576662
            },
            {
                "iteration": 30,
                "loss": 14.207431165372153
            },
            {
                "iteration": 31,
                "loss": 14.207431165372153
            },
            {
                "iteration": 32,
                "loss": 13.841193640534865
            },
            {
                "iteration": 33,
                "loss": 13.841193640534865
            },
            {
                "iteration": 34,
                "loss": 13.841193640534865
            },
            {
                "iteration": 35,
                "loss": 13.841193640534865
            },
            {
                "iteration": 36,
                "loss": 13.546954233332084
            },
            {
                "iteration": 37,
                "loss": 13.546954233332084
            },
            {
                "iteration": 38,
                "loss": 13.168301920403731
            },
            {
                "iteration": 39,
                "loss": 13.168301920403731
            },
            {
                "iteration": 40,
                "loss": 13.168301920403731
            },
            {
                "iteration": 41,
                "loss": 12.862307576904389
            },
            {
                "iteration": 42,
                "loss": 12.862307576904389
            },
            {
                "iteration": 43,
                "loss": 12.483872351262802
            },
            {
                "iteration": 44,
                "loss": 12.483872351262802
            },
            {
                "iteration": 45,
                "loss": 12.483872351262802
            },
            {
                "iteration": 46,
                "loss": 12.054293674550774
            },
            {
                "iteration": 47,
                "loss": 12.054293674550774
            },
            {
                "iteration": 48,
                "loss": 12.054293674550774
            },
            {
                "iteration": 49,
                "loss": 11.554280037249574
            },
            {
                "iteration": 50,
                "loss": 11.554280037249574
            },
            {
                "iteration": 51,
                "loss": 11.554280037249574
            },
            {
                "iteration": 52,
                "loss": 11.554280037249574
            },
            {
                "iteration": 53,
                "loss": 11.46959918831115
            },
            {
                "iteration": 54,
                "loss": 11.46959918831115
            },
            {
                "iteration": 55,
                "loss": 11.454973019621402
            },
            {
                "iteration": 56,
                "loss": 11.454973019621402
            },
            {
                "iteration": 57,
                "loss": 11.454973019621402
            },
            {
                "iteration": 58,
                "loss": 11.454973019621402
            },
            {
                "iteration": 59,
                "loss": 11.454973019621402
            },
            {
                "iteration": 60,
                "loss": 11.454973019621402
            },
            {
                "iteration": 61,
                "loss": 11.446103680051671
            },
            {
                "iteration": 62,
                "loss": 11.4207008310329
            },
            {
                "iteration": 63,
                "loss": 11.4207008310329
            },
            {
                "iteration": 64,
                "loss": 11.294712244970542
            },
            {
                "iteration": 65,
                "loss": 11.294712244970542
            },
            {
                "iteration": 66,
                "loss": 11.294712244970542
            },
            {
                "iteration": 67,
                "loss": 11.294712244970542
            },
            {
                "iteration": 68,
                "loss": 11.294712244970542
            },
            {
                "iteration": 69,
                "loss": 11.203503631303182
            },
            {
                "iteration": 70,
                "loss": 11.203503631303182
            },
            {
                "iteration": 71,
                "loss": 11.203503631303182
            },
            {
                "iteration": 72,
                "loss": 11.203503631303182
            },
            {
                "iteration": 73,
                "loss": 11.138120551795724
            },
            {
                "iteration": 74,
                "loss": 11.138120551795724
            },
            {
                "iteration": 75,
                "loss": 11.087353548496626
            },
            {
                "iteration": 76,
                "loss": 10.838668255531019
            },
            {
                "iteration": 77,
                "loss": 10.838668255531019
            },
            {
                "iteration": 78,
                "loss": 10.838668255531019
            },
            {
                "iteration": 79,
                "loss": 10.838668255531019
            },
            {
                "iteration": 80,
                "loss": 10.838668255531019
            },
            {
                "iteration": 81,
                "loss": 10.538431975259257
            },
            {
                "iteration": 82,
                "loss": 10.538431975259257
            },
            {
                "iteration": 83,
                "loss": 10.538431975259257
            },
            {
                "iteration": 84,
                "loss": 10.409721495796418
            },
            {
                "iteration": 85,
                "loss": 10.409721495796418
            },
            {
                "iteration": 86,
                "loss": 10.409721495796418
            },
            {
                "iteration": 87,
                "loss": 10.409721495796418
            },
            {
                "iteration": 88,
                "loss": 10.409721495796418
            },
            {
                "iteration": 89,
                "loss": 10.32776810864698
            },
            {
                "iteration": 90,
                "loss": 10.249398999972444
            },
            {
                "iteration": 91,
                "loss": 10.249398999972444
            },
            {
                "iteration": 92,
                "loss": 10.249398999972444
            },
            {
                "iteration": 93,
                "loss": 10.249398999972444
            },
            {
                "iteration": 94,
                "loss": 10.249398999972444
            },
            {
                "iteration": 95,
                "loss": 10.249398999972444
            },
            {
                "iteration": 96,
                "loss": 10.249398999972444
            },
            {
                "iteration": 97,
                "loss": 10.249398999972444
            },
            {
                "iteration": 98,
                "loss": 10.249398999972444
            },
            {
                "iteration": 99,
                "loss": 10.249398999972444
            },
            {
                "iteration": 100,
                "loss": 10.249398999972444
            },
            {
                "iteration": 101,
                "loss": 10.249398999972444
            },
            {
                "iteration": 102,
                "loss": 10.249398999972444
            },
            {
                "iteration": 103,
                "loss": 10.249398999972444
            },
            {
                "iteration": 104,
                "loss": 10.249398999972444
            },
            {
                "iteration": 105,
                "loss": 10.249398999972444
            },
            {
                "iteration": 106,
                "loss": 10.249398999972444
            },
            {
                "iteration": 107,
                "loss": 10.249398999972444
            },
            {
                "iteration": 108,
                "loss": 10.218156192301578
            },
            {
                "iteration": 109,
                "loss": 10.218156192301578
            },
            {
                "iteration": 110,
                "loss": 10.218156192301578
            },
            {
                "iteration": 111,
                "loss": 10.218156192301578
            },
            {
                "iteration": 112,
                "loss": 10.218156192301578
            },
            {
                "iteration": 113,
                "loss": 10.218156192301578
            },
            {
                "iteration": 114,
                "loss": 10.218156192301578
            },
            {
                "iteration": 115,
                "loss": 10.218156192301578
            },
            {
                "iteration": 116,
                "loss": 10.218156192301578
            },
            {
                "iteration": 117,
                "loss": 10.21602032799715
            },
            {
                "iteration": 118,
                "loss": 10.21602032799715
            },
            {
                "iteration": 119,
                "loss": 10.18304674817459
            },
            {
                "iteration": 120,
                "loss": 10.18304674817459
            },
            {
                "iteration": 121,
                "loss": 10.135180174957608
            },
            {
                "iteration": 122,
                "loss": 10.135180174957608
            },
            {
                "iteration": 123,
                "loss": 10.135180174957608
            },
            {
                "iteration": 124,
                "loss": 10.135180174957608
            },
            {
                "iteration": 125,
                "loss": 10.135180174957608
            },
            {
                "iteration": 126,
                "loss": 10.135180174957608
            },
            {
                "iteration": 127,
                "loss": 10.088457799191737
            },
            {
                "iteration": 128,
                "loss": 10.088457799191737
            },
            {
                "iteration": 129,
                "loss": 10.088457799191737
            },
            {
                "iteration": 130,
                "loss": 10.088457799191737
            },
            {
                "iteration": 131,
                "loss": 10.088457799191737
            },
            {
                "iteration": 132,
                "loss": 9.996537137234334
            },
            {
                "iteration": 133,
                "loss": 9.996537137234334
            },
            {
                "iteration": 134,
                "loss": 9.996537137234334
            },
            {
                "iteration": 135,
                "loss": 9.996537137234334
            },
            {
                "iteration": 136,
                "loss": 9.996537137234334
            },
            {
                "iteration": 137,
                "loss": 9.921400984606379
            },
            {
                "iteration": 138,
                "loss": 9.921400984606379
            },
            {
                "iteration": 139,
                "loss": 9.921400984606379
            },
            {
                "iteration": 140,
                "loss": 9.843046906547556
            },
            {
                "iteration": 141,
                "loss": 9.843046906547556
            },
            {
                "iteration": 142,
                "loss": 9.843046906547556
            },
            {
                "iteration": 143,
                "loss": 9.775720014099278
            },
            {
                "iteration": 144,
                "loss": 9.775720014099278
            },
            {
                "iteration": 145,
                "loss": 9.728915865842165
            },
            {
                "iteration": 146,
                "loss": 9.728915865842165
            },
            {
                "iteration": 147,
                "loss": 9.714594137302038
            },
            {
                "iteration": 148,
                "loss": 9.714594137302038
            },
            {
                "iteration": 149,
                "loss": 9.714594137302038
            },
            {
                "iteration": 150,
                "loss": 9.667393327801388
            },
            {
                "iteration": 151,
                "loss": 9.657991586355877
            },
            {
                "iteration": 152,
                "loss": 9.657991586355877
            },
            {
                "iteration": 153,
                "loss": 9.657991586355877
            },
            {
                "iteration": 154,
                "loss": 9.657991586355877
            },
            {
                "iteration": 155,
                "loss": 9.657991586355877
            },
            {
                "iteration": 156,
                "loss": 9.657991586355877
            },
            {
                "iteration": 157,
                "loss": 9.657991586355877
            },
            {
                "iteration": 158,
                "loss": 9.657991586355877
            },
            {
                "iteration": 159,
                "loss": 9.657991586355877
            },
            {
                "iteration": 160,
                "loss": 9.657991586355877
            },
            {
                "iteration": 161,
                "loss": 9.657991586355877
            },
            {
                "iteration": 162,
                "loss": 9.657991586355877
            },
            {
                "iteration": 163,
                "loss": 9.657991586355877
            },
            {
                "iteration": 164,
                "loss": 9.657991586355877
            },
            {
                "iteration": 165,
                "loss": 9.657991586355877
            },
            {
                "iteration": 166,
                "loss": 9.657991586355877
            },
            {
                "iteration": 167,
                "loss": 9.657991586355877
            },
            {
                "iteration": 168,
                "loss": 9.657991586355877
            },
            {
                "iteration": 169,
                "loss": 9.657991586355877
            }
        ]
    },
    "stage2_result": {
        "success": false,
        "message": "Maximum number of iterations has been exceeded.",
        "final_loss": 2.9256290809578753,
        "iterations": 200,
        "initial_dt_all": [
            0.1,
            0.1,
            0.1,
            0.1,
            0.0010304252921082193,
            0.039606182233695386,
            0.12082091100945866,
            0.001,
            0.001050912630167736,
            0.012024205262111294,
            0.14059856525331133,
            0.001
        ],
        "final_dt_all": [
            0.08247969182036302,
            0.11367537570178353,
            0.0737760690580338,
            0.09293441972476252,
            0.0010985225251910103,
            0.044781544501122254,
            0.11524366109177464,
            0.001127769931714355,
            0.0010025297007461229,
            0.006825224746295558,
            0.19989527086684766,
            0.001152202344091515
        ],
        "history": [
            {
                "iteration": 0,
                "loss": 75.82243759808067
            },
            {
                "iteration": 1,
                "loss": 75.82243759808067
            },
            {
                "iteration": 2,
                "loss": 75.82243759808067
            },
            {
                "iteration": 3,
                "loss": 75.82243759808067
            },
            {
                "iteration": 4,
                "loss": 75.82243759808067
            },
            {
                "iteration": 5,
                "loss": 75.82243759808067
            },
            {
                "iteration": 6,
                "loss": 75.82243759808067
            },
            {
                "iteration": 7,
                "loss": 75.82243759808067
            },
            {
                "iteration": 8,
                "loss": 75.82243759808067
            },
            {
                "iteration": 9,
                "loss": 69.50424485517192
            },
            {
                "iteration": 10,
                "loss": 69.50424485517192
            },
            {
                "iteration": 11,
                "loss": 69.50424485517192
            },
            {
                "iteration": 12,
                "loss": 69.50424485517192
            },
            {
                "iteration": 13,
                "loss": 64.05904299968033
            },
            {
                "iteration": 14,
                "loss": 64.05904299968033
            },
            {
                "iteration": 15,
                "loss": 64.05904299968033
            },
            {
                "iteration": 16,
                "loss": 55.185755220845856
            },
            {
                "iteration": 17,
                "loss": 55.185755220845856
            },
            {
                "iteration": 18,
                "loss": 55.185755220845856
            },
            {
                "iteration": 19,
                "loss": 55.185755220845856
            },
            {
                "iteration": 20,
                "loss": 55.185755220845856
            },
            {
                "iteration": 21,
                "loss": 45.33404577476774
            },
            {
                "iteration": 22,
                "loss": 45.33404577476774
            },
            {
                "iteration": 23,
                "loss": 45.33404577476774
            },
            {
                "iteration": 24,
                "loss": 45.33404577476774
            },
            {
                "iteration": 25,
                "loss": 45.33404577476774
            },
            {
                "iteration": 26,
                "loss": 45.33404577476774
            },
            {
                "iteration": 27,
                "loss": 45.33404577476774
            },
            {
                "iteration": 28,
                "loss": 45.33404577476774
            },
            {
                "iteration": 29,
                "loss": 45.33404577476774
            },
            {
                "iteration": 30,
                "loss": 45.33404577476774
            },
            {
                "iteration": 31,
                "loss": 45.33404577476774
            },
            {
                "iteration": 32,
                "loss": 45.33404577476774
            },
            {
                "iteration": 33,
                "loss": 45.33404577476774
            },
            {
                "iteration": 34,
                "loss": 45.33404577476774
            },
            {
                "iteration": 35,
                "loss": 45.33404577476774
            },
            {
                "iteration": 36,
                "loss": 45.33404577476774
            },
            {
                "iteration": 37,
                "loss": 45.33404577476774
            },
            {
                "iteration": 38,
                "loss": 45.33404577476774
            },
            {
                "iteration": 39,
                "loss": 45.33404577476774
            },
            {
                "iteration": 40,
                "loss": 36.00405067238391
            },
            {
                "iteration": 41,
                "loss": 36.00405067238391
            },
            {
                "iteration": 42,
                "loss": 36.00405067238391
            },
            {
                "iteration": 43,
                "loss": 36.00405067238391
            },
            {
                "iteration": 44,
                "loss": 36.00405067238391
            },
            {
                "iteration": 45,
                "loss": 36.00405067238391
            },
            {
                "iteration": 46,
                "loss": 36.00405067238391
            },
            {
                "iteration": 47,
                "loss": 36.00405067238391
            },
            {
                "iteration": 48,
                "loss": 36.00405067238391
            },
            {
                "iteration": 49,
                "loss": 36.00405067238391
            },
            {
                "iteration": 50,
                "loss": 33.45412537678184
            },
            {
                "iteration": 51,
                "loss": 27.49936804015752
            },
            {
                "iteration": 52,
                "loss": 27.49936804015752
            },
            {
                "iteration": 53,
                "loss": 27.49936804015752
            },
            {
                "iteration": 54,
                "loss": 27.49936804015752
            },
            {
                "iteration": 55,
                "loss": 27.49936804015752
            },
            {
                "iteration": 56,
                "loss": 27.49936804015752
            },
            {
                "iteration": 57,
                "loss": 21.44856875637183
            },
            {
                "iteration": 58,
                "loss": 21.44856875637183
            },
            {
                "iteration": 59,
                "loss": 13.742053491129811
            },
            {
                "iteration": 60,
                "loss": 13.742053491129811
            },
            {
                "iteration": 61,
                "loss": 13.742053491129811
            },
            {
                "iteration": 62,
                "loss": 6.8410605916834575
            },
            {
                "iteration": 63,
                "loss": 6.8410605916834575
            },
            {
                "iteration": 64,
                "loss": 6.8410605916834575
            },
            {
                "iteration": 65,
                "loss": 6.8410605916834575
            },
            {
                "iteration": 66,
                "loss": 6.8410605916834575
            },
            {
                "iteration": 67,
                "loss": 6.8410605916834575
            },
            {
                "iteration": 68,
                "loss": 6.8410605916834575
            },
            {
                "iteration": 69,
                "loss": 6.8410605916834575
            },
            {
                "iteration": 70,
                "loss": 5.794257128537739
            },
            {
                "iteration": 71,
                "loss": 5.794257128537739
            },
            {
                "iteration": 72,
                "loss": 5.794257128537739
            },
            {
                "iteration": 73,
                "loss": 5.794257128537739
            },
            {
                "iteration": 74,
                "loss": 5.794257128537739
            },
            {
                "iteration": 75,
                "loss": 5.794257128537739
            },
            {
                "iteration": 76,
                "loss": 5.794257128537739
            },
            {
                "iteration": 77,
                "loss": 5.794257128537739
            },
            {
                "iteration": 78,
                "loss": 5.794257128537739
            },
            {
                "iteration": 79,
                "loss": 5.794257128537739
            },
            {
                "iteration": 80,
                "loss": 5.794257128537739
            },
            {
                "iteration": 81,
                "loss": 5.794257128537739
            },
            {
                "iteration": 82,
                "loss": 5.794257128537739
            },
            {
                "iteration": 83,
                "loss": 5.794257128537739
            },
            {
                "iteration": 84,
                "loss": 5.794257128537739
            },
            {
                "iteration": 85,
                "loss": 5.794257128537739
            },
            {
                "iteration": 86,
                "loss": 5.794257128537739
            },
            {
                "iteration": 87,
                "loss": 5.794257128537739
            },
            {
                "iteration": 88,
                "loss": 5.794257128537739
            },
            {
                "iteration": 89,
                "loss": 5.794257128537739
            },
            {
                "iteration": 90,
                "loss": 5.794257128537739
            },
            {
                "iteration": 91,
                "loss": 5.794257128537739
            },
            {
                "iteration": 92,
                "loss": 5.794257128537739
            },
            {
                "iteration": 93,
                "loss": 5.794257128537739
            },
            {
                "iteration": 94,
                "loss": 5.794257128537739
            },
            {
                "iteration": 95,
                "loss": 5.794257128537739
            },
            {
                "iteration": 96,
                "loss": 5.794257128537739
            },
            {
                "iteration": 97,
                "loss": 5.794257128537739
            },
            {
                "iteration": 98,
                "loss": 5.794257128537739
            },
            {
                "iteration": 99,
                "loss": 5.794257128537739
            },
            {
                "iteration": 100,
                "loss": 5.794257128537739
            },
            {
                "iteration": 101,
                "loss": 5.794257128537739
            },
            {
                "iteration": 102,
                "loss": 5.794257128537739
            },
            {
                "iteration": 103,
                "loss": 5.794257128537739
            },
            {
                "iteration": 104,
                "loss": 5.794257128537739
            },
            {
                "iteration": 105,
                "loss": 5.794257128537739
            },
            {
                "iteration": 106,
                "loss": 5.794257128537739
            },
            {
                "iteration": 107,
                "loss": 5.794257128537739
            },
            {
                "iteration": 108,
                "loss": 5.712571334744074
            },
            {
                "iteration": 109,
                "loss": 5.712571334744074
            },
            {
                "iteration": 110,
                "loss": 5.712571334744074
            },
            {
                "iteration": 111,
                "loss": 5.712571334744074
            },
            {
                "iteration": 112,
                "loss": 5.712571334744074
            },
            {
                "iteration": 113,
                "loss": 5.463132719447337
            },
            {
                "iteration": 114,
                "loss": 4.996591425514794
            },
            {
                "iteration": 115,
                "loss": 4.996591425514794
            },
            {
                "iteration": 116,
                "loss": 4.996591425514794
            },
            {
                "iteration": 117,
                "loss": 4.996591425514794
            },
            {
                "iteration": 118,
                "loss": 4.996591425514794
            },
            {
                "iteration": 119,
                "loss": 4.996591425514794
            },
            {
                "iteration": 120,
                "loss": 4.996591425514794
            },
            {
                "iteration": 121,
                "loss": 4.996591425514794
            },
            {
                "iteration": 122,
                "loss": 4.996591425514794
            },
            {
                "iteration": 123,
                "loss": 4.960284134567222
            },
            {
                "iteration": 124,
                "loss": 4.960284134567222
            },
            {
                "iteration": 125,
                "loss": 4.960284134567222
            },
            {
                "iteration": 126,
                "loss": 4.960284134567222
            },
            {
                "iteration": 127,
                "loss": 4.960284134567222
            },
            {
                "iteration": 128,
                "loss": 4.960284134567222
            },
            {
                "iteration": 129,
                "loss": 4.960284134567222
            },
            {
                "iteration": 130,
                "loss": 4.960284134567222
            },
            {
                "iteration": 131,
                "loss": 4.960284134567222
            },
            {
                "iteration": 132,
                "loss": 4.960284134567222
            },
            {
                "iteration": 133,
                "loss": 4.016246197311014
            },
            {
                "iteration": 134,
                "loss": 4.016246197311014
            },
            {
                "iteration": 135,
                "loss": 4.016246197311014
            },
            {
                "iteration": 136,
                "loss": 4.016246197311014
            },
            {
                "iteration": 137,
                "loss": 4.016246197311014
            },
            {
                "iteration": 138,
                "loss": 4.016246197311014
            },
            {
                "iteration": 139,
                "loss": 4.016246197311014
            },
            {
                "iteration": 140,
                "loss": 4.016246197311014
            },
            {
                "iteration": 141,
                "loss": 4.016246197311014
            },
            {
                "iteration": 142,
                "loss": 3.781763865161767
            },
            {
                "iteration": 143,
                "loss": 3.781763865161767
            },
            {
                "iteration": 144,
                "loss": 3.781763865161767
            },
            {
                "iteration": 145,
                "loss": 3.781763865161767
            },
            {
                "iteration": 146,
                "loss": 3.781763865161767
            },
            {
                "iteration": 147,
                "loss": 3.781763865161767
            },
            {
                "iteration": 148,
                "loss": 3.781763865161767
            },
            {
                "iteration": 149,
                "loss": 3.781763865161767
            },
            {
                "iteration": 150,
                "loss": 3.781763865161767
            },
            {
                "iteration": 151,
                "loss": 3.781763865161767
            },
            {
                "iteration": 152,
                "loss": 3.781763865161767
            },
            {
                "iteration": 153,
                "loss": 3.781763865161767
            },
            {
                "iteration": 154,
                "loss": 3.6010639897536154
            },
            {
                "iteration": 155,
                "loss": 3.6010639897536154
            },
            {
                "iteration": 156,
                "loss": 3.6010639897536154
            },
            {
                "iteration": 157,
                "loss": 3.6010639897536154
            },
            {
                "iteration": 158,
                "loss": 3.6010639897536154
            },
            {
                "iteration": 159,
                "loss": 3.6010639897536154
            },
            {
                "iteration": 160,
                "loss": 3.6010639897536154
            },
            {
                "iteration": 161,
                "loss": 3.6010639897536154
            },
            {
                "iteration": 162,
                "loss": 3.6010639897536154
            },
            {
                "iteration": 163,
                "loss": 3.6010639897536154
            },
            {
                "iteration": 164,
                "loss": 3.6010639897536154
            },
            {
                "iteration": 165,
                "loss": 3.6010639897536154
            },
            {
                "iteration": 166,
                "loss": 3.5462669954391783
            },
            {
                "iteration": 167,
                "loss": 3.5462669954391783
            },
            {
                "iteration": 168,
                "loss": 3.5462669954391783
            },
            {
                "iteration": 169,
                "loss": 3.5462669954391783
            },
            {
                "iteration": 170,
                "loss": 3.4575346520791372
            },
            {
                "iteration": 171,
                "loss": 3.4575346520791372
            },
            {
                "iteration": 172,
                "loss": 3.4575346520791372
            },
            {
                "iteration": 173,
                "loss": 3.4575346520791372
            },
            {
                "iteration": 174,
                "loss": 3.4575346520791372
            },
            {
                "iteration": 175,
                "loss": 3.4575346520791372
            },
            {
                "iteration": 176,
                "loss": 3.4575346520791372
            },
            {
                "iteration": 177,
                "loss": 3.4575346520791372
            },
            {
                "iteration": 178,
                "loss": 3.340871684906039
            },
            {
                "iteration": 179,
                "loss": 3.340871684906039
            },
            {
                "iteration": 180,
                "loss": 3.340871684906039
            },
            {
                "iteration": 181,
                "loss": 3.340871684906039
            },
            {
                "iteration": 182,
                "loss": 3.340871684906039
            },
            {
                "iteration": 183,
                "loss": 3.340871684906039
            },
            {
                "iteration": 184,
                "loss": 3.340871684906039
            },
            {
                "iteration": 185,
                "loss": 3.340871684906039
            },
            {
                "iteration": 186,
                "loss": 3.172995718563099
            },
            {
                "iteration": 187,
                "loss": 3.172995718563099
            },
            {
                "iteration": 188,
                "loss": 3.172995718563099
            },
            {
                "iteration": 189,
                "loss": 3.0222478089716263
            },
            {
                "iteration": 190,
                "loss": 3.0222478089716263
            },
            {
                "iteration": 191,
                "loss": 2.9256290809578753
            },
            {
                "iteration": 192,
                "loss": 2.9256290809578753
            },
            {
                "iteration": 193,
                "loss": 2.9256290809578753
            },
            {
                "iteration": 194,
                "loss": 2.9256290809578753
            },
            {
                "iteration": 195,
                "loss": 2.9256290809578753
            },
            {
                "iteration": 196,
                "loss": 2.9256290809578753
            },
            {
                "iteration": 197,
                "loss": 2.9256290809578753
            },
            {
                "iteration": 198,
                "loss": 2.9256290809578753
            }
        ],
        "found_pairs": [
            [
                