{
    "success": true,
    "message": "Optimization terminated successfully.",
    "final_loss": 0.9112115104730947,
    "iterations": 436,
    "initial_dt_grandchildren": [
        0.009749080237694727,
        0.010901428612819834,
        0.010463987883622811,
        0.010197316968394075,
        0.009312037280884875,
        0.009311989040672408,
        0.009116167224336402,
        0.010732352291549872
    ],
    "final_dt_grandchildren": [
        0.10215847418242985,
        0.0010015067082232362,
        0.001,
        0.1074182670243606,
        0.10550542955696285,
        0.0012674689635082804,
        0.004920635552050443,
        0.10547477851171502
    ],
    "history": [
        {
            "iteration": 0,
            "loss": 1.5373550294398228
        },
        {
            "iteration": 1,
            "loss": 1.5373550294398228
        },
        {
            "iteration": 2,
            "loss": 1.5373550294398228
        },
        {
            "iteration": 3,
            "loss": 1.5373550294398228
        },
        {
            "iteration": 4,
            "loss": 1.5373550294398228
        },
        {
            "iteration": 5,
            "loss": 1.5343549300800987
        },
        {
            "iteration": 6,
            "loss": 1.5343549300800987
        },
        {
            "iteration": 7,
            "loss": 1.5294440425732319
        },
        {
            "iteration": 8,
            "loss": 1.5294440425732319
        },
        {
            "iteration": 9,
            "loss": 1.5294440425732319
        },
        {
            "iteration": 10,
            "loss": 1.5294440425732319
        },
        {
            "iteration": 11,
            "loss": 1.5238854898493628
        },
        {
            "iteration": 12,
            "loss": 1.5238854898493628
        },
        {
            "iteration": 13,
            "loss": 1.515569025071727
        },
        {
            "iteration": 14,
            "loss": 1.515569025071727
        },
        {
            "iteration": 15,
            "loss": 1.515569025071727
        },
        {
            "iteration": 16,
            "loss": 1.515569025071727
        },
        {
            "iteration": 17,
            "loss": 1.506125398794211
        },
        {
            "iteration": 18,
            "loss": 1.506125398794211
        },
        {
            "iteration": 19,
            "loss": 1.491602347344724
        },
        {
            "iteration": 20,
            "loss": 1.491602347344724
        },
        {
            "iteration": 21,
            "loss": 1.491602347344724
        },
        {
            "iteration": 22,
            "loss": 1.491602347344724
        },
        {
            "iteration": 23,
            "loss": 1.4756389753001713
        },
        {
            "iteration": 24,
            "loss": 1.4756389753001713
        },
        {
            "iteration": 25,
            "loss": 1.4756389753001713
        },
        {
            "iteration": 26,
            "loss": 1.4630575944761404
        },
        {
            "iteration": 27,
            "loss": 1.4630575944761404
        },
        {
            "iteration": 28,
            "loss": 1.4630575944761404
        },
        {
            "iteration": 29,
            "loss": 1.4630575944761404
        },
        {
            "iteration": 30,
            "loss": 1.4451728311005354
        },
        {
            "iteration": 31,
            "loss": 1.4451728311005354
        },
        {
            "iteration": 32,
            "loss": 1.4451728311005354
        },
        {
            "iteration": 33,
            "loss": 1.4262897263552077
        },
        {
            "iteration": 34,
            "loss": 1.4262897263552077
        },
        {
            "iteration": 35,
            "loss": 1.4262897263552077
        },
        {
            "iteration": 36,
            "loss": 1.405697270688961
        },
        {
            "iteration": 37,
            "loss": 1.405697270688961
        },
        {
            "iteration": 38,
            "loss": 1.362450284539591
        },
        {
            "iteration": 39,
            "loss": 1.362450284539591
        },
        {
            "iteration": 40,
            "loss": 1.362450284539591
        },
        {
            "iteration": 41,
            "loss": 1.362450284539591
        },
        {
            "iteration": 42,
            "loss": 1.328241657271974
        },
        {
            "iteration": 43,
            "loss": 1.328241657271974
        },
        {
            "iteration": 44,
            "loss": 1.2814460086333384
        },
        {
            "iteration": 45,
            "loss": 1.2814460086333384
        },
        {
            "iteration": 46,
            "loss": 1.2814460086333384
        },
        {
            "iteration": 47,
            "loss": 1.2385009375757363
        },
        {
            "iteration": 48,
            "loss": 1.2385009375757363
        },
        {
            "iteration": 49,
            "loss": 1.2385009375757363
        },
        {
            "iteration": 50,
            "loss": 1.2043595535699296
        },
        {
            "iteration": 51,
            "loss": 1.2043595535699296
        },
        {
            "iteration": 52,
            "loss": 1.2043595535699296
        },
        {
            "iteration": 53,
            "loss": 1.2016714324672648
        },
        {
            "iteration": 54,
            "loss": 1.2016714324672648
        },
        {
            "iteration": 55,
            "loss": 1.2000632389633665
        },
        {
            "iteration": 56,
            "loss": 1.2000632389633665
        },
        {
            "iteration": 57,
            "loss": 1.2000632389633665
        },
        {
            "iteration": 58,
            "loss": 1.2000632389633665
        },
        {
            "iteration": 59,
            "loss": 1.2000632389633665
        },
        {
            "iteration": 60,
            "loss": 1.2000632389633665
        },
        {
            "iteration": 61,
            "loss": 1.2000632389633665
        },
        {
            "iteration": 62,
            "loss": 1.2000632389633665
        },
        {
            "iteration": 63,
            "loss": 1.2000632389633665
        },
        {
            "iteration": 64,
            "loss": 1.2000632389633665
        },
        {
            "iteration": 65,
            "loss": 1.2000632389633665
        },
        {
            "iteration": 66,
            "loss": 1.19339133934659
        },
        {
            "iteration": 67,
            "loss": 1.19339133934659
        },
        {
            "iteration": 68,
            "loss": 1.19339133934659
        },
        {
            "iteration": 69,
            "loss": 1.19339133934659
        },
        {
            "iteration": 70,
            "loss": 1.19339133934659
        },
        {
            "iteration": 71,
            "loss": 1.19339133934659
        },
        {
            "iteration": 72,
            "loss": 1.19339133934659
        },
        {
            "iteration": 73,
            "loss": 1.19339133934659
        },
        {
            "iteration": 74,
            "loss": 1.19339133934659
        },
        {
            "iteration": 75,
            "loss": 1.19339133934659
        },
        {
            "iteration": 76,
            "loss": 1.19339133934659
        },
        {
            "iteration": 77,
            "loss": 1.19339133934659
        },
        {
            "iteration": 78,
            "loss": 1.1893467584532118
        },
        {
            "iteration": 79,
            "loss": 1.1893467584532118
        },
        {
            "iteration": 80,
            "loss": 1.1893467584532118
        },
        {
            "iteration": 81,
            "loss": 1.1856153791243287
        },
        {
            "iteration": 82,
            "loss": 1.1856153791243287
        },
        {
            "iteration": 83,
            "loss": 1.1856153791243287
        },
        {
            "iteration": 84,
            "loss": 1.1856153791243287
        },
        {
            "iteration": 85,
            "loss": 1.181147822179355
        },
        {
            "iteration": 86,
            "loss": 1.181147822179355
        },
        {
            "iteration": 87,
            "loss": 1.181147822179355
        },
        {
            "iteration": 88,
            "loss": 1.181147822179355
        },
        {
            "iteration": 89,
            "loss": 1.176011503906011
        },
        {
            "iteration": 90,
            "loss": 1.176011503906011
        },
        {
            "iteration": 91,
            "loss": 1.1720460055148578
        },
        {
            "iteration": 92,
            "loss": 1.1596703005993731
        },
        {
            "iteration": 93,
            "loss": 1.1596703005993731
        },
        {
            "iteration": 94,
            "loss": 1.1596703005993731
        },
        {
            "iteration": 95,
            "loss": 1.1596703005993731
        },
        {
            "iteration": 96,
            "loss": 1.1485268237684068
        },
        {
            "iteration": 97,
            "loss": 1.1485268237684068
        },
        {
            "iteration": 98,
            "loss": 1.1485268237684068
        },
        {
            "iteration": 99,
            "loss": 1.1278224468339886
        },
        {
            "iteration": 100,
            "loss": 1.1278224468339886
        },
        {
            "iteration": 101,
            "loss": 1.1278224468339886
        },
        {
            "iteration": 102,
            "loss": 1.1278224468339886
        },
        {
            "iteration": 103,
            "loss": 1.1006695355486045
        },
        {
            "iteration": 104,
            "loss": 1.1006695355486045
        },
        {
            "iteration": 105,
            "loss": 1.1006695355486045
        },
        {
            "iteration": 106,
            "loss": 1.1006695355486045
        },
        {
            "iteration": 107,
            "loss": 1.0755435359312742
        },
        {
            "iteration": 108,
            "loss": 1.0755435359312742
        },
        {
            "iteration": 109,
            "loss": 1.0755435359312742
        },
        {
            "iteration": 110,
            "loss": 1.052330032586724
        },
        {
            "iteration": 111,
            "loss": 1.052330032586724
        },
        {
            "iteration": 112,
            "loss": 1.052330032586724
        },
        {
            "iteration": 113,
            "loss": 1.026086356185715
        },
        {
            "iteration": 114,
            "loss": 1.026086356185715
        },
        {
            "iteration": 115,
            "loss": 1.026086356185715
        },
        {
            "iteration": 116,
            "loss": 1.026086356185715
        },
        {
            "iteration": 117,
            "loss": 1.026086356185715
        },
        {
            "iteration": 118,
            "loss": 1.0241465023998444
        },
        {
            "iteration": 119,
            "loss": 1.0200904681330485
        },
        {
            "iteration": 120,
            "loss": 1.0200904681330485
        },
        {
            "iteration": 121,
            "loss": 1.0200904681330485
        },
        {
            "iteration": 122,
            "loss": 1.0176095906713272
        },
        {
            "iteration": 123,
            "loss": 1.0176095906713272
        },
        {
            "iteration": 124,
            "loss": 1.0176095906713272
        },
        {
            "iteration": 125,
            "loss": 1.0176095906713272
        },
        {
            "iteration": 126,
            "loss": 1.0176095906713272
        },
        {
            "iteration": 127,
            "loss": 1.0176095906713272
        },
        {
            "iteration": 128,
            "loss": 1.017558192089382
        },
        {
            "iteration": 129,
            "loss": 1.017558192089382
        },
        {
            "iteration": 130,
            "loss": 1.017558192089382
        },
        {
            "iteration": 131,
            "loss": 1.017558192089382
        },
        {
            "iteration": 132,
            "loss": 1.017558192089382
        },
        {
            "iteration": 133,
            "loss": 1.017558192089382
        },
        {
            "iteration": 134,
            "loss": 1.017558192089382
        },
        {
            "iteration": 135,
            "loss": 1.017558192089382
        },
        {
            "iteration": 136,
            "loss": 1.017558192089382
        },
        {
            "iteration": 137,
            "loss": 1.0165496942677237
        },
        {
            "iteration": 138,
            "loss": 1.0161296678970757
        },
        {
            "iteration": 139,
            "loss": 1.0161296678970757
        },
        {
            "iteration": 140,
            "loss": 1.0161296678970757
        },
        {
            "iteration": 141,
            "loss": 1.0161296678970757
        },
        {
            "iteration": 142,
            "loss": 1.0160785003706678
        },
        {
            "iteration": 143,
            "loss": 1.0160785003706678
        },
        {
            "iteration": 144,
            "loss": 1.015238769444295
        },
        {
            "iteration": 145,
            "loss": 1.015238769444295
        },
        {
            "iteration": 146,
            "loss": 1.015238769444295
        },
        {
            "iteration": 147,
            "loss": 1.0149361095423046
        },
        {
            "iteration": 148,
            "loss": 1.0149361095423046
        },
        {
            "iteration": 149,
            "loss": 1.0149361095423046
        },
        {
            "iteration": 150,
            "loss": 1.0138786080517548
        },
        {
            "iteration": 151,
            "loss": 1.0138786080517548
        },
        {
            "iteration": 152,
            "loss": 1.0134267982168694
        },
        {
            "iteration": 153,
            "loss": 1.0134267982168694
        },
        {
            "iteration": 154,
            "loss": 1.0134267982168694
        },
        {
            "iteration": 155,
            "loss": 1.0110949443119353
        },
        {
            "iteration": 156,
            "loss": 1.0110949443119353
        },
        {
            "iteration": 157,
            "loss": 1.0110949443119353
        },
        {
            "iteration": 158,
            "loss": 1.0110949443119353
        },
        {
            "iteration": 159,
            "loss": 1.0090304581510736
        },
        {
            "iteration": 160,
            "loss": 1.0090304581510736
        },
        {
            "iteration": 161,
            "loss": 1.0090304581510736
        },
        {
            "iteration": 162,
            "loss": 1.0090304581510736
        },
        {
            "iteration": 163,
            "loss": 1.0088382173198625
        },
        {
            "iteration": 164,
            "loss": 1.0031924201648508
        },
        {
            "iteration": 165,
            "loss": 1.0031924201648508
        },
        {
            "iteration": 166,
            "loss": 1.0031924201648508
        },
        {
            "iteration": 167,
            "loss": 1.0031924201648508
        },
        {
            "iteration": 168,
            "loss": 1.0031924201648508
        },
        {
            "iteration": 169,
            "loss": 0.9967750517148488
        },
        {
            "iteration": 170,
            "loss": 0.9967750517148488
        },
        {
            "iteration": 171,
            "loss": 0.9967750517148488
        },
        {
            "iteration": 172,
            "loss": 0.9910384466934374
        },
        {
            "iteration": 173,
            "loss": 0.9910384466934374
        },
        {
            "iteration": 174,
            "loss": 0.9910384466934374
        },
        {
            "iteration": 175,
            "loss": 0.9910384466934374
        },
        {
            "iteration": 176,
            "loss": 0.9910384466934374
        },
        {
            "iteration": 177,
            "loss": 0.9823216845479692
        },
        {
            "iteration": 178,
            "loss": 0.9823216845479692
        },
        {
            "iteration": 179,
            "loss": 0.9823216845479692
        },
        {
            "iteration": 180,
            "loss": 0.9823216845479692
        },
        {
            "iteration": 181,
            "loss": 0.9765851363454203
        },
        {
            "iteration": 182,
            "loss": 0.9765851363454203
        },
        {
            "iteration": 183,
            "loss": 0.9765851363454203
        },
        {
            "iteration": 184,
            "loss": 0.973884692476986
        },
        {
            "iteration": 185,
            "loss": 0.9719848292693314
        },
        {
            "iteration": 186,
            "loss": 0.9706350028166071
        },
        {
            "iteration": 187,
            "loss": 0.9700139451638279
        },
        {
            "iteration": 188,
            "loss": 0.9687560129891608
        },
        {
            "iteration": 189,
            "loss": 0.9657445765858483
        },
        {
            "iteration": 190,
            "loss": 0.9655887921792328
        },
        {
            "iteration": 191,
            "loss": 0.9655887921792328
        },
        {
            "iteration": 192,
            "loss": 0.9655887921792328
        },
        {
            "iteration": 193,
            "loss": 0.9651301430315016
        },
        {
            "iteration": 194,
            "loss": 0.9651301430315016
        },
        {
            "iteration": 195,
            "loss": 0.9630421933720754
        },
        {
            "iteration": 196,
            "loss": 0.9630421933720754
        },
        {
            "iteration": 197,
            "loss": 0.962236368725371
        },
        {
            "iteration": 198,
            "loss": 0.962236368725371
        },
        {
            "iteration": 199,
            "loss": 0.9620226885147076
        },
        {
            "iteration": 200,
            "loss": 0.9620226885147076
        },
        {
            "iteration": 201,
            "loss": 0.961948774292523
        },
        {
            "iteration": 202,
            "loss": 0.961948774292523
        },
        {
            "iteration": 203,
            "loss": 0.961948774292523
        },
        {
            "iteration": 204,
            "loss": 0.961948774292523
        },
        {
            "iteration": 205,
            "loss": 0.961948774292523
        },
        {
            "iteration": 206,
            "loss": 0.961948774292523
        },
        {
            "iteration": 207,
            "loss": 0.961948774292523
        },
        {
            "iteration": 208,
            "loss": 0.961948774292523
        },
        {
            "iteration": 209,
            "loss": 0.961948774292523
        },
        {
            "iteration": 210,
            "loss": 0.961948774292523
        },
        {
            "iteration": 211,
            "loss": 0.9613673119256418
        },
        {
            "iteration": 212,
            "loss": 0.9613673119256418
        },
        {
            "iteration": 213,
            "loss": 0.9613673119256418
        },
        {
            "iteration": 214,
            "loss": 0.9613673119256418
        },
        {
            "iteration": 215,
            "loss": 0.9613673119256418
        },
        {
            "iteration": 216,
            "loss": 0.9613673119256418
        },
        {
            "iteration": 217,
            "loss": 0.9613673119256418
        },
        {
            "iteration": 218,
            "loss": 0.9613179494610904
        },
        {
            "iteration": 219,
            "loss": 0.9609737285898063
        },
        {
            "iteration": 220,
            "loss": 0.9609737285898063
        },
        {
            "iteration": 221,
            "loss": 0.9609737285898063
        },
        {
            "iteration": 222,
            "loss": 0.9609737285898063
        },
        {
            "iteration": 223,
            "loss": 0.9609017706106897
        },
        {
            "iteration": 224,
            "loss": 0.9609017706106897
        },
        {
            "iteration": 225,
            "loss": 0.9608929983894541
        },
        {
            "iteration": 226,
            "loss": 0.9608929983894541
        },
        {
            "iteration": 227,
            "loss": 0.9601008983618158
        },
        {
            "iteration": 228,
            "loss": 0.9601008983618158
        },
        {
            "iteration": 229,
            "loss": 0.9601008983618158
        },
        {
            "iteration": 230,
            "loss": 0.9601008983618158
        },
        {
            "iteration": 231,
            "loss": 0.9601008983618158
        },
        {
            "iteration": 232,
            "loss": 0.9601008983618158
        },
        {
            "iteration": 233,
            "loss": 0.9588489239770297
        },
        {
            "iteration": 234,
            "loss": 0.9588489239770297
        },
        {
            "iteration": 235,
            "loss": 0.9588489239770297
        },
        {
            "iteration": 236,
            "loss": 0.9588489239770297
        },
        {
            "iteration": 237,
            "loss": 0.9588489239770297
        },
        {
            "iteration": 238,
            "loss": 0.9588489239770297
        },
        {
            "iteration": 239,
            "loss": 0.9588489239770297
        },
        {
            "iteration": 240,
            "loss": 0.9588489239770297
        },
        {
            "iteration": 241,
            "loss": 0.9585359439934109
        },
        {
            "iteration": 242,
            "loss": 0.9585359439934109
        },
        {
            "iteration": 243,
            "loss": 0.9585359439934109
        },
        {
            "iteration": 244,
            "loss": 0.9577060973917924
        },
        {
            "iteration": 245,
            "loss": 0.9559167201598484
        },
        {
            "iteration": 246,
            "loss": 0.9559167201598484
        },
        {
            "iteration": 247,
            "loss": 0.9559167201598484
        },
        {
            "iteration": 248,
            "loss": 0.9559167201598484
        },
        {
            "iteration": 249,
            "loss": 0.9550295545250265
        },
        {
            "iteration": 250,
            "loss": 0.9550295545250265
        },
        {
            "iteration": 251,
            "loss": 0.9550028814121561
        },
        {
            "iteration": 252,
            "loss": 0.9510165036460876
        },
        {
            "iteration": 253,
            "loss": 0.9510165036460876
        },
        {
            "iteration": 254,
            "loss": 0.9510165036460876
        },
        {
            "iteration": 255,
            "loss": 0.9510165036460876
        },
        {
            "iteration": 256,
            "loss": 0.9510165036460876
        },
        {
            "iteration": 257,
            "loss": 0.9510165036460876
        },
        {
            "iteration": 258,
            "loss": 0.9456315327799985
        },
        {
            "iteration": 259,
            "loss": 0.9456315327799985
        },
        {
            "iteration": 260,
            "loss": 0.9456315327799985
        },
        {
            "iteration": 261,
            "loss": 0.9456315327799985
        },
        {
            "iteration": 262,
            "loss": 0.9432433796987425
        },
        {
            "iteration": 263,
            "loss": 0.9432433796987425
        },
        {
            "iteration": 264,
            "loss": 0.9432433796987425
        },
        {
            "iteration": 265,
            "loss": 0.9401211912079361
        },
        {
            "iteration": 266,
            "loss": 0.9383894605414298
        },
        {
            "iteration": 267,
            "loss": 0.9374877367040426
        },
        {
            "iteration": 268,
            "loss": 0.9349261423108146
        },
        {
            "iteration": 269,
            "loss": 0.9328329097966161
        },
        {
            "iteration": 270,
            "loss": 0.9328329097966161
        },
        {
            "iteration": 271,
            "loss": 0.9325384577869045
        },
        {
            "iteration": 272,
            "loss": 0.9325384577869045
        },
        {
            "iteration": 273,
            "loss": 0.9325384577869045
        },
        {
            "iteration": 274,
            "loss": 0.9325384577869045
        },
        {
            "iteration": 275,
            "loss": 0.9249253520690672
        },
        {
            "iteration": 276,
            "loss": 0.9249253520690672
        },
        {
            "iteration": 277,
            "loss": 0.9249253520690672
        },
        {
            "iteration": 278,
            "loss": 0.9249253520690672
        },
        {
            "iteration": 279,
            "loss": 0.9249253520690672
        },
        {
            "iteration": 280,
            "loss": 0.9249253520690672
        },
        {
            "iteration": 281,
            "loss": 0.9249253520690672
        },
        {
            "iteration": 282,
            "loss": 0.9249253520690672
        },
        {
            "iteration": 283,
            "loss": 0.9249253520690672
        },
        {
            "iteration": 284,
            "loss": 0.9249253520690672
        },
        {
            "iteration": 285,
            "loss": 0.9249253520690672
        },
        {
            "iteration": 286,
            "loss": 0.9249253520690672
        },
        {
            "iteration": 287,
            "loss": 0.9249253520690672
        },
        {
            "iteration": 288,
            "loss": 0.9249253520690672
        },
        {
            "iteration": 289,
            "loss": 0.9249253520690672
        },
        {
            "iteration": 290,
            "loss": 0.9249253520690672
        },
        {
            "iteration": 291,
            "loss": 0.9249253520690672
        },
        {
            "iteration": 292,
            "loss": 0.9193409378065098
        },
        {
            "iteration": 293,
            "loss": 0.9193409378065098
        },
        {
            "iteration": 294,
            "loss": 0.9193409378065098
        },
        {
            "iteration": 295,
            "loss": 0.9173304631542578
        },
        {
            "iteration": 296,
            "loss": 0.9173304631542578
        },
        {
            "iteration": 297,
            "loss": 0.9173304631542578
        },
        {
            "iteration": 298,
            "loss": 0.9173304631542578
        },
        {
            "iteration": 299,
            "loss": 0.9173304631542578
        },
        {
            "iteration": 300,
            "loss": 0.9173304631542578
        },
        {
            "iteration": 301,
            "loss": 0.9173304631542578
        },
        {
            "iteration": 302,
            "loss": 0.9173304631542578
        },
        {
            "iteration": 303,
            "loss": 0.9173304631542578
        },
        {
            "iteration": 304,
            "loss": 0.9173304631542578
        },
        {
            "iteration": 305,
            "loss": 0.9166858919136303
        },
        {
            "iteration": 306,
            "loss": 0.9166858919136303
        },
        {
            "iteration": 307,
            "loss": 0.9166858919136303
        },
        {
            "iteration": 308,
            "loss": 0.9166858919136303
        },
        {
            "iteration": 309,
            "loss": 0.9158269673621362
        },
        {
            "iteration": 310,
            "loss": 0.9158269673621362
        },
        {
            "iteration": 311,
            "loss": 0.9158269673621362
        },
        {
            "iteration": 312,
            "loss": 0.9158269673621362
        },
        {
            "iteration": 313,
            "loss": 0.9153458363975915
        },
        {
            "iteration": 314,
            "loss": 0.9147678478377657
        },
        {
            "iteration": 315,
            "loss": 0.9147678478377657
        },
        {
            "iteration": 316,
            "loss": 0.9147678478377657
        },
        {
            "iteration": 317,
            "loss": 0.9145577759152275
        },
        {
            "iteration": 318,
            "loss": 0.9145125265476963
        },
        {
            "iteration": 319,
            "loss": 0.9145125265476963
        },
        {
            "iteration": 320,
            "loss": 0.9145125265476963
        },
        {
            "iteration": 321,
            "loss": 0.9145125265476963
        },
        {
            "iteration": 322,
            "loss": 0.9145125265476963
        },
        {
            "iteration": 323,
            "loss": 0.9145125265476963
        },
        {
            "iteration": 324,
            "loss": 0.9144777103867909
        },
        {
            "iteration": 325,
            "loss": 0.9144777103867909
        },
        {
            "iteration": 326,
            "loss": 0.9144777103867909
        },
        {
            "iteration": 327,
            "loss": 0.9141157225440111
        },
        {
            "iteration": 328,
            "loss": 0.9137888171239865
        },
        {
            "iteration": 329,
            "loss": 0.9137888171239865
        },
        {
            "iteration": 330,
            "loss": 0.9137888171239865
        },
        {
            "iteration": 331,
            "loss": 0.9137888171239865
        },
        {
            "iteration": 332,
            "loss": 0.9137888171239865
        },
        {
            "iteration": 333,
            "loss": 0.9137888171239865
        },
        {
            "iteration": 334,
            "loss": 0.9135971187665746
        },
        {
            "iteration": 335,
            "loss": 0.9135971187665746
        },
        {
            "iteration": 336,
            "loss": 0.9135971187665746
        },
        {
            "iteration": 337,
            "loss": 0.9135971187665746
        },
        {
            "iteration": 338,
            "loss": 0.9135971187665746
        },
        {
            "iteration": 339,
            "loss": 0.9135971187665746
        },
        {
            "iteration": 340,
            "loss": 0.9135971187665746
        },
        {
            "iteration": 341,
            "loss": 0.9135971187665746
        },
        {
            "iteration": 342,
            "loss": 0.9135971187665746
        },
        {
            "iteration": 343,
            "loss": 0.9135884536913181
        },
        {
            "iteration": 344,
            "loss": 0.9135884536913181
        },
        {
            "iteration": 345,
            "loss": 0.9134343958603495
        },
        {
            "iteration": 346,
            "loss": 0.9134343958603495
        },
        {
            "iteration": 347,
            "loss": 0.9133977623293958
        },
        {
            "iteration": 348,
            "loss": 0.9133977623293958
        },
        {
            "iteration": 349,
            "loss": 0.9133977623293958
        },
        {
            "iteration": 350,
            "loss": 0.9133814003935186
        },
        {
            "iteration": 351,
            "loss": 0.9133814003935186
        },
        {
            "iteration": 352,
            "loss": 0.9133812797135761
        },
        {
            "iteration": 353,
            "loss": 0.9133812797135761
        },
        {
            "iteration": 354,
            "loss": 0.9132107560712939
        },
        {
            "iteration": 355,
            "loss": 0.9132107560712939
        },
        {
            "iteration": 356,
            "loss": 0.9132107560712939
        },
        {
            "iteration": 357,
            "loss": 0.9131205313969986
        },
        {
            "iteration": 358,
            "loss": 0.9131205313969986
        },
        {
            "iteration": 359,
            "loss": 0.9131205313969986
        },
        {
            "iteration": 360,
            "loss": 0.9131205313969986
        },
        {
            "iteration": 361,
            "loss": 0.9131205313969986
        },
        {
            "iteration": 362,
            "loss": 0.9130190189425775
        },
        {
            "iteration": 363,
            "loss": 0.9130190189425775
        },
        {
            "iteration": 364,
            "loss": 0.9130190189425775
        },
        {
            "iteration": 365,
            "loss": 0.9128193285471298
        },
        {
            "iteration": 366,
            "loss": 0.9128193285471298
        },
        {
            "iteration": 367,
            "loss": 0.9128193285471298
        },
        {
            "iteration": 368,
            "loss": 0.9128193285471298
        },
        {
            "iteration": 369,
            "loss": 0.9125586729760471
        },
        {
            "iteration": 370,
            "loss": 0.9125586729760471
        },
        {
            "iteration": 371,
            "loss": 0.9125586729760471
        },
        {
            "iteration": 372,
            "loss": 0.9125586729760471
        },
        {
            "iteration": 373,
            "loss": 0.9124772714112623
        },
        {
            "iteration": 374,
            "loss": 0.9124772714112623
        },
        {
            "iteration": 375,
            "loss": 0.9124772714112623
        },
        {
            "iteration": 376,
            "loss": 0.9124772714112623
        },
        {
            "iteration": 377,
            "loss": 0.9124772714112623
        },
        {
            "iteration": 378,
            "loss": 0.9124772714112623
        },
        {
            "iteration": 379,
            "loss": 0.9124772714112623
        },
        {
            "iteration": 380,
            "loss": 0.9123811183221733
        },
        {
            "iteration": 381,
            "loss": 0.9123811183221733
        },
        {
            "iteration": 382,
            "loss": 0.9123811183221733
        },
        {
            "iteration": 383,
            "loss": 0.9123811183221733
        },
        {
            "iteration": 384,
            "loss": 0.9123811183221733
        },
        {
            "iteration": 385,
            "loss": 0.9123811183221733
        },
        {
            "iteration": 386,
            "loss": 0.9121881326302628
        },
        {
            "iteration": 387,
            "loss": 0.9121881326302628
        },
        {
            "iteration": 388,
            "loss": 0.9121881326302628
        },
        {
            "iteration": 389,
            "loss": 0.9121881326302628
        },
        {
            "iteration": 390,
            "loss": 0.9121881326302628
        },
        {
            "iteration": 391,
            "loss": 0.9121881326302628
        },
        {
            "iteration": 392,
            "loss": 0.9120452115498665
        },
        {
            "iteration": 393,
            "loss": 0.9120452115498665
        },
        {
            "iteration": 394,
            "loss": 0.9120452115498665
        },
        {
            "iteration": 395,
            "loss": 0.9118487131620441
        },
        {
            "iteration": 396,
            "loss": 0.9118487131620441
        },
        {
            "iteration": 397,
            "loss": 0.9118487131620441
        },
        {
            "iteration": 398,
            "loss": 0.9117126179930892
        },
        {
            "iteration": 399,
            "loss": 0.9117126179930892
        },
        {
            "iteration": 400,
            "loss": 0.9113596096676702
        },
        {
            "iteration": 401,
            "loss": 0.9113596096676702
        },
        {
            "iteration": 402,
            "loss": 0.9113596096676702
        },
        {
            "iteration": 403,
            "loss": 0.9113160729039009
        },
        {
            "iteration": 404,
            "loss": 0.9113160729039009
        },
        {
            "iteration": 405,
            "loss": 0.9113160729039009
        },
        {
            "iteration": 406,
            "loss": 0.9113160729039009
        },
        {
            "iteration": 407,
            "loss": 0.9113160729039009
        },
        {
            "iteration": 408,
            "loss": 0.9113160729039009
        },
        {
            "iteration": 409,
            "loss": 0.9113160729039009
        },
        {
            "iteration": 410,
            "loss": 0.9112569795888703
        },
        {
            "iteration": 411,
            "loss": 0.9112569795888703
        },
        {
            "iteration": 412,
            "loss": 0.9112569795888703
        },
        {
            "iteration": 413,
            "loss": 0.9112490665413588
        },
        {
            "iteration": 414,
            "loss": 0.9112490665413588
        },
        {
            "iteration": 415,
            "loss": 0.9112475484980678
        },
        {
            "iteration": 416,
            "loss": 0.9112475484980678
        },
        {
            "iteration": 417,
            "loss": 0.9112475484980678
        },
        {
            "iteration": 418,
            "loss": 0.9112475484980678
        },
        {
            "iteration": 419,
            "loss": 0.9112475484980678
        },
        {
            "iteration": 420,
            "loss": 0.9112399637147064
        },
        {
            "iteration": 421,
            "loss": 0.9112317173478459
        },
        {
            "iteration": 422,
            "loss": 0.9112270754981182
        },
        {
            "iteration": 423,
            "loss": 0.9112270754981182
        },
        {
            "iteration": 424,
            "loss": 0.9112229094307622
        },
        {
            "iteration": 425,
            "loss": 0.9112200374227086
        },
        {
            "iteration": 426,
            "loss": 0.9112200374227086
        },
        {
            "iteration": 427,
            "loss": 0.9112200374227086
        },
        {
            "iteration": 428,
            "loss": 0.9112200374227086
        },
        {
            "iteration": 429,
            "loss": 0.911216060722154
        },
        {
            "iteration": 430,
            "loss": 0.911216060722154
        },
        {
            "iteration": 431,
            "loss": 0.9112158583936889
        },
        {
            "iteration": 432,
            "loss": 0.9112158583936889
        },
        {
            "iteration": 433,
            "loss": 0.9112148176022856
        },
        {
            "iteration": 434,
            "loss": 0.9112115104730947
        },
        {
            "iteration": 435,
            "loss": 0.9112115104730947
        }
    ]
}