{
    "success": false,
    "message": "Maximum number of iterations has been exceeded.",
    "final_loss": 15.128449826369547,
    "iterations": 20,
    "initial_dt_grandchildren": [
        0.009749080237694727,
        0.010901428612819834,
        0.010463987883622811,
        0.010197316968394075,
        0.009312037280884875,
        0.009311989040672408,
        0.009116167224336402,
        0.010732352291549872
    ],
    "final_dt_grandchildren": [
        0.007544674936320567,
        0.012603758418215781,
        0.013290128669606771,
        0.008999296374694824,
        0.009398789648037826,
        0.009918063593586195,
        0.01071615792103419,
        0.0051455128594010136
    ],
    "history": [
        {
            "iteration": 0,
            "loss": 15.676604484804269
        },
        {
            "iteration": 1,
            "loss": 15.676604484804269
        },
        {
            "iteration": 2,
            "loss": 15.631346614018007
        },
        {
            "iteration": 3,
            "loss": 15.631346614018007
        },
        {
            "iteration": 4,
            "loss": 15.631346614018007
        },
        {
            "iteration": 5,
            "loss": 15.631346614018007
        },
        {
            "iteration": 6,
            "loss": 15.58346950696205
        },
        {
            "iteration": 7,
            "loss": 15.58346950696205
        },
        {
            "iteration": 8,
            "loss": 15.499300874195825
        },
        {
            "iteration": 9,
            "loss": 15.499300874195825
        },
        {
            "iteration": 10,
            "loss": 15.499300874195825
        },
        {
            "iteration": 11,
            "loss": 15.499300874195825
        },
        {
            "iteration": 12,
            "loss": 15.418556140427649
        },
        {
            "iteration": 13,
            "loss": 15.418556140427649
        },
        {
            "iteration": 14,
            "loss": 15.283771179618872
        },
        {
            "iteration": 15,
            "loss": 15.283771179618872
        },
        {
            "iteration": 16,
            "loss": 15.283771179618872
        },
        {
            "iteration": 17,
            "loss": 15.283771179618872
        },
        {
            "iteration": 18,
            "loss": 15.128449826369547
        }
    ]
}