{
    "success": true,
    "message": "Optimization terminated successfully.",
    "final_loss": 0.016800602665171027,
    "iterations": 423,
    "initial_dt_grandchildren": [
        0.009749080237694727,
        0.010901428612819834,
        0.010463987883622811,
        0.010197316968394075,
        0.009312037280884875,
        0.009311989040672408,
        0.009116167224336402,
        0.010732352291549872
    ],
    "final_dt_grandchildren": [
        0.0016289414956504123,
        0.003496403886981474,
        0.0010169164718636888,
        0.0037757624028833953,
        0.0012808940202310064,
        0.0018470424149215634,
        0.0010641500992234448,
        0.0031273110608586643
    ],
    "history": [
        {
            "iteration": 0,
            "loss": 0.2829788760282099
        },
        {
            "iteration": 1,
            "loss": 0.2829788760282099
        },
        {
            "iteration": 2,
            "loss": 0.2829788760282099
        },
        {
            "iteration": 3,
            "loss": 0.28069193894043565
        },
        {
            "iteration": 4,
            "loss": 0.28069193894043565
        },
        {
            "iteration": 5,
            "loss": 0.27779990271665156
        },
        {
            "iteration": 6,
            "loss": 0.27779990271665156
        },
        {
            "iteration": 7,
            "loss": 0.27779990271665156
        },
        {
            "iteration": 8,
            "loss": 0.27779990271665156
        },
        {
            "iteration": 9,
            "loss": 0.2740711746737361
        },
        {
            "iteration": 10,
            "loss": 0.2740711746737361
        },
        {
            "iteration": 11,
            "loss": 0.2689542332664132
        },
        {
            "iteration": 12,
            "loss": 0.2689542332664132
        },
        {
            "iteration": 13,
            "loss": 0.2689542332664132
        },
        {
            "iteration": 14,
            "loss": 0.2689542332664132
        },
        {
            "iteration": 15,
            "loss": 0.26371785008814186
        },
        {
            "iteration": 16,
            "loss": 0.26371785008814186
        },
        {
            "iteration": 17,
            "loss": 0.255046674516052
        },
        {
            "iteration": 18,
            "loss": 0.255046674516052
        },
        {
            "iteration": 19,
            "loss": 0.255046674516052
        },
        {
            "iteration": 20,
            "loss": 0.255046674516052
        },
        {
            "iteration": 21,
            "loss": 0.2493592754472047
        },
        {
            "iteration": 22,
            "loss": 0.2493592754472047
        },
        {
            "iteration": 23,
            "loss": 0.23997533693909645
        },
        {
            "iteration": 24,
            "loss": 0.23997533693909645
        },
        {
            "iteration": 25,
            "loss": 0.23013840650673956
        },
        {
            "iteration": 26,
            "loss": 0.23013840650673956
        },
        {
            "iteration": 27,
            "loss": 0.23013840650673956
        },
        {
            "iteration": 28,
            "loss": 0.23013840650673956
        },
        {
            "iteration": 29,
            "loss": 0.23013840650673956
        },
        {
            "iteration": 30,
            "loss": 0.23013840650673956
        },
        {
            "iteration": 31,
            "loss": 0.2234029396204278
        },
        {
            "iteration": 32,
            "loss": 0.2234029396204278
        },
        {
            "iteration": 33,
            "loss": 0.2234029396204278
        },
        {
            "iteration": 34,
            "loss": 0.2234029396204278
        },
        {
            "iteration": 35,
            "loss": 0.2234029396204278
        },
        {
            "iteration": 36,
            "loss": 0.2234029396204278
        },
        {
            "iteration": 37,
            "loss": 0.2234029396204278
        },
        {
            "iteration": 38,
            "loss": 0.2234029396204278
        },
        {
            "iteration": 39,
            "loss": 0.2234029396204278
        },
        {
            "iteration": 40,
            "loss": 0.2197983773658052
        },
        {
            "iteration": 41,
            "loss": 0.2197983773658052
        },
        {
            "iteration": 42,
            "loss": 0.2197983773658052
        },
        {
            "iteration": 43,
            "loss": 0.2197983773658052
        },
        {
            "iteration": 44,
            "loss": 0.2197983773658052
        },
        {
            "iteration": 45,
            "loss": 0.2197983773658052
        },
        {
            "iteration": 46,
            "loss": 0.21273817925248295
        },
        {
            "iteration": 47,
            "loss": 0.21273817925248295
        },
        {
            "iteration": 48,
            "loss": 0.21273817925248295
        },
        {
            "iteration": 49,
            "loss": 0.21273817925248295
        },
        {
            "iteration": 50,
            "loss": 0.21273817925248295
        },
        {
            "iteration": 51,
            "loss": 0.21273817925248295
        },
        {
            "iteration": 52,
            "loss": 0.20807767508085817
        },
        {
            "iteration": 53,
            "loss": 0.19965856370981783
        },
        {
            "iteration": 54,
            "loss": 0.19965856370981783
        },
        {
            "iteration": 55,
            "loss": 0.19965856370981783
        },
        {
            "iteration": 56,
            "loss": 0.19965856370981783
        },
        {
            "iteration": 57,
            "loss": 0.19965856370981783
        },
        {
            "iteration": 58,
            "loss": 0.19189601112157106
        },
        {
            "iteration": 59,
            "loss": 0.19189601112157106
        },
        {
            "iteration": 60,
            "loss": 0.19189601112157106
        },
        {
            "iteration": 61,
            "loss": 0.18252954143099487
        },
        {
            "iteration": 62,
            "loss": 0.18252954143099487
        },
        {
            "iteration": 63,
            "loss": 0.18252954143099487
        },
        {
            "iteration": 64,
            "loss": 0.18252954143099487
        },
        {
            "iteration": 65,
            "loss": 0.17930983670521528
        },
        {
            "iteration": 66,
            "loss": 0.17930983670521528
        },
        {
            "iteration": 67,
            "loss": 0.16365253773983568
        },
        {
            "iteration": 68,
            "loss": 0.16365253773983568
        },
        {
            "iteration": 69,
            "loss": 0.1573884782847017
        },
        {
            "iteration": 70,
            "loss": 0.1573884782847017
        },
        {
            "iteration": 71,
            "loss": 0.1573884782847017
        },
        {
            "iteration": 72,
            "loss": 0.1573884782847017
        },
        {
            "iteration": 73,
            "loss": 0.1573884782847017
        },
        {
            "iteration": 74,
            "loss": 0.15632089576683939
        },
        {
            "iteration": 75,
            "loss": 0.14574323350097984
        },
        {
            "iteration": 76,
            "loss": 0.14574323350097984
        },
        {
            "iteration": 77,
            "loss": 0.14574323350097984
        },
        {
            "iteration": 78,
            "loss": 0.13566553755663335
        },
        {
            "iteration": 79,
            "loss": 0.13566553755663335
        },
        {
            "iteration": 80,
            "loss": 0.13566553755663335
        },
        {
            "iteration": 81,
            "loss": 0.13566553755663335
        },
        {
            "iteration": 82,
            "loss": 0.12516773026436567
        },
        {
            "iteration": 83,
            "loss": 0.12516773026436567
        },
        {
            "iteration": 84,
            "loss": 0.12516773026436567
        },
        {
            "iteration": 85,
            "loss": 0.12516773026436567
        },
        {
            "iteration": 86,
            "loss": 0.12516773026436567
        },
        {
            "iteration": 87,
            "loss": 0.12516773026436567
        },
        {
            "iteration": 88,
            "loss": 0.12516773026436567
        },
        {
            "iteration": 89,
            "loss": 0.12516773026436567
        },
        {
            "iteration": 90,
            "loss": 0.12516773026436567
        },
        {
            "iteration": 91,
            "loss": 0.12516773026436567
        },
        {
            "iteration": 92,
            "loss": 0.12516773026436567
        },
        {
            "iteration": 93,
            "loss": 0.11942840635310858
        },
        {
            "iteration": 94,
            "loss": 0.11942840635310858
        },
        {
            "iteration": 95,
            "loss": 0.11942840635310858
        },
        {
            "iteration": 96,
            "loss": 0.11942840635310858
        },
        {
            "iteration": 97,
            "loss": 0.11942840635310858
        },
        {
            "iteration": 98,
            "loss": 0.11942840635310858
        },
        {
            "iteration": 99,
            "loss": 0.11942840635310858
        },
        {
            "iteration": 100,
            "loss": 0.11942840635310858
        },
        {
            "iteration": 101,
            "loss": 0.11865263560321182
        },
        {
            "iteration": 102,
            "loss": 0.11865263560321182
        },
        {
            "iteration": 103,
            "loss": 0.11865263560321182
        },
        {
            "iteration": 104,
            "loss": 0.11865263560321182
        },
        {
            "iteration": 105,
            "loss": 0.11865263560321182
        },
        {
            "iteration": 106,
            "loss": 0.11865263560321182
        },
        {
            "iteration": 107,
            "loss": 0.11249992076773196
        },
        {
            "iteration": 108,
            "loss": 0.11249992076773196
        },
        {
            "iteration": 109,
            "loss": 0.11249992076773196
        },
        {
            "iteration": 110,
            "loss": 0.11249992076773196
        },
        {
            "iteration": 111,
            "loss": 0.11249992076773196
        },
        {
            "iteration": 112,
            "loss": 0.11249992076773196
        },
        {
            "iteration": 113,
            "loss": 0.11249992076773196
        },
        {
            "iteration": 114,
            "loss": 0.11249992076773196
        },
        {
            "iteration": 115,
            "loss": 0.11249992076773196
        },
        {
            "iteration": 116,
            "loss": 0.11249992076773196
        },
        {
            "iteration": 117,
            "loss": 0.10808853444177657
        },
        {
            "iteration": 118,
            "loss": 0.10808853444177657
        },
        {
            "iteration": 119,
            "loss": 0.10808853444177657
        },
        {
            "iteration": 120,
            "loss": 0.10806383239105344
        },
        {
            "iteration": 121,
            "loss": 0.10732442047446966
        },
        {
            "iteration": 122,
            "loss": 0.10732442047446966
        },
        {
            "iteration": 123,
            "loss": 0.10035997536033392
        },
        {
            "iteration": 124,
            "loss": 0.10035997536033392
        },
        {
            "iteration": 125,
            "loss": 0.10035997536033392
        },
        {
            "iteration": 126,
            "loss": 0.10035997536033392
        },
        {
            "iteration": 127,
            "loss": 0.10035997536033392
        },
        {
            "iteration": 128,
            "loss": 0.10035997536033392
        },
        {
            "iteration": 129,
            "loss": 0.10035997536033392
        },
        {
            "iteration": 130,
            "loss": 0.10035997536033392
        },
        {
            "iteration": 131,
            "loss": 0.09332568454556167
        },
        {
            "iteration": 132,
            "loss": 0.09332568454556167
        },
        {
            "iteration": 133,
            "loss": 0.09332568454556167
        },
        {
            "iteration": 134,
            "loss": 0.09332568454556167
        },
        {
            "iteration": 135,
            "loss": 0.09332568454556167
        },
        {
            "iteration": 136,
            "loss": 0.09332568454556167
        },
        {
            "iteration": 137,
            "loss": 0.09332568454556167
        },
        {
            "iteration": 138,
            "loss": 0.09332568454556167
        },
        {
            "iteration": 139,
            "loss": 0.09332568454556167
        },
        {
            "iteration": 140,
            "loss": 0.09332568454556167
        },
        {
            "iteration": 141,
            "loss": 0.09332568454556167
        },
        {
            "iteration": 142,
            "loss": 0.08874036883935332
        },
        {
            "iteration": 143,
            "loss": 0.08874036883935332
        },
        {
            "iteration": 144,
            "loss": 0.08874036883935332
        },
        {
            "iteration": 145,
            "loss": 0.08874036883935332
        },
        {
            "iteration": 146,
            "loss": 0.08874036883935332
        },
        {
            "iteration": 147,
            "loss": 0.08874036883935332
        },
        {
            "iteration": 148,
            "loss": 0.08874036883935332
        },
        {
            "iteration": 149,
            "loss": 0.08588803629390895
        },
        {
            "iteration": 150,
            "loss": 0.08319244859740138
        },
        {
            "iteration": 151,
            "loss": 0.08319244859740138
        },
        {
            "iteration": 152,
            "loss": 0.08319244859740138
        },
        {
            "iteration": 153,
            "loss": 0.08083718968555331
        },
        {
            "iteration": 154,
            "loss": 0.08083718968555331
        },
        {
            "iteration": 155,
            "loss": 0.07936141989193857
        },
        {
            "iteration": 156,
            "loss": 0.07936141989193857
        },
        {
            "iteration": 157,
            "loss": 0.07889791112393141
        },
        {
            "iteration": 158,
            "loss": 0.07889791112393141
        },
        {
            "iteration": 159,
            "loss": 0.07377996505238116
        },
        {
            "iteration": 160,
            "loss": 0.07377996505238116
        },
        {
            "iteration": 161,
            "loss": 0.07377996505238116
        },
        {
            "iteration": 162,
            "loss": 0.07377996505238116
        },
        {
            "iteration": 163,
            "loss": 0.07377996505238116
        },
        {
            "iteration": 164,
            "loss": 0.07377996505238116
        },
        {
            "iteration": 165,
            "loss": 0.07377996505238116
        },
        {
            "iteration": 166,
            "loss": 0.07377996505238116
        },
        {
            "iteration": 167,
            "loss": 0.07377996505238116
        },
        {
            "iteration": 168,
            "loss": 0.06970058218576014
        },
        {
            "iteration": 169,
            "loss": 0.06970058218576014
        },
        {
            "iteration": 170,
            "loss": 0.06970058218576014
        },
        {
            "iteration": 171,
            "loss": 0.06970058218576014
        },
        {
            "iteration": 172,
            "loss": 0.06970058218576014
        },
        {
            "iteration": 173,
            "loss": 0.06970058218576014
        },
        {
            "iteration": 174,
            "loss": 0.062000145902857184
        },
        {
            "iteration": 175,
            "loss": 0.062000145902857184
        },
        {
            "iteration": 176,
            "loss": 0.062000145902857184
        },
        {
            "iteration": 177,
            "loss": 0.062000145902857184
        },
        {
            "iteration": 178,
            "loss": 0.062000145902857184
        },
        {
            "iteration": 179,
            "loss": 0.062000145902857184
        },
        {
            "iteration": 180,
            "loss": 0.06169437919743359
        },
        {
            "iteration": 181,
            "loss": 0.06169437919743359
        },
        {
            "iteration": 182,
            "loss": 0.06039622356183827
        },
        {
            "iteration": 183,
            "loss": 0.06039622356183827
        },
        {
            "iteration": 184,
            "loss": 0.05882813036441803
        },
        {
            "iteration": 185,
            "loss": 0.05856508435681462
        },
        {
            "iteration": 186,
            "loss": 0.05856508435681462
        },
        {
            "iteration": 187,
            "loss": 0.05856508435681462
        },
        {
            "iteration": 188,
            "loss": 0.05856508435681462
        },
        {
            "iteration": 189,
            "loss": 0.05856508435681462
        },
        {
            "iteration": 190,
            "loss": 0.05856508435681462
        },
        {
            "iteration": 191,
            "loss": 0.05856508435681462
        },
        {
            "iteration": 192,
            "loss": 0.05856508435681462
        },
        {
            "iteration": 193,
            "loss": 0.057407103944569826
        },
        {
            "iteration": 194,
            "loss": 0.057407103944569826
        },
        {
            "iteration": 195,
            "loss": 0.057314079022035
        },
        {
            "iteration": 196,
            "loss": 0.057314079022035
        },
        {
            "iteration": 197,
            "loss": 0.057314079022035
        },
        {
            "iteration": 198,
            "loss": 0.057314079022035
        },
        {
            "iteration": 199,
            "loss": 0.0567759454715997
        },
        {
            "iteration": 200,
            "loss": 0.0567759454715997
        },
        {
            "iteration": 201,
            "loss": 0.0567759454715997
        },
        {
            "iteration": 202,
            "loss": 0.0567759454715997
        },
        {
            "iteration": 203,
            "loss": 0.056265537394210696
        },
        {
            "iteration": 204,
            "loss": 0.056265537394210696
        },
        {
            "iteration": 205,
            "loss": 0.05607077945023775
        },
        {
            "iteration": 206,
            "loss": 0.05607077945023775
        },
        {
            "iteration": 207,
            "loss": 0.05607077945023775
        },
        {
            "iteration": 208,
            "loss": 0.05607077945023775
        },
        {
            "iteration": 209,
            "loss": 0.05607077945023775
        },
        {
            "iteration": 210,
            "loss": 0.05564423371106386
        },
        {
            "iteration": 211,
            "loss": 0.05564423371106386
        },
        {
            "iteration": 212,
            "loss": 0.05564423371106386
        },
        {
            "iteration": 213,
            "loss": 0.05564423371106386
        },
        {
            "iteration": 214,
            "loss": 0.05564423371106386
        },
        {
            "iteration": 215,
            "loss": 0.05564423371106386
        },
        {
            "iteration": 216,
            "loss": 0.05564423371106386
        },
        {
            "iteration": 217,
            "loss": 0.05534496461041272
        },
        {
            "iteration": 218,
            "loss": 0.05534496461041272
        },
        {
            "iteration": 219,
            "loss": 0.05534496461041272
        },
        {
            "iteration": 220,
            "loss": 0.05481100454926491
        },
        {
            "iteration": 221,
            "loss": 0.05481100454926491
        },
        {
            "iteration": 222,
            "loss": 0.05478003667667508
        },
        {
            "iteration": 223,
            "loss": 0.05478003667667508
        },
        {
            "iteration": 224,
            "loss": 0.05478003667667508
        },
        {
            "iteration": 225,
            "loss": 0.05478003667667508
        },
        {
            "iteration": 226,
            "loss": 0.05478003667667508
        },
        {
            "iteration": 227,
            "loss": 0.05478003667667508
        },
        {
            "iteration": 228,
            "loss": 0.05411030212417245
        },
        {
            "iteration": 229,
            "loss": 0.05411030212417245
        },
        {
            "iteration": 230,
            "loss": 0.05411030212417245
        },
        {
            "iteration": 231,
            "loss": 0.05411030212417245
        },
        {
            "iteration": 232,
            "loss": 0.05411030212417245
        },
        {
            "iteration": 233,
            "loss": 0.05411030212417245
        },
        {
            "iteration": 234,
            "loss": 0.05411030212417245
        },
        {
            "iteration": 235,
            "loss": 0.05411030212417245
        },
        {
            "iteration": 236,
            "loss": 0.05411030212417245
        },
        {
            "iteration": 237,
            "loss": 0.05411030212417245
        },
        {
            "iteration": 238,
            "loss": 0.05411030212417245
        },
        {
            "iteration": 239,
            "loss": 0.05411030212417245
        },
        {
            "iteration": 240,
            "loss": 0.05348365614190698
        },
        {
            "iteration": 241,
            "loss": 0.05348365614190698
        },
        {
            "iteration": 242,
            "loss": 0.05348365614190698
        },
        {
            "iteration": 243,
            "loss": 0.05348365614190698
        },
        {
            "iteration": 244,
            "loss": 0.05348365614190698
        },
        {
            "iteration": 245,
            "loss": 0.0525966624263674
        },
        {
            "iteration": 246,
            "loss": 0.0525966624263674
        },
        {
            "iteration": 247,
            "loss": 0.0525966624263674
        },
        {
            "iteration": 248,
            "loss": 0.0525966624263674
        },
        {
            "iteration": 249,
            "loss": 0.0525966624263674
        },
        {
            "iteration": 250,
            "loss": 0.0525966624263674
        },
        {
            "iteration": 251,
            "loss": 0.0525966624263674
        },
        {
            "iteration": 252,
            "loss": 0.0525966624263674
        },
        {
            "iteration": 253,
            "loss": 0.0525966624263674
        },
        {
            "iteration": 254,
            "loss": 0.051920673344284296
        },
        {
            "iteration": 255,
            "loss": 0.051920673344284296
        },
        {
            "iteration": 256,
            "loss": 0.05167861096560955
        },
        {
            "iteration": 257,
            "loss": 0.05127691524103284
        },
        {
            "iteration": 258,
            "loss": 0.05127691524103284
        },
        {
            "iteration": 259,
            "loss": 0.05127691524103284
        },
        {
            "iteration": 260,
            "loss": 0.050560991978272796
        },
        {
            "iteration": 261,
            "loss": 0.050215756287798285
        },
        {
            "iteration": 262,
            "loss": 0.050215756287798285
        },
        {
            "iteration": 263,
            "loss": 0.050215756287798285
        },
        {
            "iteration": 264,
            "loss": 0.050215756287798285
        },
        {
            "iteration": 265,
            "loss": 0.050215756287798285
        },
        {
            "iteration": 266,
            "loss": 0.050215756287798285
        },
        {
            "iteration": 267,
            "loss": 0.050215756287798285
        },
        {
            "iteration": 268,
            "loss": 0.05000666971318424
        },
        {
            "iteration": 269,
            "loss": 0.05000666971318424
        },
        {
            "iteration": 270,
            "loss": 0.05000666971318424
        },
        {
            "iteration": 271,
            "loss": 0.04950449732132256
        },
        {
            "iteration": 272,
            "loss": 0.04950449732132256
        },
        {
            "iteration": 273,
            "loss": 0.048963043838739395
        },
        {
            "iteration": 274,
            "loss": 0.048963043838739395
        },
        {
            "iteration": 275,
            "loss": 0.048963043838739395
        },
        {
            "iteration": 276,
            "loss": 0.04854026157408953
        },
        {
            "iteration": 277,
            "loss": 0.04747679736465216
        },
        {
            "iteration": 278,
            "loss": 0.04747679736465216
        },
        {
            "iteration": 279,
            "loss": 0.04747679736465216
        },
        {
            "iteration": 280,
            "loss": 0.04747679736465216
        },
        {
            "iteration": 281,
            "loss": 0.04747679736465216
        },
        {
            "iteration": 282,
            "loss": 0.04575152392499149
        },
        {
            "iteration": 283,
            "loss": 0.04575152392499149
        },
        {
            "iteration": 284,
            "loss": 0.045183057663962245
        },
        {
            "iteration": 285,
            "loss": 0.045183057663962245
        },
        {
            "iteration": 286,
            "loss": 0.0427045791875571
        },
        {
            "iteration": 287,
            "loss": 0.0427045791875571
        },
        {
            "iteration": 288,
            "loss": 0.0427045791875571
        },
        {
            "iteration": 289,
            "loss": 0.0427045791875571
        },
        {
            "iteration": 290,
            "loss": 0.040371781680732965
        },
        {
            "iteration": 291,
            "loss": 0.040371781680732965
        },
        {
            "iteration": 292,
            "loss": 0.040371781680732965
        },
        {
            "iteration": 293,
            "loss": 0.040371781680732965
        },
        {
            "iteration": 294,
            "loss": 0.040371781680732965
        },
        {
            "iteration": 295,
            "loss": 0.040371781680732965
        },
        {
            "iteration": 296,
            "loss": 0.040371781680732965
        },
        {
            "iteration": 297,
            "loss": 0.040371781680732965
        },
        {
            "iteration": 298,
            "loss": 0.040001562563702464
        },
        {
            "iteration": 299,
            "loss": 0.040001562563702464
        },
        {
            "iteration": 300,
            "loss": 0.03838624316267669
        },
        {
            "iteration": 301,
            "loss": 0.035458399914205074
        },
        {
            "iteration": 302,
            "loss": 0.035458399914205074
        },
        {
            "iteration": 303,
            "loss": 0.035458399914205074
        },
        {
            "iteration": 304,
            "loss": 0.035458399914205074
        },
        {
            "iteration": 305,
            "loss": 0.035458399914205074
        },
        {
            "iteration": 306,
            "loss": 0.035458399914205074
        },
        {
            "iteration": 307,
            "loss": 0.035458399914205074
        },
        {
            "iteration": 308,
            "loss": 0.035458399914205074
        },
        {
            "iteration": 309,
            "loss": 0.034564999397844076
        },
        {
            "iteration": 310,
            "loss": 0.034564999397844076
        },
        {
            "iteration": 311,
            "loss": 0.034127832390367985
        },
        {
            "iteration": 312,
            "loss": 0.034127832390367985
        },
        {
            "iteration": 313,
            "loss": 0.034063711296766996
        },
        {
            "iteration": 314,
            "loss": 0.032320328056812286
        },
        {
            "iteration": 315,
            "loss": 0.032320328056812286
        },
        {
            "iteration": 316,
            "loss": 0.032320328056812286
        },
        {
            "iteration": 317,
            "loss": 0.032320328056812286
        },
        {
            "iteration": 318,
            "loss": 0.03226847085170448
        },
        {
            "iteration": 319,
            "loss": 0.03226847085170448
        },
        {
            "iteration": 320,
            "loss": 0.0320376455783844
        },
        {
            "iteration": 321,
            "loss": 0.03164970548823476
        },
        {
            "iteration": 322,
            "loss": 0.03135180287063122
        },
        {
            "iteration": 323,
            "loss": 0.029788609826937318
        },
        {
            "iteration": 324,
            "loss": 0.029788609826937318
        },
        {
            "iteration": 325,
            "loss": 0.029788609826937318
        },
        {
            "iteration": 326,
            "loss": 0.029788609826937318
        },
        {
            "iteration": 327,
            "loss": 0.029788609826937318
        },
        {
            "iteration": 328,
            "loss": 0.029788609826937318
        },
        {
            "iteration": 329,
            "loss": 0.029788609826937318
        },
        {
            "iteration": 330,
            "loss": 0.029788609826937318
        },
        {
            "iteration": 331,
            "loss": 0.029788609826937318
        },
        {
            "iteration": 332,
            "loss": 0.029788609826937318
        },
        {
            "iteration": 333,
            "loss": 0.029319633496925235
        },
        {
            "iteration": 334,
            "loss": 0.02892614551819861
        },
        {
            "iteration": 335,
            "loss": 0.02892614551819861
        },
        {
            "iteration": 336,
            "loss": 0.02892614551819861
        },
        {
            "iteration": 337,
            "loss": 0.028478458989411592
        },
        {
            "iteration": 338,
            "loss": 0.028478458989411592
        },
        {
            "iteration": 339,
            "loss": 0.028478458989411592
        },
        {
            "iteration": 340,
            "loss": 0.028478458989411592
        },
        {
            "iteration": 341,
            "loss": 0.028478458989411592
        },
        {
            "iteration": 342,
            "loss": 0.028478458989411592
        },
        {
            "iteration": 343,
            "loss": 0.028478458989411592
        },
        {
            "iteration": 344,
            "loss": 0.027667856076732278
        },
        {
            "iteration": 345,
            "loss": 0.027667856076732278
        },
        {
            "iteration": 346,
            "loss": 0.026631635148078203
        },
        {
            "iteration": 347,
            "loss": 0.026631635148078203
        },
        {
            "iteration": 348,
            "loss": 0.026631635148078203
        },
        {
            "iteration": 349,
            "loss": 0.026631635148078203
        },
        {
            "iteration": 350,
            "loss": 0.025837544817477465
        },
        {
            "iteration": 351,
            "loss": 0.02450125850737095
        },
        {
            "iteration": 352,
            "loss": 0.02450125850737095
        },
        {
            "iteration": 353,
            "loss": 0.02450125850737095
        },
        {
            "iteration": 354,
            "loss": 0.02450125850737095
        },
        {
            "iteration": 355,
            "loss": 0.022278090473264456
        },
        {
            "iteration": 356,
            "loss": 0.022278090473264456
        },
        {
            "iteration": 357,
            "loss": 0.022278090473264456
        },
        {
            "iteration": 358,
            "loss": 0.022278090473264456
        },
        {
            "iteration": 359,
            "loss": 0.022231512004509568
        },
        {
            "iteration": 360,
            "loss": 0.022231512004509568
        },
        {
            "iteration": 361,
            "loss": 0.0200602849945426
        },
        {
            "iteration": 362,
            "loss": 0.0200602849945426
        },
        {
            "iteration": 363,
            "loss": 0.0200602849945426
        },
        {
            "iteration": 364,
            "loss": 0.0200602849945426
        },
        {
            "iteration": 365,
            "loss": 0.0200602849945426
        },
        {
            "iteration": 366,
            "loss": 0.0200602849945426
        },
        {
            "iteration": 367,
            "loss": 0.019727291772142053
        },
        {
            "iteration": 368,
            "loss": 0.019727291772142053
        },
        {
            "iteration": 369,
            "loss": 0.019727291772142053
        },
        {
            "iteration": 370,
            "loss": 0.019727291772142053
        },
        {
            "iteration": 371,
            "loss": 0.019727291772142053
        },
        {
            "iteration": 372,
            "loss": 0.019727291772142053
        },
        {
            "iteration": 373,
            "loss": 0.01964907138608396
        },
        {
            "iteration": 374,
            "loss": 0.01964907138608396
        },
        {
            "iteration": 375,
            "loss": 0.01928851054981351
        },
        {
            "iteration": 376,
            "loss": 0.018588627688586712
        },
        {
            "iteration": 377,
            "loss": 0.018588627688586712
        },
        {
            "iteration": 378,
            "loss": 0.018588627688586712
        },
        {
            "iteration": 379,
            "loss": 0.018588627688586712
        },
        {
            "iteration": 380,
            "loss": 0.018588627688586712
        },
        {
            "iteration": 381,
            "loss": 0.018588627688586712
        },
        {
            "iteration": 382,
            "loss": 0.018588627688586712
        },
        {
            "iteration": 383,
            "loss": 0.018588627688586712
        },
        {
            "iteration": 384,
            "loss": 0.018588627688586712
        },
        {
            "iteration": 385,
            "loss": 0.0184995427262038
        },
        {
            "iteration": 386,
            "loss": 0.018399341264739633
        },
        {
            "iteration": 387,
            "loss": 0.018399341264739633
        },
        {
            "iteration": 388,
            "loss": 0.018399341264739633
        },
        {
            "iteration": 389,
            "loss": 0.018399341264739633
        },
        {
            "iteration": 390,
            "loss": 0.01799818454310298
        },
        {
            "iteration": 391,
            "loss": 0.01799818454310298
        },
        {
            "iteration": 392,
            "loss": 0.01799818454310298
        },
        {
            "iteration": 393,
            "loss": 0.01799818454310298
        },
        {
            "iteration": 394,
            "loss": 0.01799818454310298
        },
        {
            "iteration": 395,
            "loss": 0.01799818454310298
        },
        {
            "iteration": 396,
            "loss": 0.01786653185263276
        },
        {
            "iteration": 397,
            "loss": 0.01786653185263276
        },
        {
            "iteration": 398,
            "loss": 0.01786653185263276
        },
        {
            "iteration": 399,
            "loss": 0.017549226293340325
        },
        {
            "iteration": 400,
            "loss": 0.017549226293340325
        },
        {
            "iteration": 401,
            "loss": 0.01726581994444132
        },
        {
            "iteration": 402,
            "loss": 0.01726581994444132
        },
        {
            "iteration": 403,
            "loss": 0.01726581994444132
        },
        {
            "iteration": 404,
            "loss": 0.01726581994444132
        },
        {
            "iteration": 405,
            "loss": 0.01719420333392918
        },
        {
            "iteration": 406,
            "loss": 0.01716332696378231
        },
        {
            "iteration": 407,
            "loss": 0.01706205285154283
        },
        {
            "iteration": 408,
            "loss": 0.01706205285154283
        },
        {
            "iteration": 409,
            "loss": 0.01706205285154283
        },
        {
            "iteration": 410,
            "loss": 0.01706205285154283
        },
        {
            "iteration": 411,
            "loss": 0.01706205285154283
        },
        {
            "iteration": 412,
            "loss": 0.01706205285154283
        },
        {
            "iteration": 413,
            "loss": 0.01706205285154283
        },
        {
            "iteration": 414,
            "loss": 0.01706205285154283
        },
        {
            "iteration": 415,
            "loss": 0.01688043470494449
        },
        {
            "iteration": 416,
            "loss": 0.01688043470494449
        },
        {
            "iteration": 417,
            "loss": 0.01688043470494449
        },
        {
            "iteration": 418,
            "loss": 0.01688043470494449
        },
        {
            "iteration": 419,
            "loss": 0.016870501916855574
        },
        {
            "iteration": 420,
            "loss": 0.016870501916855574
        },
        {
            "iteration": 421,
            "loss": 0.016800602665171027
        },
        {
            "iteration": 422,
            "loss": 0.016800602665171027
        }
    ]
}