{
    "success": false,
    "message": "Maximum number of iterations has been exceeded.",
    "final_loss": 10.249398999972444,
    "iterations": 100,
    "initial_dt_grandchildren": [
        0.009749080237694727,
        0.010901428612819834,
        0.010463987883622811,
        0.010197316968394075,
        0.009312037280884875,
        0.009311989040672408,
        0.009116167224336402,
        0.010732352291549872
    ],
    "final_dt_grandchildren": [
        0.0013073842327244577,
        0.035301404656918056,
        0.1360401175270357,
        0.001,
        0.001,
        0.026652418237545657,
        0.07995522430518867,
        0.001
    ],
    "history": [
        {
            "iteration": 0,
            "loss": 15.676604484804269
        },
        {
            "iteration": 1,
            "loss": 15.676604484804269
        },
        {
            "iteration": 2,
            "loss": 15.631346614018007
        },
        {
            "iteration": 3,
            "loss": 15.631346614018007
        },
        {
            "iteration": 4,
            "loss": 15.631346614018007
        },
        {
            "iteration": 5,
            "loss": 15.631346614018007
        },
        {
            "iteration": 6,
            "loss": 15.58346950696205
        },
        {
            "iteration": 7,
            "loss": 15.58346950696205
        },
        {
            "iteration": 8,
            "loss": 15.499300874195825
        },
        {
            "iteration": 9,
            "loss": 15.499300874195825
        },
        {
            "iteration": 10,
            "loss": 15.499300874195825
        },
        {
            "iteration": 11,
            "loss": 15.499300874195825
        },
        {
            "iteration": 12,
            "loss": 15.418556140427649
        },
        {
            "iteration": 13,
            "loss": 15.418556140427649
        },
        {
            "iteration": 14,
            "loss": 15.283771179618872
        },
        {
            "iteration": 15,
            "loss": 15.283771179618872
        },
        {
            "iteration": 16,
            "loss": 15.283771179618872
        },
        {
            "iteration": 17,
            "loss": 15.283771179618872
        },
        {
            "iteration": 18,
            "loss": 15.128449826369547
        },
        {
            "iteration": 19,
            "loss": 15.128449826369547
        },
        {
            "iteration": 20,
            "loss": 14.906478802674158
        },
        {
            "iteration": 21,
            "loss": 14.906478802674158
        },
        {
            "iteration": 22,
            "loss": 14.906478802674158
        },
        {
            "iteration": 23,
            "loss": 14.906478802674158
        },
        {
            "iteration": 24,
            "loss": 14.708952797708754
        },
        {
            "iteration": 25,
            "loss": 14.708952797708754
        },
        {
            "iteration": 26,
            "loss": 14.447474553576662
        },
        {
            "iteration": 27,
            "loss": 14.447474553576662
        },
        {
            "iteration": 28,
            "loss": 14.447474553576662
        },
        {
            "iteration": 29,
            "loss": 14.447474553576662
        },
        {
            "iteration": 30,
            "loss": 14.207431165372153
        },
        {
            "iteration": 31,
            "loss": 14.207431165372153
        },
        {
            "iteration": 32,
            "loss": 13.841193640534865
        },
        {
            "iteration": 33,
            "loss": 13.841193640534865
        },
        {
            "iteration": 34,
            "loss": 13.841193640534865
        },
        {
            "iteration": 35,
            "loss": 13.841193640534865
        },
        {
            "iteration": 36,
            "loss": 13.546954233332084
        },
        {
            "iteration": 37,
            "loss": 13.546954233332084
        },
        {
            "iteration": 38,
            "loss": 13.168301920403731
        },
        {
            "iteration": 39,
            "loss": 13.168301920403731
        },
        {
            "iteration": 40,
            "loss": 13.168301920403731
        },
        {
            "iteration": 41,
            "loss": 12.862307576904389
        },
        {
            "iteration": 42,
            "loss": 12.862307576904389
        },
        {
            "iteration": 43,
            "loss": 12.483872351262802
        },
        {
            "iteration": 44,
            "loss": 12.483872351262802
        },
        {
            "iteration": 45,
            "loss": 12.483872351262802
        },
        {
            "iteration": 46,
            "loss": 12.054293674550774
        },
        {
            "iteration": 47,
            "loss": 12.054293674550774
        },
        {
            "iteration": 48,
            "loss": 12.054293674550774
        },
        {
            "iteration": 49,
            "loss": 11.554280037249574
        },
        {
            "iteration": 50,
            "loss": 11.554280037249574
        },
        {
            "iteration": 51,
            "loss": 11.554280037249574
        },
        {
            "iteration": 52,
            "loss": 11.554280037249574
        },
        {
            "iteration": 53,
            "loss": 11.46959918831115
        },
        {
            "iteration": 54,
            "loss": 11.46959918831115
        },
        {
            "iteration": 55,
            "loss": 11.454973019621402
        },
        {
            "iteration": 56,
            "loss": 11.454973019621402
        },
        {
            "iteration": 57,
            "loss": 11.454973019621402
        },
        {
            "iteration": 58,
            "loss": 11.454973019621402
        },
        {
            "iteration": 59,
            "loss": 11.454973019621402
        },
        {
            "iteration": 60,
            "loss": 11.454973019621402
        },
        {
            "iteration": 61,
            "loss": 11.446103680051671
        },
        {
            "iteration": 62,
            "loss": 11.4207008310329
        },
        {
            "iteration": 63,
            "loss": 11.4207008310329
        },
        {
            "iteration": 64,
            "loss": 11.294712244970542
        },
        {
            "iteration": 65,
            "loss": 11.294712244970542
        },
        {
            "iteration": 66,
            "loss": 11.294712244970542
        },
        {
            "iteration": 67,
            "loss": 11.294712244970542
        },
        {
            "iteration": 68,
            "loss": 11.294712244970542
        },
        {
            "iteration": 69,
            "loss": 11.203503631303182
        },
        {
            "iteration": 70,
            "loss": 11.203503631303182
        },
        {
            "iteration": 71,
            "loss": 11.203503631303182
        },
        {
            "iteration": 72,
            "loss": 11.203503631303182
        },
        {
            "iteration": 73,
            "loss": 11.138120551795724
        },
        {
            "iteration": 74,
            "loss": 11.138120551795724
        },
        {
            "iteration": 75,
            "loss": 11.087353548496626
        },
        {
            "iteration": 76,
            "loss": 10.838668255531019
        },
        {
            "iteration": 77,
            "loss": 10.838668255531019
        },
        {
            "iteration": 78,
            "loss": 10.838668255531019
        },
        {
            "iteration": 79,
            "loss": 10.838668255531019
        },
        {
            "iteration": 80,
            "loss": 10.838668255531019
        },
        {
            "iteration": 81,
            "loss": 10.538431975259257
        },
        {
            "iteration": 82,
            "loss": 10.538431975259257
        },
        {
            "iteration": 83,
            "loss": 10.538431975259257
        },
        {
            "iteration": 84,
            "loss": 10.409721495796418
        },
        {
            "iteration": 85,
            "loss": 10.409721495796418
        },
        {
            "iteration": 86,
            "loss": 10.409721495796418
        },
        {
            "iteration": 87,
            "loss": 10.409721495796418
        },
        {
            "iteration": 88,
            "loss": 10.409721495796418
        },
        {
            "iteration": 89,
            "loss": 10.32776810864698
        },
        {
            "iteration": 90,
            "loss": 10.249398999972444
        },
        {
            "iteration": 91,
            "loss": 10.249398999972444
        },
        {
            "iteration": 92,
            "loss": 10.249398999972444
        },
        {
            "iteration": 93,
            "loss": 10.249398999972444
        },
        {
            "iteration": 94,
            "loss": 10.249398999972444
        },
        {
            "iteration": 95,
            "loss": 10.249398999972444
        },
        {
            "iteration": 96,
            "loss": 10.249398999972444
        },
        {
            "iteration": 97,
            "loss": 10.249398999972444
        },
        {
            "iteration": 98,
            "loss": 10.249398999972444
        }
    ]
}