{
    "success": true,
    "message": "Optimization terminated successfully.",
    "final_loss": 40.983057977645586,
    "iterations": 396,
    "initial_dt_grandchildren": [
        0.009749080237694727,
        0.010901428612819834,
        0.010463987883622811,
        0.010197316968394075,
        0.009312037280884875,
        0.009311989040672408,
        0.009116167224336402,
        0.010732352291549872
    ],
    "final_dt_grandchildren": [
        0.001,
        0.19999847182931507,
        0.10845465494263298,
        0.11402681184036388,
        0.001,
        0.0010065486812048108,
        0.0010379633732663983,
        0.0746967696283107
    ],
    "history": [
        {
            "iteration": 0,
            "loss": 97.62094859110324
        },
        {
            "iteration": 1,
            "loss": 97.62094859110324
        },
        {
            "iteration": 2,
            "loss": 97.3386805417321
        },
        {
            "iteration": 3,
            "loss": 97.3386805417321
        },
        {
            "iteration": 4,
            "loss": 96.83591479931141
        },
        {
            "iteration": 5,
            "loss": 96.83591479931141
        },
        {
            "iteration": 6,
            "loss": 96.83591479931141
        },
        {
            "iteration": 7,
            "loss": 96.83591479931141
        },
        {
            "iteration": 8,
            "loss": 96.0940005512018
        },
        {
            "iteration": 9,
            "loss": 96.0940005512018
        },
        {
            "iteration": 10,
            "loss": 96.0940005512018
        },
        {
            "iteration": 11,
            "loss": 96.0940005512018
        },
        {
            "iteration": 12,
            "loss": 95.23362277392089
        },
        {
            "iteration": 13,
            "loss": 95.23362277392089
        },
        {
            "iteration": 14,
            "loss": 95.23362277392089
        },
        {
            "iteration": 15,
            "loss": 94.14313559169486
        },
        {
            "iteration": 16,
            "loss": 94.14313559169486
        },
        {
            "iteration": 17,
            "loss": 94.14313559169486
        },
        {
            "iteration": 18,
            "loss": 93.01526628738797
        },
        {
            "iteration": 19,
            "loss": 93.01526628738797
        },
        {
            "iteration": 20,
            "loss": 91.23890973112853
        },
        {
            "iteration": 21,
            "loss": 91.23890973112853
        },
        {
            "iteration": 22,
            "loss": 91.23890973112853
        },
        {
            "iteration": 23,
            "loss": 89.07819323158972
        },
        {
            "iteration": 24,
            "loss": 89.07819323158972
        },
        {
            "iteration": 25,
            "loss": 89.07819323158972
        },
        {
            "iteration": 26,
            "loss": 86.71067120400171
        },
        {
            "iteration": 27,
            "loss": 86.71067120400171
        },
        {
            "iteration": 28,
            "loss": 86.71067120400171
        },
        {
            "iteration": 29,
            "loss": 83.84101200393171
        },
        {
            "iteration": 30,
            "loss": 83.84101200393171
        },
        {
            "iteration": 31,
            "loss": 83.84101200393171
        },
        {
            "iteration": 32,
            "loss": 80.11626248763449
        },
        {
            "iteration": 33,
            "loss": 80.11626248763449
        },
        {
            "iteration": 34,
            "loss": 80.11626248763449
        },
        {
            "iteration": 35,
            "loss": 76.03032542873946
        },
        {
            "iteration": 36,
            "loss": 76.03032542873946
        },
        {
            "iteration": 37,
            "loss": 71.72790763300776
        },
        {
            "iteration": 38,
            "loss": 71.72790763300776
        },
        {
            "iteration": 39,
            "loss": 71.72790763300776
        },
        {
            "iteration": 40,
            "loss": 66.26937586698686
        },
        {
            "iteration": 41,
            "loss": 66.26937586698686
        },
        {
            "iteration": 42,
            "loss": 66.26937586698686
        },
        {
            "iteration": 43,
            "loss": 61.036340124149774
        },
        {
            "iteration": 44,
            "loss": 61.036340124149774
        },
        {
            "iteration": 45,
            "loss": 61.036340124149774
        },
        {
            "iteration": 46,
            "loss": 57.73361964402521
        },
        {
            "iteration": 47,
            "loss": 57.73361964402521
        },
        {
            "iteration": 48,
            "loss": 56.15487959421564
        },
        {
            "iteration": 49,
            "loss": 56.15487959421564
        },
        {
            "iteration": 50,
            "loss": 56.15487959421564
        },
        {
            "iteration": 51,
            "loss": 56.15487959421564
        },
        {
            "iteration": 52,
            "loss": 56.15487959421564
        },
        {
            "iteration": 53,
            "loss": 48.418508504605
        },
        {
            "iteration": 54,
            "loss": 48.418508504605
        },
        {
            "iteration": 55,
            "loss": 48.418508504605
        },
        {
            "iteration": 56,
            "loss": 45.37629923681692
        },
        {
            "iteration": 57,
            "loss": 45.37629923681692
        },
        {
            "iteration": 58,
            "loss": 45.37629923681692
        },
        {
            "iteration": 59,
            "loss": 45.37629923681692
        },
        {
            "iteration": 60,
            "loss": 45.080176729789144
        },
        {
            "iteration": 61,
            "loss": 45.05510173719361
        },
        {
            "iteration": 62,
            "loss": 45.05510173719361
        },
        {
            "iteration": 63,
            "loss": 45.05510173719361
        },
        {
            "iteration": 64,
            "loss": 45.05510173719361
        },
        {
            "iteration": 65,
            "loss": 45.05510173719361
        },
        {
            "iteration": 66,
            "loss": 45.05510173719361
        },
        {
            "iteration": 67,
            "loss": 45.05510173719361
        },
        {
            "iteration": 68,
            "loss": 45.05510173719361
        },
        {
            "iteration": 69,
            "loss": 45.01926657572942
        },
        {
            "iteration": 70,
            "loss": 45.01926657572942
        },
        {
            "iteration": 71,
            "loss": 45.01926657572942
        },
        {
            "iteration": 72,
            "loss": 44.37482283456845
        },
        {
            "iteration": 73,
            "loss": 44.37482283456845
        },
        {
            "iteration": 74,
            "loss": 44.37482283456845
        },
        {
            "iteration": 75,
            "loss": 44.37482283456845
        },
        {
            "iteration": 76,
            "loss": 44.37482283456845
        },
        {
            "iteration": 77,
            "loss": 44.37482283456845
        },
        {
            "iteration": 78,
            "loss": 44.37482283456845
        },
        {
            "iteration": 79,
            "loss": 44.37482283456845
        },
        {
            "iteration": 80,
            "loss": 43.92989503165188
        },
        {
            "iteration": 81,
            "loss": 43.92989503165188
        },
        {
            "iteration": 82,
            "loss": 43.92989503165188
        },
        {
            "iteration": 83,
            "loss": 43.92989503165188
        },
        {
            "iteration": 84,
            "loss": 43.49848412503706
        },
        {
            "iteration": 85,
            "loss": 43.49848412503706
        },
        {
            "iteration": 86,
            "loss": 43.49848412503706
        },
        {
            "iteration": 87,
            "loss": 43.49848412503706
        },
        {
            "iteration": 88,
            "loss": 43.088154487952195
        },
        {
            "iteration": 89,
            "loss": 43.088154487952195
        },
        {
            "iteration": 90,
            "loss": 43.088154487952195
        },
        {
            "iteration": 91,
            "loss": 43.088154487952195
        },
        {
            "iteration": 92,
            "loss": 42.88634795545318
        },
        {
            "iteration": 93,
            "loss": 42.58990853698541
        },
        {
            "iteration": 94,
            "loss": 42.58990853698541
        },
        {
            "iteration": 95,
            "loss": 42.58990853698541
        },
        {
            "iteration": 96,
            "loss": 42.58990853698541
        },
        {
            "iteration": 97,
            "loss": 42.58990853698541
        },
        {
            "iteration": 98,
            "loss": 42.45284163347896
        },
        {
            "iteration": 99,
            "loss": 42.45284163347896
        },
        {
            "iteration": 100,
            "loss": 42.45284163347896
        },
        {
            "iteration": 101,
            "loss": 42.321894023319786
        },
        {
            "iteration": 102,
            "loss": 42.23550695725785
        },
        {
            "iteration": 103,
            "loss": 42.23550695725785
        },
        {
            "iteration": 104,
            "loss": 42.23550695725785
        },
        {
            "iteration": 105,
            "loss": 42.23550695725785
        },
        {
            "iteration": 106,
            "loss": 42.23550695725785
        },
        {
            "iteration": 107,
            "loss": 42.23550695725785
        },
        {
            "iteration": 108,
            "loss": 42.218618041332185
        },
        {
            "iteration": 109,
            "loss": 42.218618041332185
        },
        {
            "iteration": 110,
            "loss": 42.218618041332185
        },
        {
            "iteration": 111,
            "loss": 42.218618041332185
        },
        {
            "iteration": 112,
            "loss": 42.129234120912585
        },
        {
            "iteration": 113,
            "loss": 42.129234120912585
        },
        {
            "iteration": 114,
            "loss": 42.129234120912585
        },
        {
            "iteration": 115,
            "loss": 42.129234120912585
        },
        {
            "iteration": 116,
            "loss": 42.129234120912585
        },
        {
            "iteration": 117,
            "loss": 42.129234120912585
        },
        {
            "iteration": 118,
            "loss": 42.129234120912585
        },
        {
            "iteration": 119,
            "loss": 42.129234120912585
        },
        {
            "iteration": 120,
            "loss": 42.00204806362962
        },
        {
            "iteration": 121,
            "loss": 42.00204806362962
        },
        {
            "iteration": 122,
            "loss": 42.00204806362962
        },
        {
            "iteration": 123,
            "loss": 42.00204806362962
        },
        {
            "iteration": 124,
            "loss": 42.00204806362962
        },
        {
            "iteration": 125,
            "loss": 41.85265833269273
        },
        {
            "iteration": 126,
            "loss": 41.85265833269273
        },
        {
            "iteration": 127,
            "loss": 41.85265833269273
        },
        {
            "iteration": 128,
            "loss": 41.85265833269273
        },
        {
            "iteration": 129,
            "loss": 41.85265833269273
        },
        {
            "iteration": 130,
            "loss": 41.726367963761696
        },
        {
            "iteration": 131,
            "loss": 41.726367963761696
        },
        {
            "iteration": 132,
            "loss": 41.726367963761696
        },
        {
            "iteration": 133,
            "loss": 41.590133712665036
        },
        {
            "iteration": 134,
            "loss": 41.590133712665036
        },
        {
            "iteration": 135,
            "loss": 41.590133712665036
        },
        {
            "iteration": 136,
            "loss": 41.34287602132019
        },
        {
            "iteration": 137,
            "loss": 41.34287602132019
        },
        {
            "iteration": 138,
            "loss": 41.34287602132019
        },
        {
            "iteration": 139,
            "loss": 41.34287602132019
        },
        {
            "iteration": 140,
            "loss": 41.34287602132019
        },
        {
            "iteration": 141,
            "loss": 41.31027588753147
        },
        {
            "iteration": 142,
            "loss": 41.31027588753147
        },
        {
            "iteration": 143,
            "loss": 41.290901462111414
        },
        {
            "iteration": 144,
            "loss": 41.290901462111414
        },
        {
            "iteration": 145,
            "loss": 41.290901462111414
        },
        {
            "iteration": 146,
            "loss": 41.290901462111414
        },
        {
            "iteration": 147,
            "loss": 41.290901462111414
        },
        {
            "iteration": 148,
            "loss": 41.290901462111414
        },
        {
            "iteration": 149,
            "loss": 41.290901462111414
        },
        {
            "iteration": 150,
            "loss": 41.27082511010165
        },
        {
            "iteration": 151,
            "loss": 41.27082511010165
        },
        {
            "iteration": 152,
            "loss": 41.27082511010165
        },
        {
            "iteration": 153,
            "loss": 41.27082511010165
        },
        {
            "iteration": 154,
            "loss": 41.27082511010165
        },
        {
            "iteration": 155,
            "loss": 41.27082511010165
        },
        {
            "iteration": 156,
            "loss": 41.27082511010165
        },
        {
            "iteration": 157,
            "loss": 41.27082511010165
        },
        {
            "iteration": 158,
            "loss": 41.25919552638377
        },
        {
            "iteration": 159,
            "loss": 41.25919552638377
        },
        {
            "iteration": 160,
            "loss": 41.24969734915121
        },
        {
            "iteration": 161,
            "loss": 41.24300390653131
        },
        {
            "iteration": 162,
            "loss": 41.24300390653131
        },
        {
            "iteration": 163,
            "loss": 41.24300390653131
        },
        {
            "iteration": 164,
            "loss": 41.24300390653131
        },
        {
            "iteration": 165,
            "loss": 41.24300390653131
        },
        {
            "iteration": 166,
            "loss": 41.24300390653131
        },
        {
            "iteration": 167,
            "loss": 41.22021416445798
        },
        {
            "iteration": 168,
            "loss": 41.22021416445798
        },
        {
            "iteration": 169,
            "loss": 41.22021416445798
        },
        {
            "iteration": 170,
            "loss": 41.22021416445798
        },
        {
            "iteration": 171,
            "loss": 41.22021416445798
        },
        {
            "iteration": 172,
            "loss": 41.22021416445798
        },
        {
            "iteration": 173,
            "loss": 41.218399222568664
        },
        {
            "iteration": 174,
            "loss": 41.204347633743254
        },
        {
            "iteration": 175,
            "loss": 41.188366147781906
        },
        {
            "iteration": 176,
            "loss": 41.188366147781906
        },
        {
            "iteration": 177,
            "loss": 41.188366147781906
        },
        {
            "iteration": 178,
            "loss": 41.18161828922535
        },
        {
            "iteration": 179,
            "loss": 41.18161828922535
        },
        {
            "iteration": 180,
            "loss": 41.18161828922535
        },
        {
            "iteration": 181,
            "loss": 41.17591275129398
        },
        {
            "iteration": 182,
            "loss": 41.16876860551864
        },
        {
            "iteration": 183,
            "loss": 41.16876860551864
        },
        {
            "iteration": 184,
            "loss": 41.14199148191811
        },
        {
            "iteration": 185,
            "loss": 41.14199148191811
        },
        {
            "iteration": 186,
            "loss": 41.14199148191811
        },
        {
            "iteration": 187,
            "loss": 41.14199148191811
        },
        {
            "iteration": 188,
            "loss": 41.14199148191811
        },
        {
            "iteration": 189,
            "loss": 41.14199148191811
        },
        {
            "iteration": 190,
            "loss": 41.14199148191811
        },
        {
            "iteration": 191,
            "loss": 41.14199148191811
        },
        {
            "iteration": 192,
            "loss": 41.1410069236401
        },
        {
            "iteration": 193,
            "loss": 41.1410069236401
        },
        {
            "iteration": 194,
            "loss": 41.13210943646151
        },
        {
            "iteration": 195,
            "loss": 41.13210943646151
        },
        {
            "iteration": 196,
            "loss": 41.13210943646151
        },
        {
            "iteration": 197,
            "loss": 41.128634601618494
        },
        {
            "iteration": 198,
            "loss": 41.128634601618494
        },
        {
            "iteration": 199,
            "loss": 41.128634601618494
        },
        {
            "iteration": 200,
            "loss": 41.128634601618494
        },
        {
            "iteration": 201,
            "loss": 41.128634601618494
        },
        {
            "iteration": 202,
            "loss": 41.128634601618494
        },
        {
            "iteration": 203,
            "loss": 41.128634601618494
        },
        {
            "iteration": 204,
            "loss": 41.12235488978052
        },
        {
            "iteration": 205,
            "loss": 41.12235488978052
        },
        {
            "iteration": 206,
            "loss": 41.12235488978052
        },
        {
            "iteration": 207,
            "loss": 41.12235488978052
        },
        {
            "iteration": 208,
            "loss": 41.12235488978052
        },
        {
            "iteration": 209,
            "loss": 41.12235488978052
        },
        {
            "iteration": 210,
            "loss": 41.11591669685611
        },
        {
            "iteration": 211,
            "loss": 41.11591669685611
        },
        {
            "iteration": 212,
            "loss": 41.11591669685611
        },
        {
            "iteration": 213,
            "loss": 41.11591669685611
        },
        {
            "iteration": 214,
            "loss": 41.11552983654212
        },
        {
            "iteration": 215,
            "loss": 41.110393939553
        },
        {
            "iteration": 216,
            "loss": 41.10662954619426
        },
        {
            "iteration": 217,
            "loss": 41.10662954619426
        },
        {
            "iteration": 218,
            "loss": 41.10662954619426
        },
        {
            "iteration": 219,
            "loss": 41.10662954619426
        },
        {
            "iteration": 220,
            "loss": 41.106453207003774
        },
        {
            "iteration": 221,
            "loss": 41.106453207003774
        },
        {
            "iteration": 222,
            "loss": 41.09765839600624
        },
        {
            "iteration": 223,
            "loss": 41.085465811729854
        },
        {
            "iteration": 224,
            "loss": 41.085465811729854
        },
        {
            "iteration": 225,
            "loss": 41.085465811729854
        },
        {
            "iteration": 226,
            "loss": 41.085465811729854
        },
        {
            "iteration": 227,
            "loss": 41.07907788338553
        },
        {
            "iteration": 228,
            "loss": 41.07907788338553
        },
        {
            "iteration": 229,
            "loss": 41.078131595485324
        },
        {
            "iteration": 230,
            "loss": 41.078131595485324
        },
        {
            "iteration": 231,
            "loss": 41.073220704783544
        },
        {
            "iteration": 232,
            "loss": 41.073220704783544
        },
        {
            "iteration": 233,
            "loss": 41.03948887274085
        },
        {
            "iteration": 234,
            "loss": 41.03948887274085
        },
        {
            "iteration": 235,
            "loss": 41.03948887274085
        },
        {
            "iteration": 236,
            "loss": 41.03948887274085
        },
        {
            "iteration": 237,
            "loss": 41.03948887274085
        },
        {
            "iteration": 238,
            "loss": 41.03948887274085
        },
        {
            "iteration": 239,
            "loss": 41.0217981279606
        },
        {
            "iteration": 240,
            "loss": 41.0217981279606
        },
        {
            "iteration": 241,
            "loss": 41.0217981279606
        },
        {
            "iteration": 242,
            "loss": 41.0217981279606
        },
        {
            "iteration": 243,
            "loss": 41.0217981279606
        },
        {
            "iteration": 244,
            "loss": 41.0217981279606
        },
        {
            "iteration": 245,
            "loss": 41.0217981279606
        },
        {
            "iteration": 246,
            "loss": 41.0217981279606
        },
        {
            "iteration": 247,
            "loss": 41.00406561681705
        },
        {
            "iteration": 248,
            "loss": 41.00406561681705
        },
        {
            "iteration": 249,
            "loss": 41.00406561681705
        },
        {
            "iteration": 250,
            "loss": 41.00406561681705
        },
        {
            "iteration": 251,
            "loss": 41.00406561681705
        },
        {
            "iteration": 252,
            "loss": 40.99543383844521
        },
        {
            "iteration": 253,
            "loss": 40.99543383844521
        },
        {
            "iteration": 254,
            "loss": 40.99543383844521
        },
        {
            "iteration": 255,
            "loss": 40.99543383844521
        },
        {
            "iteration": 256,
            "loss": 40.99543383844521
        },
        {
            "iteration": 257,
            "loss": 40.99543383844521
        },
        {
            "iteration": 258,
            "loss": 40.99543383844521
        },
        {
            "iteration": 259,
            "loss": 40.995285756333544
        },
        {
            "iteration": 260,
            "loss": 40.995285756333544
        },
        {
            "iteration": 261,
            "loss": 40.995285756333544
        },
        {
            "iteration": 262,
            "loss": 40.99516515430447
        },
        {
            "iteration": 263,
            "loss": 40.99516515430447
        },
        {
            "iteration": 264,
            "loss": 40.99516515430447
        },
        {
            "iteration": 265,
            "loss": 40.99516515430447
        },
        {
            "iteration": 266,
            "loss": 40.994262008670304
        },
        {
            "iteration": 267,
            "loss": 40.994262008670304
        },
        {
            "iteration": 268,
            "loss": 40.994262008670304
        },
        {
            "iteration": 269,
            "loss": 40.994262008670304
        },
        {
            "iteration": 270,
            "loss": 40.99380447221582
        },
        {
            "iteration": 271,
            "loss": 40.99377012921709
        },
        {
            "iteration": 272,
            "loss": 40.99377012921709
        },
        {
            "iteration": 273,
            "loss": 40.993638358129274
        },
        {
            "iteration": 274,
            "loss": 40.99350317741061
        },
        {
            "iteration": 275,
            "loss": 40.990955053913666
        },
        {
            "iteration": 276,
            "loss": 40.990955053913666
        },
        {
            "iteration": 277,
            "loss": 40.990955053913666
        },
        {
            "iteration": 278,
            "loss": 40.990955053913666
        },
        {
            "iteration": 279,
            "loss": 40.990955053913666
        },
        {
            "iteration": 280,
            "loss": 40.990955053913666
        },
        {
            "iteration": 281,
            "loss": 40.990955053913666
        },
        {
            "iteration": 282,
            "loss": 40.9898485286039
        },
        {
            "iteration": 283,
            "loss": 40.9898485286039
        },
        {
            "iteration": 284,
            "loss": 40.9898485286039
        },
        {
            "iteration": 285,
            "loss": 40.9898485286039
        },
        {
            "iteration": 286,
            "loss": 40.9898485286039
        },
        {
            "iteration": 287,
            "loss": 40.9898485286039
        },
        {
            "iteration": 288,
            "loss": 40.9898485286039
        },
        {
            "iteration": 289,
            "loss": 40.9898485286039
        },
        {
            "iteration": 290,
            "loss": 40.9898485286039
        },
        {
            "iteration": 291,
            "loss": 40.9898485286039
        },
        {
            "iteration": 292,
            "loss": 40.9898485286039
        },
        {
            "iteration": 293,
            "loss": 40.9898485286039
        },
        {
            "iteration": 294,
            "loss": 40.9898485286039
        },
        {
            "iteration": 295,
            "loss": 40.989486422431135
        },
        {
            "iteration": 296,
            "loss": 40.989486422431135
        },
        {
            "iteration": 297,
            "loss": 40.989486422431135
        },
        {
            "iteration": 298,
            "loss": 40.989486422431135
        },
        {
            "iteration": 299,
            "loss": 40.989486422431135
        },
        {
            "iteration": 300,
            "loss": 40.989486422431135
        },
        {
            "iteration": 301,
            "loss": 40.989486422431135
        },
        {
            "iteration": 302,
            "loss": 40.989316440574
        },
        {
            "iteration": 303,
            "loss": 40.989316440574
        },
        {
            "iteration": 304,
            "loss": 40.98891679914548
        },
        {
            "iteration": 305,
            "loss": 40.98891679914548
        },
        {
            "iteration": 306,
            "loss": 40.98891679914548
        },
        {
            "iteration": 307,
            "loss": 40.98891679914548
        },
        {
            "iteration": 308,
            "loss": 40.9888583693735
        },
        {
            "iteration": 309,
            "loss": 40.9888583693735
        },
        {
            "iteration": 310,
            "loss": 40.98854096689409
        },
        {
            "iteration": 311,
            "loss": 40.98854096689409
        },
        {
            "iteration": 312,
            "loss": 40.98772698577874
        },
        {
            "iteration": 313,
            "loss": 40.98772698577874
        },
        {
            "iteration": 314,
            "loss": 40.98772261468172
        },
        {
            "iteration": 315,
            "loss": 40.98772261468172
        },
        {
            "iteration": 316,
            "loss": 40.98772261468172
        },
        {
            "iteration": 317,
            "loss": 40.98772261468172
        },
        {
            "iteration": 318,
            "loss": 40.98772261468172
        },
        {
            "iteration": 319,
            "loss": 40.987103276456686
        },
        {
            "iteration": 320,
            "loss": 40.987103276456686
        },
        {
            "iteration": 321,
            "loss": 40.986911431499145
        },
        {
            "iteration": 322,
            "loss": 40.986911431499145
        },
        {
            "iteration": 323,
            "loss": 40.986911431499145
        },
        {
            "iteration": 324,
            "loss": 40.986911431499145
        },
        {
            "iteration": 325,
            "loss": 40.986911431499145
        },
        {
            "iteration": 326,
            "loss": 40.986911431499145
        },
        {
            "iteration": 327,
            "loss": 40.98651455746267
        },
        {
            "iteration": 328,
            "loss": 40.98614590535175
        },
        {
            "iteration": 329,
            "loss": 40.98614590535175
        },
        {
            "iteration": 330,
            "loss": 40.98614590535175
        },
        {
            "iteration": 331,
            "loss": 40.98614590535175
        },
        {
            "iteration": 332,
            "loss": 40.98614590535175
        },
        {
            "iteration": 333,
            "loss": 40.98614590535175
        },
        {
            "iteration": 334,
            "loss": 40.98612283414148
        },
        {
            "iteration": 335,
            "loss": 40.98596985044311
        },
        {
            "iteration": 336,
            "loss": 40.98596985044311
        },
        {
            "iteration": 337,
            "loss": 40.9851172134329
        },
        {
            "iteration": 338,
            "loss": 40.9851172134329
        },
        {
            "iteration": 339,
            "loss": 40.9851172134329
        },
        {
            "iteration": 340,
            "loss": 40.9851172134329
        },
        {
            "iteration": 341,
            "loss": 40.9851172134329
        },
        {
            "iteration": 342,
            "loss": 40.985006109148514
        },
        {
            "iteration": 343,
            "loss": 40.985006109148514
        },
        {
            "iteration": 344,
            "loss": 40.985006109148514
        },
        {
            "iteration": 345,
            "loss": 40.985006109148514
        },
        {
            "iteration": 346,
            "loss": 40.985006109148514
        },
        {
            "iteration": 347,
            "loss": 40.985006109148514
        },
        {
            "iteration": 348,
            "loss": 40.98426091286559
        },
        {
            "iteration": 349,
            "loss": 40.98400418999817
        },
        {
            "iteration": 350,
            "loss": 40.98400418999817
        },
        {
            "iteration": 351,
            "loss": 40.98400418999817
        },
        {
            "iteration": 352,
            "loss": 40.98400418999817
        },
        {
            "iteration": 353,
            "loss": 40.98400418999817
        },
        {
            "iteration": 354,
            "loss": 40.983744658071316
        },
        {
            "iteration": 355,
            "loss": 40.983744658071316
        },
        {
            "iteration": 356,
            "loss": 40.983744658071316
        },
        {
            "iteration": 357,
            "loss": 40.98367486422087
        },
        {
            "iteration": 358,
            "loss": 40.98367486422087
        },
        {
            "iteration": 359,
            "loss": 40.98367486422087
        },
        {
            "iteration": 360,
            "loss": 40.98367486422087
        },
        {
            "iteration": 361,
            "loss": 40.98367486422087
        },
        {
            "iteration": 362,
            "loss": 40.98367486422087
        },
        {
            "iteration": 363,
            "loss": 40.983487783675365
        },
        {
            "iteration": 364,
            "loss": 40.983487783675365
        },
        {
            "iteration": 365,
            "loss": 40.983487783675365
        },
        {
            "iteration": 366,
            "loss": 40.983487783675365
        },
        {
            "iteration": 367,
            "loss": 40.983487783675365
        },
        {
            "iteration": 368,
            "loss": 40.983487783675365
        },
        {
            "iteration": 369,
            "loss": 40.983254756194576
        },
        {
            "iteration": 370,
            "loss": 40.983254756194576
        },
        {
            "iteration": 371,
            "loss": 40.983254756194576
        },
        {
            "iteration": 372,
            "loss": 40.983254756194576
        },
        {
            "iteration": 373,
            "loss": 40.983254756194576
        },
        {
            "iteration": 374,
            "loss": 40.983254756194576
        },
        {
            "iteration": 375,
            "loss": 40.98317254257992
        },
        {
            "iteration": 376,
            "loss": 40.98317254257992
        },
        {
            "iteration": 377,
            "loss": 40.98317254257992
        },
        {
            "iteration": 378,
            "loss": 40.98317254257992
        },
        {
            "iteration": 379,
            "loss": 40.98317254257992
        },
        {
            "iteration": 380,
            "loss": 40.98317254257992
        },
        {
            "iteration": 381,
            "loss": 40.98317254257992
        },
        {
            "iteration": 382,
            "loss": 40.98309250536417
        },
        {
            "iteration": 383,
            "loss": 40.98309250536417
        },
        {
            "iteration": 384,
            "loss": 40.98309250536417
        },
        {
            "iteration": 385,
            "loss": 40.98309250536417
        },
        {
            "iteration": 386,
            "loss": 40.98309250536417
        },
        {
            "iteration": 387,
            "loss": 40.98309250536417
        },
        {
            "iteration": 388,
            "loss": 40.98309250536417
        },
        {
            "iteration": 389,
            "loss": 40.98309250536417
        },
        {
            "iteration": 390,
            "loss": 40.98309250536417
        },
        {
            "iteration": 391,
            "loss": 40.98309250536417
        },
        {
            "iteration": 392,
            "loss": 40.98309250536417
        },
        {
            "iteration": 393,
            "loss": 40.983057977645586
        },
        {
            "iteration": 394,
            "loss": 40.983057977645586
        },
        {
            "iteration": 395,
            "loss": 40.983057977645586
        }
    ]
}